dataset,fault,budget,seed,cases,top1,top3,top5,avg5,total_reduction,post_injection_reduction
RE2-OB,cpu,0.05,2026,15,0.2,0.7333333333333333,0.9333333333333333,0.68,0.44306682301159006,0.9499860703974149
RE2-OB,cpu,0.05,2027,15,0.13333333333333333,0.7333333333333333,1.0,0.68,0.44306682301159006,0.9499860703974149
RE2-OB,cpu,0.05,2028,15,0.13333333333333333,0.8,1.0,0.6933333333333334,0.44306682301159006,0.9499860703974149
RE2-OB,cpu,0.05,2029,15,0.06666666666666667,0.6666666666666666,0.9333333333333333,0.6266666666666667,0.44306682301159006,0.9499860703974149
RE2-OB,cpu,0.05,2030,15,0.2,0.8,1.0,0.7200000000000001,0.44306682301159006,0.9499860703974149
RE2-OB,cpu,0.05,2031,15,0.13333333333333333,0.8,1.0,0.7200000000000001,0.44306682301159006,0.9499860703974149
RE2-OB,cpu,0.05,2032,15,0.2,0.8,1.0,0.7200000000000001,0.44306682301159006,0.9499860703974149
RE2-OB,cpu,0.05,2033,15,0.13333333333333333,0.8,1.0,0.7200000000000001,0.44306682301159006,0.9499860703974149
RE2-OB,cpu,0.05,2034,15,0.06666666666666667,0.7333333333333333,1.0,0.6666666666666666,0.44306682301159006,0.9499860703974149
RE2-OB,cpu,0.05,2035,15,0.13333333333333333,0.8,1.0,0.7200000000000001,0.44306682301159006,0.9499860703974149
RE2-OB,cpu,0.1,2026,15,0.13333333333333333,0.8,1.0,0.6933333333333334,0.41974464684208646,0.899966773818713
RE2-OB,cpu,0.1,2027,15,0.13333333333333333,0.7333333333333333,0.9333333333333333,0.6666666666666666,0.41974464684208646,0.899966773818713
RE2-OB,cpu,0.1,2028,15,0.06666666666666667,0.8,1.0,0.6933333333333334,0.41974464684208646,0.899966773818713
RE2-OB,cpu,0.1,2029,15,0.06666666666666667,0.7333333333333333,1.0,0.6533333333333334,0.41974464684208646,0.899966773818713
RE2-OB,cpu,0.1,2030,15,0.13333333333333333,0.8,1.0,0.7200000000000001,0.41974464684208646,0.899966773818713
RE2-OB,cpu,0.1,2031,15,0.13333333333333333,0.7333333333333333,1.0,0.6933333333333334,0.41974464684208646,0.899966773818713
RE2-OB,cpu,0.1,2032,15,0.06666666666666667,0.8,1.0,0.6933333333333334,0.41974464684208646,0.899966773818713
RE2-OB,cpu,0.1,2033,15,0.2,0.8,1.0,0.7200000000000001,0.41974464684208646,0.899966773818713
RE2-OB,cpu,0.1,2034,15,0.06666666666666667,0.8,1.0,0.68,0.41974464684208646,0.899966773818713
RE2-OB,cpu,0.1,2035,15,0.2,0.8,1.0,0.7200000000000001,0.41974464684208646,0.899966773818713
RE2-OB,cpu,0.15,2026,15,0.2,0.8,1.0,0.7200000000000001,0.3964251774754103,0.8499529573684252
RE2-OB,cpu,0.15,2027,15,0.13333333333333333,0.8,1.0,0.7066666666666667,0.3964251774754103,0.8499529573684252
RE2-OB,cpu,0.15,2028,15,0.06666666666666667,0.8,1.0,0.6933333333333334,0.3964251774754103,0.8499529573684252
RE2-OB,cpu,0.15,2029,15,0.13333333333333333,0.8,1.0,0.7066666666666667,0.3964251774754103,0.8499529573684252
RE2-OB,cpu,0.15,2030,15,0.13333333333333333,0.8,1.0,0.7066666666666667,0.3964251774754103,0.8499529573684252
RE2-OB,cpu,0.15,2031,15,0.06666666666666667,0.8,1.0,0.6933333333333334,0.3964251774754103,0.8499529573684252
RE2-OB,cpu,0.15,2032,15,0.13333333333333333,0.8,1.0,0.7066666666666667,0.3964251774754103,0.8499529573684252
RE2-OB,cpu,0.15,2033,15,0.2,0.8,1.0,0.7200000000000001,0.3964251774754103,0.8499529573684252
RE2-OB,cpu,0.15,2034,15,0.06666666666666667,0.8,1.0,0.68,0.3964251774754103,0.8499529573684252
RE2-OB,cpu,0.15,2035,15,0.06666666666666667,0.7333333333333333,1.0,0.6533333333333334,0.3964251774754103,0.8499529573684252
RE2-OB,cpu,0.2,2026,15,0.13333333333333333,0.8,1.0,0.7066666666666667,0.37311115341700035,0.800040529186011
RE2-OB,cpu,0.2,2027,15,0.06666666666666667,0.8,1.0,0.68,0.37311115341700035,0.800040529186011
RE2-OB,cpu,0.2,2028,15,0.06666666666666667,0.8,1.0,0.68,0.37311115341700035,0.800040529186011
RE2-OB,cpu,0.2,2029,15,0.06666666666666667,0.8,1.0,0.6933333333333334,0.37311115341700035,0.800040529186011
RE2-OB,cpu,0.2,2030,15,0.06666666666666667,0.8,1.0,0.6933333333333334,0.37311115341700035,0.800040529186011
RE2-OB,cpu,0.2,2031,15,0.13333333333333333,0.8,1.0,0.7066666666666667,0.37311115341700035,0.800040529186011
RE2-OB,cpu,0.2,2032,15,0.13333333333333333,0.8,1.0,0.7066666666666667,0.37311115341700035,0.800040529186011
RE2-OB,cpu,0.2,2033,15,0.13333333333333333,0.8,1.0,0.7066666666666667,0.37311115341700035,0.800040529186011
RE2-OB,cpu,0.2,2034,15,0.06666666666666667,0.8,1.0,0.6933333333333334,0.37311115341700035,0.800040529186011
RE2-OB,cpu,0.2,2035,15,0.06666666666666667,0.8,1.0,0.68,0.37311115341700035,0.800040529186011
RE2-OB,cpu,0.25,2026,15,0.13333333333333333,0.8,1.0,0.7066666666666667,0.34978905517851455,0.7500213178002959
RE2-OB,cpu,0.25,2027,15,0.2,0.8,1.0,0.7200000000000001,0.34978905517851455,0.7500213178002959
RE2-OB,cpu,0.25,2028,15,0.06666666666666667,0.8,1.0,0.6933333333333334,0.34978905517851455,0.7500213178002959
RE2-OB,cpu,0.25,2029,15,0.13333333333333333,0.8,1.0,0.7066666666666667,0.34978905517851455,0.7500213178002959
RE2-OB,cpu,0.25,2030,15,0.13333333333333333,0.8,1.0,0.7066666666666667,0.34978905517851455,0.7500213178002959
RE2-OB,cpu,0.25,2031,15,0.06666666666666667,0.8,1.0,0.6933333333333334,0.34978905517851455,0.7500213178002959
RE2-OB,cpu,0.25,2032,15,0.06666666666666667,0.8,1.0,0.6933333333333334,0.34978905517851455,0.7500213178002959
RE2-OB,cpu,0.25,2033,15,0.06666666666666667,0.8,1.0,0.68,0.34978905517851455,0.7500213178002959
RE2-OB,cpu,0.25,2034,15,0.2,0.8,1.0,0.7066666666666667,0.34978905517851455,0.7500213178002959
RE2-OB,cpu,0.25,2035,15,0.06666666666666667,0.8,1.0,0.68,0.34978905517851455,0.7500213178002959
RE2-OB,cpu,0.35,2026,15,0.06666666666666667,0.8,1.0,0.6933333333333334,0.30314740964233483,0.6499882047713063
RE2-OB,cpu,0.35,2027,15,0.06666666666666667,0.8,1.0,0.6933333333333334,0.30314740964233483,0.6499882047713063
RE2-OB,cpu,0.35,2028,15,0.06666666666666667,0.8,1.0,0.6933333333333334,0.30314740964233483,0.6499882047713063
RE2-OB,cpu,0.35,2029,15,0.06666666666666667,0.8,1.0,0.6933333333333334,0.30314740964233483,0.6499882047713063
RE2-OB,cpu,0.35,2030,15,0.13333333333333333,0.8,1.0,0.7066666666666667,0.30314740964233483,0.6499882047713063
RE2-OB,cpu,0.35,2031,15,0.13333333333333333,0.8,1.0,0.7066666666666667,0.30314740964233483,0.6499882047713063
RE2-OB,cpu,0.35,2032,15,0.06666666666666667,0.8,1.0,0.6933333333333334,0.30314740964233483,0.6499882047713063
RE2-OB,cpu,0.35,2033,15,0.13333333333333333,0.8,1.0,0.7066666666666667,0.30314740964233483,0.6499882047713063
RE2-OB,cpu,0.35,2034,15,0.13333333333333333,0.8,1.0,0.7066666666666667,0.30314740964233483,0.6499882047713063
RE2-OB,cpu,0.35,2035,15,0.13333333333333333,0.8,1.0,0.6933333333333334,0.30314740964233483,0.6499882047713063
RE2-OB,cpu,0.5,2026,15,0.06666666666666667,0.8,1.0,0.6933333333333334,0.23318901707547815,0.5000369194928596
RE2-OB,cpu,0.5,2027,15,0.06666666666666667,0.8,1.0,0.6933333333333334,0.23318901707547815,0.5000369194928596
RE2-OB,cpu,0.5,2028,15,0.06666666666666667,0.8,1.0,0.6933333333333334,0.23318901707547815,0.5000369194928596
RE2-OB,cpu,0.5,2029,15,0.06666666666666667,0.8,1.0,0.6933333333333334,0.23318901707547815,0.5000369194928596
RE2-OB,cpu,0.5,2030,15,0.06666666666666667,0.8,1.0,0.6933333333333334,0.23318901707547815,0.5000369194928596
RE2-OB,cpu,0.5,2031,15,0.13333333333333333,0.8,1.0,0.7066666666666667,0.23318901707547815,0.5000369194928596
RE2-OB,cpu,0.5,2032,15,0.06666666666666667,0.8,1.0,0.6933333333333334,0.23318901707547815,0.5000369194928596
RE2-OB,cpu,0.5,2033,15,0.06666666666666667,0.8,1.0,0.6933333333333334,0.23318901707547815,0.5000369194928596
RE2-OB,cpu,0.5,2034,15,0.06666666666666667,0.8,1.0,0.6933333333333334,0.23318901707547815,0.5000369194928596
RE2-OB,cpu,0.5,2035,15,0.06666666666666667,0.8,1.0,0.6933333333333334,0.23318901707547815,0.5000369194928596
RE2-OB,cpu,0.75,2026,15,0.06666666666666667,0.8,1.0,0.68,0.11659720748699169,0.2499786821997042
RE2-OB,cpu,0.75,2027,15,0.06666666666666667,0.8,1.0,0.6933333333333334,0.11659720748699169,0.2499786821997042
RE2-OB,cpu,0.75,2028,15,0.06666666666666667,0.8,1.0,0.6933333333333334,0.11659720748699169,0.2499786821997042
RE2-OB,cpu,0.75,2029,15,0.06666666666666667,0.8,1.0,0.6933333333333334,0.11659720748699169,0.2499786821997042
RE2-OB,cpu,0.75,2030,15,0.06666666666666667,0.8,1.0,0.6933333333333334,0.11659720748699169,0.2499786821997042
RE2-OB,cpu,0.75,2031,15,0.06666666666666667,0.8,1.0,0.6933333333333334,0.11659720748699169,0.2499786821997042
RE2-OB,cpu,0.75,2032,15,0.06666666666666667,0.8,1.0,0.6933333333333334,0.11659720748699169,0.2499786821997042
RE2-OB,cpu,0.75,2033,15,0.06666666666666667,0.8,1.0,0.6933333333333334,0.11659720748699169,0.2499786821997042
RE2-OB,cpu,0.75,2034,15,0.06666666666666667,0.8,1.0,0.6933333333333334,0.11659720748699169,0.2499786821997042
RE2-OB,cpu,0.75,2035,15,0.06666666666666667,0.8,1.0,0.6933333333333334,0.11659720748699169,0.2499786821997042
RE2-OB,cpu,1.0,2026,15,0.06666666666666667,0.8,1.0,0.6933333333333334,0.0,0.0
RE2-OB,cpu,1.0,2027,15,0.06666666666666667,0.8,1.0,0.6933333333333334,0.0,0.0
RE2-OB,cpu,1.0,2028,15,0.06666666666666667,0.8,1.0,0.6933333333333334,0.0,0.0
RE2-OB,cpu,1.0,2029,15,0.06666666666666667,0.8,1.0,0.6933333333333334,0.0,0.0
RE2-OB,cpu,1.0,2030,15,0.06666666666666667,0.8,1.0,0.6933333333333334,0.0,0.0
RE2-OB,cpu,1.0,2031,15,0.06666666666666667,0.8,1.0,0.6933333333333334,0.0,0.0
RE2-OB,cpu,1.0,2032,15,0.06666666666666667,0.8,1.0,0.6933333333333334,0.0,0.0
RE2-OB,cpu,1.0,2033,15,0.06666666666666667,0.8,1.0,0.6933333333333334,0.0,0.0
RE2-OB,cpu,1.0,2034,15,0.06666666666666667,0.8,1.0,0.6933333333333334,0.0,0.0
RE2-OB,cpu,1.0,2035,15,0.06666666666666667,0.8,1.0,0.6933333333333334,0.0,0.0
RE2-OB,delay,0.05,2026,15,0.2,0.4666666666666667,0.8666666666666667,0.5333333333333333,0.45554607336320446,0.9499959492070775
RE2-OB,delay,0.05,2027,15,0.2,0.4666666666666667,0.9333333333333333,0.5733333333333334,0.45554607336320446,0.9499959492070775
RE2-OB,delay,0.05,2028,15,0.2,0.6,0.9333333333333333,0.6133333333333333,0.45554607336320446,0.9499959492070775
RE2-OB,delay,0.05,2029,15,0.2,0.4666666666666667,0.8,0.5333333333333333,0.45554607336320446,0.9499959492070775
RE2-OB,delay,0.05,2030,15,0.2,0.4666666666666667,0.8666666666666667,0.5333333333333333,0.45554607336320446,0.9499959492070775
RE2-OB,delay,0.05,2031,15,0.2,0.4666666666666667,0.9333333333333333,0.5733333333333334,0.45554607336320446,0.9499959492070775
RE2-OB,delay,0.05,2032,15,0.2,0.6,0.9333333333333333,0.6,0.45554607336320446,0.9499959492070775
RE2-OB,delay,0.05,2033,15,0.2,0.4666666666666667,0.9333333333333333,0.5466666666666667,0.45554607336320446,0.9499959492070775
RE2-OB,delay,0.05,2034,15,0.2,0.4666666666666667,0.8666666666666667,0.5333333333333333,0.45554607336320446,0.9499959492070775
RE2-OB,delay,0.05,2035,15,0.2,0.4666666666666667,0.9333333333333333,0.56,0.45554607336320446,0.9499959492070775
RE2-OB,delay,0.1,2026,15,0.2,0.4,0.8,0.52,0.4315764787233745,0.9000099911545482
RE2-OB,delay,0.1,2027,15,0.2,0.4666666666666667,0.9333333333333333,0.5866666666666667,0.4315764787233745,0.9000099911545482
RE2-OB,delay,0.1,2028,15,0.2,0.5333333333333333,0.9333333333333333,0.5866666666666667,0.4315764787233745,0.9000099911545482
RE2-OB,delay,0.1,2029,15,0.2,0.5333333333333333,0.9333333333333333,0.5866666666666667,0.4315764787233745,0.9000099911545482
RE2-OB,delay,0.1,2030,15,0.2,0.4,0.9333333333333333,0.5466666666666667,0.4315764787233745,0.9000099911545482
RE2-OB,delay,0.1,2031,15,0.2,0.5333333333333333,0.8666666666666667,0.5733333333333334,0.4315764787233745,0.9000099911545482
RE2-OB,delay,0.1,2032,15,0.2,0.4666666666666667,0.8666666666666667,0.5466666666666666,0.4315764787233745,0.9000099911545482
RE2-OB,delay,0.1,2033,15,0.2,0.4,0.8,0.5066666666666667,0.4315764787233745,0.9000099911545482
RE2-OB,delay,0.1,2034,15,0.2,0.4666666666666667,0.8666666666666667,0.5466666666666667,0.4315764787233745,0.9000099911545482
RE2-OB,delay,0.1,2035,15,0.2,0.4,1.0,0.5733333333333334,0.4315764787233745,0.9000099911545482
RE2-OB,delay,0.15,2026,15,0.2,0.6,0.9333333333333333,0.6,0.40759274812772694,0.8499938182995599
RE2-OB,delay,0.15,2027,15,0.2,0.4,0.7333333333333333,0.49333333333333335,0.40759274812772694,0.8499938182995599
RE2-OB,delay,0.15,2028,15,0.2,0.4666666666666667,0.8666666666666667,0.56,0.40759274812772694,0.8499938182995599
RE2-OB,delay,0.15,2029,15,0.2,0.4666666666666667,1.0,0.5866666666666667,0.40759274812772694,0.8499938182995599
RE2-OB,delay,0.15,2030,15,0.2,0.4,0.9333333333333333,0.5333333333333333,0.40759274812772694,0.8499938182995599
RE2-OB,delay,0.15,2031,15,0.2,0.4,0.9333333333333333,0.56,0.40759274812772694,0.8499938182995599
RE2-OB,delay,0.15,2032,15,0.2,0.4,0.9333333333333333,0.5466666666666667,0.40759274812772694,0.8499938182995599
RE2-OB,delay,0.15,2033,15,0.2,0.4666666666666667,0.8,0.52,0.40759274812772694,0.8499938182995599
RE2-OB,delay,0.15,2034,15,0.2,0.4666666666666667,0.8666666666666667,0.5333333333333333,0.40759274812772694,0.8499938182995599
RE2-OB,delay,0.15,2035,15,0.2,0.4666666666666667,0.9333333333333333,0.56,0.40759274812772694,0.8499938182995599
RE2-OB,delay,0.2,2026,15,0.2,0.4,0.9333333333333333,0.5466666666666667,0.3836203561929141,0.800001993010912
RE2-OB,delay,0.2,2027,15,0.2,0.4,0.9333333333333333,0.5733333333333334,0.3836203561929141,0.800001993010912
RE2-OB,delay,0.2,2028,15,0.2,0.5333333333333333,1.0,0.5866666666666667,0.3836203561929141,0.800001993010912
RE2-OB,delay,0.2,2029,15,0.2,0.4666666666666667,0.9333333333333333,0.5733333333333334,0.3836203561929141,0.800001993010912
RE2-OB,delay,0.2,2030,15,0.2,0.5333333333333333,0.8666666666666667,0.5733333333333334,0.3836203561929141,0.800001993010912
RE2-OB,delay,0.2,2031,15,0.2,0.4,0.8666666666666667,0.5466666666666667,0.3836203561929141,0.800001993010912
RE2-OB,delay,0.2,2032,15,0.2,0.4666666666666667,0.9333333333333333,0.5866666666666667,0.3836203561929141,0.800001993010912
RE2-OB,delay,0.2,2033,15,0.2,0.4,0.9333333333333333,0.56,0.3836203561929141,0.800001993010912
RE2-OB,delay,0.2,2034,15,0.2,0.4666666666666667,0.9333333333333333,0.5733333333333334,0.3836203561929141,0.800001993010912
RE2-OB,delay,0.2,2035,15,0.2,0.5333333333333333,0.9333333333333333,0.5866666666666667,0.3836203561929141,0.800001993010912
RE2-OB,delay,0.25,2026,15,0.2,0.5333333333333333,1.0,0.6,0.35964223133230416,0.7499977109071058
RE2-OB,delay,0.25,2027,15,0.2,0.4666666666666667,0.8666666666666667,0.5333333333333333,0.35964223133230416,0.7499977109071058
RE2-OB,delay,0.25,2028,15,0.2,0.5333333333333333,0.8666666666666667,0.5733333333333334,0.35964223133230416,0.7499977109071058
RE2-OB,delay,0.25,2029,15,0.2,0.4,1.0,0.56,0.35964223133230416,0.7499977109071058
RE2-OB,delay,0.25,2030,15,0.2,0.4666666666666667,0.9333333333333333,0.56,0.35964223133230416,0.7499977109071058
RE2-OB,delay,0.25,2031,15,0.2,0.4,0.8,0.5066666666666667,0.35964223133230416,0.7499977109071058
RE2-OB,delay,0.25,2032,15,0.2,0.5333333333333333,0.9333333333333333,0.5866666666666667,0.35964223133230416,0.7499977109071058
RE2-OB,delay,0.25,2033,15,0.2,0.4,1.0,0.5466666666666667,0.35964223133230416,0.7499977109071058
RE2-OB,delay,0.25,2034,15,0.2,0.4666666666666667,0.9333333333333333,0.5733333333333334,0.35964223133230416,0.7499977109071058
RE2-OB,delay,0.25,2035,15,0.2,0.4,0.9333333333333333,0.56,0.35964223133230416,0.7499977109071058
RE2-OB,delay,0.35,2026,15,0.2,0.5333333333333333,0.8666666666666667,0.56,0.311686361833692,0.6499909867654651
RE2-OB,delay,0.35,2027,15,0.2,0.4,0.8666666666666667,0.5466666666666667,0.311686361833692,0.6499909867654651
RE2-OB,delay,0.35,2028,15,0.2,0.4666666666666667,0.9333333333333333,0.5466666666666667,0.311686361833692,0.6499909867654651
RE2-OB,delay,0.35,2029,15,0.2,0.4666666666666667,0.9333333333333333,0.5733333333333334,0.311686361833692,0.6499909867654651
RE2-OB,delay,0.35,2030,15,0.2,0.4666666666666667,0.8666666666666667,0.5466666666666667,0.311686361833692,0.6499909867654651
RE2-OB,delay,0.35,2031,15,0.2,0.4666666666666667,1.0,0.5866666666666667,0.311686361833692,0.6499909867654651
RE2-OB,delay,0.35,2032,15,0.2,0.4666666666666667,1.0,0.5866666666666667,0.311686361833692,0.6499909867654651
RE2-OB,delay,0.35,2033,15,0.2,0.4666666666666667,0.9333333333333333,0.5466666666666667,0.311686361833692,0.6499909867654651
RE2-OB,delay,0.35,2034,15,0.2,0.4,1.0,0.5733333333333334,0.311686361833692,0.6499909867654651
RE2-OB,delay,0.35,2035,15,0.2,0.4666666666666667,0.9333333333333333,0.56,0.311686361833692,0.6499909867654651
RE2-OB,delay,0.5,2026,15,0.2,0.4,0.9333333333333333,0.5466666666666667,0.23976311713974857,0.5000012398733285
RE2-OB,delay,0.5,2027,15,0.2,0.4,1.0,0.56,0.23976311713974857,0.5000012398733285
RE2-OB,delay,0.5,2028,15,0.2,0.4,0.9333333333333333,0.56,0.23976311713974857,0.5000012398733285
RE2-OB,delay,0.5,2029,15,0.2,0.4666666666666667,1.0,0.6,0.23976311713974857,0.5000012398733285
RE2-OB,delay,0.5,2030,15,0.2,0.4,0.9333333333333333,0.5466666666666667,0.23976311713974857,0.5000012398733285
RE2-OB,delay,0.5,2031,15,0.2,0.4666666666666667,0.9333333333333333,0.5733333333333334,0.23976311713974857,0.5000012398733285
RE2-OB,delay,0.5,2032,15,0.2,0.4,0.9333333333333333,0.5466666666666667,0.23976311713974857,0.5000012398733285
RE2-OB,delay,0.5,2033,15,0.2,0.4,0.9333333333333333,0.56,0.23976311713974857,0.5000012398733285
RE2-OB,delay,0.5,2034,15,0.2,0.4666666666666667,0.9333333333333333,0.5466666666666667,0.23976311713974857,0.5000012398733285
RE2-OB,delay,0.5,2035,15,0.2,0.4,0.8666666666666667,0.5333333333333333,0.23976311713974857,0.5000012398733285
RE2-OB,delay,0.75,2026,15,0.2,0.4666666666666667,0.9333333333333333,0.5466666666666667,0.11988191369685612,0.2500022890928943
RE2-OB,delay,0.75,2027,15,0.2,0.4666666666666667,0.9333333333333333,0.56,0.11988191369685612,0.2500022890928943
RE2-OB,delay,0.75,2028,15,0.2,0.4666666666666667,0.9333333333333333,0.56,0.11988191369685612,0.2500022890928943
RE2-OB,delay,0.75,2029,15,0.2,0.4666666666666667,0.9333333333333333,0.56,0.11988191369685612,0.2500022890928943
RE2-OB,delay,0.75,2030,15,0.2,0.4,0.9333333333333333,0.56,0.11988191369685612,0.2500022890928943
RE2-OB,delay,0.75,2031,15,0.2,0.4,0.9333333333333333,0.56,0.11988191369685612,0.2500022890928943
RE2-OB,delay,0.75,2032,15,0.2,0.4666666666666667,0.9333333333333333,0.56,0.11988191369685612,0.2500022890928943
RE2-OB,delay,0.75,2033,15,0.2,0.4,0.8666666666666667,0.5333333333333333,0.11988191369685612,0.2500022890928943
RE2-OB,delay,0.75,2034,15,0.2,0.4666666666666667,0.9333333333333333,0.56,0.11988191369685612,0.2500022890928943
RE2-OB,delay,0.75,2035,15,0.2,0.4,1.0,0.5733333333333334,0.11988191369685612,0.2500022890928943
RE2-OB,delay,1.0,2026,15,0.2,0.4666666666666667,0.9333333333333333,0.5733333333333334,0.0,0.0
RE2-OB,delay,1.0,2027,15,0.2,0.4666666666666667,0.9333333333333333,0.5733333333333334,0.0,0.0
RE2-OB,delay,1.0,2028,15,0.2,0.4666666666666667,0.9333333333333333,0.5733333333333334,0.0,0.0
RE2-OB,delay,1.0,2029,15,0.2,0.4666666666666667,0.9333333333333333,0.5733333333333334,0.0,0.0
RE2-OB,delay,1.0,2030,15,0.2,0.4666666666666667,0.9333333333333333,0.5733333333333334,0.0,0.0
RE2-OB,delay,1.0,2031,15,0.2,0.4666666666666667,0.9333333333333333,0.5733333333333334,0.0,0.0
RE2-OB,delay,1.0,2032,15,0.2,0.4666666666666667,0.9333333333333333,0.5733333333333334,0.0,0.0
RE2-OB,delay,1.0,2033,15,0.2,0.4666666666666667,0.9333333333333333,0.5733333333333334,0.0,0.0
RE2-OB,delay,1.0,2034,15,0.2,0.4666666666666667,0.9333333333333333,0.5733333333333334,0.0,0.0
RE2-OB,delay,1.0,2035,15,0.2,0.4666666666666667,0.9333333333333333,0.5733333333333334,0.0,0.0
RE2-OB,disk,0.05,2026,15,0.2,0.7333333333333333,1.0,0.6933333333333334,0.46535487244441576,0.949996731468197
RE2-OB,disk,0.05,2027,15,0.13333333333333333,0.8,1.0,0.68,0.46535487244441576,0.949996731468197
RE2-OB,disk,0.05,2028,15,0.2,0.7333333333333333,1.0,0.6799999999999999,0.46535487244441576,0.949996731468197
RE2-OB,disk,0.05,2029,15,0.13333333333333333,0.8,1.0,0.6799999999999999,0.46535487244441576,0.949996731468197
RE2-OB,disk,0.05,2030,15,0.2,0.8,1.0,0.6799999999999999,0.46535487244441576,0.949996731468197
RE2-OB,disk,0.05,2031,15,0.2,0.8,1.0,0.7066666666666667,0.46535487244441576,0.949996731468197
RE2-OB,disk,0.05,2032,15,0.2,0.6,1.0,0.6666666666666666,0.46535487244441576,0.949996731468197
RE2-OB,disk,0.05,2033,15,0.2,0.8666666666666667,1.0,0.6933333333333334,0.46535487244441576,0.949996731468197
RE2-OB,disk,0.05,2034,15,0.2,0.7333333333333333,1.0,0.6799999999999999,0.46535487244441576,0.949996731468197
RE2-OB,disk,0.05,2035,15,0.2,0.7333333333333333,1.0,0.6666666666666666,0.46535487244441576,0.949996731468197
RE2-OB,disk,0.1,2026,15,0.2,0.8,1.0,0.7066666666666667,0.4408631960978527,0.8999979390068594
RE2-OB,disk,0.1,2027,15,0.2,0.8,1.0,0.7066666666666667,0.4408631960978527,0.8999979390068594
RE2-OB,disk,0.1,2028,15,0.2,0.8,1.0,0.7066666666666667,0.4408631960978527,0.8999979390068594
RE2-OB,disk,0.1,2029,15,0.2,0.8,1.0,0.7066666666666667,0.4408631960978527,0.8999979390068594
RE2-OB,disk,0.1,2030,15,0.2,0.8,1.0,0.7066666666666667,0.4408631960978527,0.8999979390068594
RE2-OB,disk,0.1,2031,15,0.2,0.7333333333333333,1.0,0.6799999999999999,0.4408631960978527,0.8999979390068594
RE2-OB,disk,0.1,2032,15,0.2,0.8,1.0,0.6933333333333334,0.4408631960978527,0.8999979390068594
RE2-OB,disk,0.1,2033,15,0.2,0.6666666666666666,0.9333333333333333,0.6266666666666667,0.4408631960978527,0.8999979390068594
RE2-OB,disk,0.1,2034,15,0.13333333333333333,0.8,1.0,0.6799999999999999,0.4408631960978527,0.8999979390068594
RE2-OB,disk,0.1,2035,15,0.2,0.8,1.0,0.7066666666666667,0.4408631960978527,0.8999979390068594
RE2-OB,disk,0.15,2026,15,0.2,0.7333333333333333,1.0,0.6933333333333334,0.4163690239186504,0.84999458084495
RE2-OB,disk,0.15,2027,15,0.2,0.8,1.0,0.7066666666666667,0.4163690239186504,0.84999458084495
RE2-OB,disk,0.15,2028,15,0.2,0.8,1.0,0.7066666666666667,0.4163690239186504,0.84999458084495
RE2-OB,disk,0.15,2029,15,0.2,0.8,1.0,0.6799999999999999,0.4163690239186504,0.84999458084495
RE2-OB,disk,0.15,2030,15,0.2,0.8,1.0,0.7066666666666667,0.4163690239186504,0.84999458084495
RE2-OB,disk,0.15,2031,15,0.2,0.8,1.0,0.7066666666666667,0.4163690239186504,0.84999458084495
RE2-OB,disk,0.15,2032,15,0.2,0.8,1.0,0.7066666666666667,0.4163690239186504,0.84999458084495
RE2-OB,disk,0.15,2033,15,0.2,0.8,1.0,0.7066666666666667,0.4163690239186504,0.84999458084495
RE2-OB,disk,0.15,2034,15,0.2,0.7333333333333333,1.0,0.6933333333333334,0.4163690239186504,0.84999458084495
RE2-OB,disk,0.15,2035,15,0.2,0.7333333333333333,0.9333333333333333,0.64,0.4163690239186504,0.84999458084495
RE2-OB,disk,0.2,2026,15,0.2,0.8,1.0,0.7066666666666667,0.3918777156530396,0.7999971618437195
RE2-OB,disk,0.2,2027,15,0.2,0.8,1.0,0.7066666666666667,0.3918777156530396,0.7999971618437195
RE2-OB,disk,0.2,2028,15,0.2,0.8,1.0,0.6933333333333334,0.3918777156530396,0.7999971618437195
RE2-OB,disk,0.2,2029,15,0.2,0.8,1.0,0.6799999999999999,0.3918777156530396,0.7999971618437195
RE2-OB,disk,0.2,2030,15,0.2,0.8,1.0,0.7066666666666667,0.3918777156530396,0.7999971618437195
RE2-OB,disk,0.2,2031,15,0.13333333333333333,0.8,1.0,0.6933333333333334,0.3918777156530396,0.7999971618437195
RE2-OB,disk,0.2,2032,15,0.2,0.8,1.0,0.7066666666666667,0.3918777156530396,0.7999971618437195
RE2-OB,disk,0.2,2033,15,0.2,0.8,1.0,0.7066666666666667,0.3918777156530396,0.7999971618437195
RE2-OB,disk,0.2,2034,15,0.2,0.8,1.0,0.7066666666666667,0.3918777156530396,0.7999971618437195
RE2-OB,disk,0.2,2035,15,0.2,0.8,1.0,0.6933333333333334,0.3918777156530396,0.7999971618437195
RE2-OB,disk,0.25,2026,15,0.2,0.8,1.0,0.6933333333333334,0.3673887318804271,0.7500036099896878
RE2-OB,disk,0.25,2027,15,0.2,0.8,1.0,0.7066666666666667,0.3673887318804271,0.7500036099896878
RE2-OB,disk,0.25,2028,15,0.2,0.8,1.0,0.7066666666666667,0.3673887318804271,0.7500036099896878
RE2-OB,disk,0.25,2029,15,0.2,0.8,1.0,0.7200000000000001,0.3673887318804271,0.7500036099896878
RE2-OB,disk,0.25,2030,15,0.2,0.8,1.0,0.7066666666666667,0.3673887318804271,0.7500036099896878
RE2-OB,disk,0.25,2031,15,0.2,0.8,1.0,0.7066666666666667,0.3673887318804271,0.7500036099896878
RE2-OB,disk,0.25,2032,15,0.2,0.8,1.0,0.6933333333333334,0.3673887318804271,0.7500036099896878
RE2-OB,disk,0.25,2033,15,0.2,0.8,1.0,0.6933333333333334,0.3673887318804271,0.7500036099896878
RE2-OB,disk,0.25,2034,15,0.2,0.8,1.0,0.7066666666666667,0.3673887318804271,0.7500036099896878
RE2-OB,disk,0.25,2035,15,0.2,0.8,1.0,0.7066666666666667,0.3673887318804271,0.7500036099896878
RE2-OB,disk,0.35,2026,15,0.2,0.8,1.0,0.7066666666666667,0.3184004875429661,0.6499973809385567
RE2-OB,disk,0.35,2027,15,0.2,0.8,1.0,0.7066666666666667,0.3184004875429661,0.6499973809385567
RE2-OB,disk,0.35,2028,15,0.2,0.8,1.0,0.7066666666666667,0.3184004875429661,0.6499973809385567
RE2-OB,disk,0.35,2029,15,0.2,0.8,1.0,0.6933333333333334,0.3184004875429661,0.6499973809385567
RE2-OB,disk,0.35,2030,15,0.2,0.8,1.0,0.7066666666666667,0.3184004875429661,0.6499973809385567
RE2-OB,disk,0.35,2031,15,0.2,0.8,1.0,0.7066666666666667,0.3184004875429661,0.6499973809385567
RE2-OB,disk,0.35,2032,15,0.2,0.8,1.0,0.7066666666666667,0.3184004875429661,0.6499973809385567
RE2-OB,disk,0.35,2033,15,0.2,0.8,1.0,0.7066666666666667,0.3184004875429661,0.6499973809385567
RE2-OB,disk,0.35,2034,15,0.2,0.8,1.0,0.7066666666666667,0.3184004875429661,0.6499973809385567
RE2-OB,disk,0.35,2035,15,0.2,0.8,1.0,0.7066666666666667,0.3184004875429661,0.6499973809385567
RE2-OB,disk,0.5,2026,15,0.2,0.8,1.0,0.7066666666666667,0.2449256182754956,0.500001524894234
RE2-OB,disk,0.5,2027,15,0.2,0.8,1.0,0.7066666666666667,0.2449256182754956,0.500001524894234
RE2-OB,disk,0.5,2028,15,0.2,0.8,1.0,0.7066666666666667,0.2449256182754956,0.500001524894234
RE2-OB,disk,0.5,2029,15,0.2,0.8,1.0,0.7066666666666667,0.2449256182754956,0.500001524894234
RE2-OB,disk,0.5,2030,15,0.2,0.8,1.0,0.7066666666666667,0.2449256182754956,0.500001524894234
RE2-OB,disk,0.5,2031,15,0.2,0.8,1.0,0.7066666666666667,0.2449256182754956,0.500001524894234
RE2-OB,disk,0.5,2032,15,0.2,0.8,1.0,0.7066666666666667,0.2449256182754956,0.500001524894234
RE2-OB,disk,0.5,2033,15,0.2,0.8,1.0,0.7066666666666667,0.2449256182754956,0.500001524894234
RE2-OB,disk,0.5,2034,15,0.2,0.8,1.0,0.7066666666666667,0.2449256182754956,0.500001524894234
RE2-OB,disk,0.5,2035,15,0.2,0.8,1.0,0.7066666666666667,0.2449256182754956,0.500001524894234
RE2-OB,disk,0.75,2026,15,0.2,0.8,1.0,0.7066666666666667,0.12246027588021913,0.24999639001031226
RE2-OB,disk,0.75,2027,15,0.2,0.8,1.0,0.7066666666666667,0.12246027588021913,0.24999639001031226
RE2-OB,disk,0.75,2028,15,0.2,0.8,1.0,0.7066666666666667,0.12246027588021913,0.24999639001031226
RE2-OB,disk,0.75,2029,15,0.2,0.8,1.0,0.7066666666666667,0.12246027588021913,0.24999639001031226
RE2-OB,disk,0.75,2030,15,0.2,0.8,1.0,0.7066666666666667,0.12246027588021913,0.24999639001031226
RE2-OB,disk,0.75,2031,15,0.2,0.8,1.0,0.7066666666666667,0.12246027588021913,0.24999639001031226
RE2-OB,disk,0.75,2032,15,0.2,0.8,1.0,0.7066666666666667,0.12246027588021913,0.24999639001031226
RE2-OB,disk,0.75,2033,15,0.2,0.8,1.0,0.7066666666666667,0.12246027588021913,0.24999639001031226
RE2-OB,disk,0.75,2034,15,0.2,0.8,1.0,0.7066666666666667,0.12246027588021913,0.24999639001031226
RE2-OB,disk,0.75,2035,15,0.2,0.8,1.0,0.7066666666666667,0.12246027588021913,0.24999639001031226
RE2-OB,disk,1.0,2026,15,0.2,0.8,1.0,0.7066666666666667,0.0,0.0
RE2-OB,disk,1.0,2027,15,0.2,0.8,1.0,0.7066666666666667,0.0,0.0
RE2-OB,disk,1.0,2028,15,0.2,0.8,1.0,0.7066666666666667,0.0,0.0
RE2-OB,disk,1.0,2029,15,0.2,0.8,1.0,0.7066666666666667,0.0,0.0
RE2-OB,disk,1.0,2030,15,0.2,0.8,1.0,0.7066666666666667,0.0,0.0
RE2-OB,disk,1.0,2031,15,0.2,0.8,1.0,0.7066666666666667,0.0,0.0
RE2-OB,disk,1.0,2032,15,0.2,0.8,1.0,0.7066666666666667,0.0,0.0
RE2-OB,disk,1.0,2033,15,0.2,0.8,1.0,0.7066666666666667,0.0,0.0
RE2-OB,disk,1.0,2034,15,0.2,0.8,1.0,0.7066666666666667,0.0,0.0
RE2-OB,disk,1.0,2035,15,0.2,0.8,1.0,0.7066666666666667,0.0,0.0
RE2-OB,loss,0.05,2026,15,0.2,0.4666666666666667,0.7333333333333333,0.48000000000000004,0.4202257760696331,0.9500024201686028
RE2-OB,loss,0.05,2027,15,0.2,0.4666666666666667,0.8,0.5066666666666667,0.4202257760696331,0.9500024201686028
RE2-OB,loss,0.05,2028,15,0.13333333333333333,0.4666666666666667,0.8666666666666667,0.48000000000000004,0.4202257760696331,0.9500024201686028
RE2-OB,loss,0.05,2029,15,0.2,0.5333333333333333,0.9333333333333333,0.5466666666666666,0.4202257760696331,0.9500024201686028
RE2-OB,loss,0.05,2030,15,0.2,0.4666666666666667,0.9333333333333333,0.5333333333333333,0.4202257760696331,0.9500024201686028
RE2-OB,loss,0.05,2031,15,0.13333333333333333,0.6,1.0,0.5733333333333334,0.4202257760696331,0.9500024201686028
RE2-OB,loss,0.05,2032,15,0.2,0.4666666666666667,0.8,0.49333333333333335,0.4202257760696331,0.9500024201686028
RE2-OB,loss,0.05,2033,15,0.2,0.4666666666666667,0.9333333333333333,0.5466666666666667,0.4202257760696331,0.9500024201686028
RE2-OB,loss,0.05,2034,15,0.2,0.4666666666666667,0.9333333333333333,0.56,0.4202257760696331,0.9500024201686028
RE2-OB,loss,0.05,2035,15,0.2,0.5333333333333333,0.8666666666666667,0.5333333333333333,0.4202257760696331,0.9500024201686028
RE2-OB,loss,0.1,2026,15,0.13333333333333333,0.5333333333333333,0.9333333333333333,0.5333333333333333,0.39810998896762695,0.9000021201374951
RE2-OB,loss,0.1,2027,15,0.2,0.5333333333333333,0.8,0.5333333333333333,0.39810998896762695,0.9000021201374951
RE2-OB,loss,0.1,2028,15,0.2,0.4666666666666667,0.8666666666666667,0.52,0.39810998896762695,0.9000021201374951
RE2-OB,loss,0.1,2029,15,0.2,0.4666666666666667,0.9333333333333333,0.56,0.39810998896762695,0.9000021201374951
RE2-OB,loss,0.1,2030,15,0.13333333333333333,0.4,0.8,0.48000000000000004,0.39810998896762695,0.9000021201374951
RE2-OB,loss,0.1,2031,15,0.2,0.5333333333333333,1.0,0.5733333333333334,0.39810998896762695,0.9000021201374951
RE2-OB,loss,0.1,2032,15,0.13333333333333333,0.4666666666666667,1.0,0.56,0.39810998896762695,0.9000021201374951
RE2-OB,loss,0.1,2033,15,0.13333333333333333,0.4666666666666667,0.9333333333333333,0.5333333333333333,0.39810998896762695,0.9000021201374951
RE2-OB,loss,0.1,2034,15,0.06666666666666667,0.5333333333333333,0.9333333333333333,0.5333333333333333,0.39810998896762695,0.9000021201374951
RE2-OB,loss,0.1,2035,15,0.13333333333333333,0.4666666666666667,0.8,0.49333333333333335,0.39810998896762695,0.9000021201374951
RE2-OB,loss,0.15,2026,15,0.2,0.4,0.8,0.49333333333333335,0.37599019048224075,0.8500000035857777
RE2-OB,loss,0.15,2027,15,0.2,0.4,0.9333333333333333,0.52,0.37599019048224075,0.8500000035857777
RE2-OB,loss,0.15,2028,15,0.13333333333333333,0.4666666666666667,1.0,0.5333333333333333,0.37599019048224075,0.8500000035857777
RE2-OB,loss,0.15,2029,15,0.2,0.4,0.8666666666666667,0.49333333333333335,0.37599019048224075,0.8500000035857777
RE2-OB,loss,0.15,2030,15,0.2,0.4666666666666667,0.9333333333333333,0.5466666666666667,0.37599019048224075,0.8500000035857777
RE2-OB,loss,0.15,2031,15,0.13333333333333333,0.4666666666666667,0.9333333333333333,0.52,0.37599019048224075,0.8500000035857777
RE2-OB,loss,0.15,2032,15,0.2,0.4666666666666667,0.9333333333333333,0.5333333333333333,0.37599019048224075,0.8500000035857777
RE2-OB,loss,0.15,2033,15,0.2,0.4666666666666667,1.0,0.56,0.37599019048224075,0.8500000035857777
RE2-OB,loss,0.15,2034,15,0.06666666666666667,0.4,0.9333333333333333,0.48000000000000004,0.37599019048224075,0.8500000035857777
RE2-OB,loss,0.15,2035,15,0.2,0.4666666666666667,0.8666666666666667,0.52,0.37599019048224075,0.8500000035857777
RE2-OB,loss,0.2,2026,15,0.2,0.5333333333333333,0.9333333333333333,0.5466666666666666,0.3538770035529795,0.8000053494571288
RE2-OB,loss,0.2,2027,15,0.13333333333333333,0.4666666666666667,0.8666666666666667,0.5066666666666667,0.3538770035529795,0.8000053494571288
RE2-OB,loss,0.2,2028,15,0.2,0.4666666666666667,0.8,0.48000000000000004,0.3538770035529795,0.8000053494571288
RE2-OB,loss,0.2,2029,15,0.13333333333333333,0.4,0.9333333333333333,0.5066666666666667,0.3538770035529795,0.8000053494571288
RE2-OB,loss,0.2,2030,15,0.13333333333333333,0.4,0.9333333333333333,0.5066666666666667,0.3538770035529795,0.8000053494571288
RE2-OB,loss,0.2,2031,15,0.13333333333333333,0.4666666666666667,0.9333333333333333,0.52,0.3538770035529795,0.8000053494571288
RE2-OB,loss,0.2,2032,15,0.2,0.5333333333333333,0.9333333333333333,0.5333333333333333,0.3538770035529795,0.8000053494571288
RE2-OB,loss,0.2,2033,15,0.13333333333333333,0.4666666666666667,0.9333333333333333,0.52,0.3538770035529795,0.8000053494571288
RE2-OB,loss,0.2,2034,15,0.06666666666666667,0.4,0.8666666666666667,0.4666666666666667,0.3538770035529795,0.8000053494571288
RE2-OB,loss,0.2,2035,15,0.13333333333333333,0.4666666666666667,0.8666666666666667,0.52,0.3538770035529795,0.8000053494571288
RE2-OB,loss,0.25,2026,15,0.06666666666666667,0.4666666666666667,0.9333333333333333,0.5066666666666667,0.3317532601839522,0.7499890707731662
RE2-OB,loss,0.25,2027,15,0.13333333333333333,0.4666666666666667,0.8,0.48000000000000004,0.3317532601839522,0.7499890707731662
RE2-OB,loss,0.25,2028,15,0.13333333333333333,0.4666666666666667,0.8666666666666667,0.49333333333333335,0.3317532601839522,0.7499890707731662
RE2-OB,loss,0.25,2029,15,0.2,0.4666666666666667,0.9333333333333333,0.52,0.3317532601839522,0.7499890707731662
RE2-OB,loss,0.25,2030,15,0.13333333333333333,0.4666666666666667,0.8666666666666667,0.5066666666666667,0.3317532601839522,0.7499890707731662
RE2-OB,loss,0.25,2031,15,0.13333333333333333,0.4666666666666667,0.8666666666666667,0.49333333333333335,0.3317532601839522,0.7499890707731662
RE2-OB,loss,0.25,2032,15,0.2,0.4666666666666667,0.9333333333333333,0.5333333333333333,0.3317532601839522,0.7499890707731662
RE2-OB,loss,0.25,2033,15,0.13333333333333333,0.4666666666666667,0.9333333333333333,0.5333333333333333,0.3317532601839522,0.7499890707731662
RE2-OB,loss,0.25,2034,15,0.13333333333333333,0.4666666666666667,0.9333333333333333,0.52,0.3317532601839522,0.7499890707731662
RE2-OB,loss,0.25,2035,15,0.13333333333333333,0.4666666666666667,0.9333333333333333,0.5333333333333333,0.3317532601839522,0.7499890707731662
RE2-OB,loss,0.35,2026,15,0.06666666666666667,0.4666666666666667,0.8666666666666667,0.5066666666666667,0.28752422873012434,0.6500054137268375
RE2-OB,loss,0.35,2027,15,0.13333333333333333,0.4666666666666667,0.8666666666666667,0.49333333333333335,0.28752422873012434,0.6500054137268375
RE2-OB,loss,0.35,2028,15,0.06666666666666667,0.4666666666666667,0.8666666666666667,0.49333333333333335,0.28752422873012434,0.6500054137268375
RE2-OB,loss,0.35,2029,15,0.06666666666666667,0.4,0.8,0.45333333333333337,0.28752422873012434,0.6500054137268375
RE2-OB,loss,0.35,2030,15,0.06666666666666667,0.4,0.8666666666666667,0.49333333333333335,0.28752422873012434,0.6500054137268375
RE2-OB,loss,0.35,2031,15,0.13333333333333333,0.4666666666666667,0.9333333333333333,0.52,0.28752422873012434,0.6500054137268375
RE2-OB,loss,0.35,2032,15,0.06666666666666667,0.4666666666666667,0.8666666666666667,0.49333333333333335,0.28752422873012434,0.6500054137268375
RE2-OB,loss,0.35,2033,15,0.2,0.4666666666666667,0.9333333333333333,0.52,0.28752422873012434,0.6500054137268375
RE2-OB,loss,0.35,2034,15,0.13333333333333333,0.5333333333333333,0.8666666666666667,0.5333333333333333,0.28752422873012434,0.6500054137268375
RE2-OB,loss,0.35,2035,15,0.06666666666666667,0.4666666666666667,0.9333333333333333,0.5066666666666667,0.28752422873012434,0.6500054137268375
RE2-OB,loss,0.5,2026,15,0.06666666666666667,0.4666666666666667,0.8666666666666667,0.49333333333333335,0.22116318012911043,0.4999765302531787
RE2-OB,loss,0.5,2027,15,0.06666666666666667,0.4,0.8666666666666667,0.48000000000000004,0.22116318012911043,0.4999765302531787
RE2-OB,loss,0.5,2028,15,0.06666666666666667,0.4666666666666667,0.8666666666666667,0.49333333333333335,0.22116318012911043,0.4999765302531787
RE2-OB,loss,0.5,2029,15,0.13333333333333333,0.4666666666666667,0.9333333333333333,0.52,0.22116318012911043,0.4999765302531787
RE2-OB,loss,0.5,2030,15,0.06666666666666667,0.4666666666666667,0.8666666666666667,0.5066666666666667,0.22116318012911043,0.4999765302531787
RE2-OB,loss,0.5,2031,15,0.06666666666666667,0.4666666666666667,0.8666666666666667,0.5066666666666667,0.22116318012911043,0.4999765302531787
RE2-OB,loss,0.5,2032,15,0.06666666666666667,0.4666666666666667,0.8666666666666667,0.49333333333333335,0.22116318012911043,0.4999765302531787
RE2-OB,loss,0.5,2033,15,0.06666666666666667,0.4666666666666667,0.9333333333333333,0.49333333333333335,0.22116318012911043,0.4999765302531787
RE2-OB,loss,0.5,2034,15,0.06666666666666667,0.4666666666666667,0.8666666666666667,0.49333333333333335,0.22116318012911043,0.4999765302531787
RE2-OB,loss,0.5,2035,15,0.13333333333333333,0.4666666666666667,0.9333333333333333,0.52,0.22116318012911043,0.4999765302531787
RE2-OB,loss,0.75,2026,15,0.06666666666666667,0.4666666666666667,0.8666666666666667,0.49333333333333335,0.11058972574661217,0.2500109292268338
RE2-OB,loss,0.75,2027,15,0.06666666666666667,0.4666666666666667,0.8666666666666667,0.49333333333333335,0.11058972574661217,0.2500109292268338
RE2-OB,loss,0.75,2028,15,0.13333333333333333,0.4666666666666667,0.8666666666666667,0.5066666666666667,0.11058972574661217,0.2500109292268338
RE2-OB,loss,0.75,2029,15,0.06666666666666667,0.4666666666666667,0.8666666666666667,0.5066666666666667,0.11058972574661217,0.2500109292268338
RE2-OB,loss,0.75,2030,15,0.06666666666666667,0.4666666666666667,0.8666666666666667,0.49333333333333335,0.11058972574661217,0.2500109292268338
RE2-OB,loss,0.75,2031,15,0.13333333333333333,0.4666666666666667,0.8666666666666667,0.5066666666666667,0.11058972574661217,0.2500109292268338
RE2-OB,loss,0.75,2032,15,0.06666666666666667,0.4666666666666667,0.8666666666666667,0.49333333333333335,0.11058972574661217,0.2500109292268338
RE2-OB,loss,0.75,2033,15,0.06666666666666667,0.4666666666666667,0.8666666666666667,0.49333333333333335,0.11058972574661217,0.2500109292268338
RE2-OB,loss,0.75,2034,15,0.06666666666666667,0.4666666666666667,0.8666666666666667,0.48000000000000004,0.11058972574661217,0.2500109292268338
RE2-OB,loss,0.75,2035,15,0.13333333333333333,0.4666666666666667,0.8666666666666667,0.52,0.11058972574661217,0.2500109292268338
RE2-OB,loss,1.0,2026,15,0.06666666666666667,0.4666666666666667,0.8666666666666667,0.49333333333333335,0.0,0.0
RE2-OB,loss,1.0,2027,15,0.06666666666666667,0.4666666666666667,0.8666666666666667,0.49333333333333335,0.0,0.0
RE2-OB,loss,1.0,2028,15,0.06666666666666667,0.4666666666666667,0.8666666666666667,0.49333333333333335,0.0,0.0
RE2-OB,loss,1.0,2029,15,0.06666666666666667,0.4666666666666667,0.8666666666666667,0.49333333333333335,0.0,0.0
RE2-OB,loss,1.0,2030,15,0.06666666666666667,0.4666666666666667,0.8666666666666667,0.49333333333333335,0.0,0.0
RE2-OB,loss,1.0,2031,15,0.06666666666666667,0.4666666666666667,0.8666666666666667,0.49333333333333335,0.0,0.0
RE2-OB,loss,1.0,2032,15,0.06666666666666667,0.4666666666666667,0.8666666666666667,0.49333333333333335,0.0,0.0
RE2-OB,loss,1.0,2033,15,0.06666666666666667,0.4666666666666667,0.8666666666666667,0.49333333333333335,0.0,0.0
RE2-OB,loss,1.0,2034,15,0.06666666666666667,0.4666666666666667,0.8666666666666667,0.49333333333333335,0.0,0.0
RE2-OB,loss,1.0,2035,15,0.06666666666666667,0.4666666666666667,0.8666666666666667,0.49333333333333335,0.0,0.0
RE2-OB,mem,0.05,2026,15,0.0,0.6,1.0,0.5866666666666667,0.43749821112839926,0.9499976642716649
RE2-OB,mem,0.05,2027,15,0.0,0.4666666666666667,0.9333333333333333,0.5466666666666667,0.43749821112839926,0.9499976642716649
RE2-OB,mem,0.05,2028,15,0.06666666666666667,0.5333333333333333,0.9333333333333333,0.5733333333333334,0.43749821112839926,0.9499976642716649
RE2-OB,mem,0.05,2029,15,0.06666666666666667,0.5333333333333333,0.9333333333333333,0.56,0.43749821112839926,0.9499976642716649
RE2-OB,mem,0.05,2030,15,0.0,0.5333333333333333,0.9333333333333333,0.56,0.43749821112839926,0.9499976642716649
RE2-OB,mem,0.05,2031,15,0.13333333333333333,0.5333333333333333,1.0,0.6266666666666667,0.43749821112839926,0.9499976642716649
RE2-OB,mem,0.05,2032,15,0.13333333333333333,0.5333333333333333,1.0,0.6133333333333334,0.43749821112839926,0.9499976642716649
RE2-OB,mem,0.05,2033,15,0.0,0.5333333333333333,1.0,0.5866666666666667,0.43749821112839926,0.9499976642716649
RE2-OB,mem,0.05,2034,15,0.06666666666666667,0.5333333333333333,0.9333333333333333,0.5733333333333334,0.43749821112839926,0.9499976642716649
RE2-OB,mem,0.05,2035,15,0.06666666666666667,0.4666666666666667,0.8666666666666667,0.5333333333333333,0.43749821112839926,0.9499976642716649
RE2-OB,mem,0.1,2026,15,0.0,0.5333333333333333,1.0,0.5733333333333334,0.414476828963746,0.9000121309832901
RE2-OB,mem,0.1,2027,15,0.0,0.5333333333333333,0.9333333333333333,0.5466666666666667,0.414476828963746,0.9000121309832901
RE2-OB,mem,0.1,2028,15,0.0,0.6,1.0,0.6,0.414476828963746,0.9000121309832901
RE2-OB,mem,0.1,2029,15,0.0,0.5333333333333333,1.0,0.5866666666666667,0.414476828963746,0.9000121309832901
RE2-OB,mem,0.1,2030,15,0.0,0.5333333333333333,1.0,0.5733333333333334,0.414476828963746,0.9000121309832901
RE2-OB,mem,0.1,2031,15,0.0,0.4666666666666667,1.0,0.5733333333333334,0.414476828963746,0.9000121309832901
RE2-OB,mem,0.1,2032,15,0.0,0.6,1.0,0.6,0.414476828963746,0.9000121309832901
RE2-OB,mem,0.1,2033,15,0.06666666666666667,0.4666666666666667,1.0,0.56,0.414476828963746,0.9000121309832901
RE2-OB,mem,0.1,2034,15,0.06666666666666667,0.4666666666666667,1.0,0.5866666666666667,0.414476828963746,0.9000121309832901
RE2-OB,mem,0.1,2035,15,0.0,0.6,1.0,0.5866666666666667,0.414476828963746,0.9000121309832901
RE2-OB,mem,0.15,2026,15,0.0,0.6,1.0,0.6,0.39144756754563553,0.8500013012042376
RE2-OB,mem,0.15,2027,15,0.06666666666666667,0.6,1.0,0.6133333333333334,0.39144756754563553,0.8500013012042376
RE2-OB,mem,0.15,2028,15,0.0,0.5333333333333333,1.0,0.5866666666666667,0.39144756754563553,0.8500013012042376
RE2-OB,mem,0.15,2029,15,0.0,0.6,1.0,0.6,0.39144756754563553,0.8500013012042376
RE2-OB,mem,0.15,2030,15,0.06666666666666667,0.6,1.0,0.6133333333333334,0.39144756754563553,0.8500013012042376
RE2-OB,mem,0.15,2031,15,0.06666666666666667,0.6,1.0,0.6133333333333334,0.39144756754563553,0.8500013012042376
RE2-OB,mem,0.15,2032,15,0.0,0.5333333333333333,1.0,0.5866666666666667,0.39144756754563553,0.8500013012042376
RE2-OB,mem,0.15,2033,15,0.06666666666666667,0.6,1.0,0.6133333333333334,0.39144756754563553,0.8500013012042376
RE2-OB,mem,0.15,2034,15,0.0,0.6,1.0,0.6,0.39144756754563553,0.8500013012042376
RE2-OB,mem,0.15,2035,15,0.06666666666666667,0.6,0.9333333333333333,0.5866666666666667,0.39144756754563553,0.8500013012042376
RE2-OB,mem,0.2,2026,15,0.0,0.6,1.0,0.6,0.3684173376695972,0.7999972005754007
RE2-OB,mem,0.2,2027,15,0.0,0.5333333333333333,1.0,0.5866666666666667,0.3684173376695972,0.7999972005754007
RE2-OB,mem,0.2,2028,15,0.0,0.6,1.0,0.6,0.3684173376695972,0.7999972005754007
RE2-OB,mem,0.2,2029,15,0.06666666666666667,0.5333333333333333,1.0,0.6,0.3684173376695972,0.7999972005754007
RE2-OB,mem,0.2,2030,15,0.0,0.6,1.0,0.5866666666666667,0.3684173376695972,0.7999972005754007
RE2-OB,mem,0.2,2031,15,0.0,0.5333333333333333,1.0,0.5866666666666667,0.3684173376695972,0.7999972005754007
RE2-OB,mem,0.2,2032,15,0.0,0.5333333333333333,1.0,0.5866666666666667,0.3684173376695972,0.7999972005754007
RE2-OB,mem,0.2,2033,15,0.06666666666666667,0.5333333333333333,1.0,0.6,0.3684173376695972,0.7999972005754007
RE2-OB,mem,0.2,2034,15,0.0,0.5333333333333333,1.0,0.5866666666666667,0.3684173376695972,0.7999972005754007
RE2-OB,mem,0.2,2035,15,0.0,0.6,1.0,0.6,0.3684173376695972,0.7999972005754007
RE2-OB,mem,0.25,2026,15,0.06666666666666667,0.5333333333333333,1.0,0.6,0.3453914150706759,0.7499949915623504
RE2-OB,mem,0.25,2027,15,0.06666666666666667,0.6,1.0,0.6133333333333334,0.3453914150706759,0.7499949915623504
RE2-OB,mem,0.25,2028,15,0.06666666666666667,0.6,1.0,0.6,0.3453914150706759,0.7499949915623504
RE2-OB,mem,0.25,2029,15,0.06666666666666667,0.6,0.9333333333333333,0.5866666666666667,0.3453914150706759,0.7499949915623504
RE2-OB,mem,0.25,2030,15,0.0,0.5333333333333333,1.0,0.5866666666666667,0.3453914150706759,0.7499949915623504
RE2-OB,mem,0.25,2031,15,0.0,0.5333333333333333,1.0,0.5866666666666667,0.3453914150706759,0.7499949915623504
RE2-OB,mem,0.25,2032,15,0.06666666666666667,0.5333333333333333,1.0,0.6,0.3453914150706759,0.7499949915623504
RE2-OB,mem,0.25,2033,15,0.06666666666666667,0.5333333333333333,1.0,0.6,0.3453914150706759,0.7499949915623504
RE2-OB,mem,0.25,2034,15,0.0,0.5333333333333333,1.0,0.5866666666666667,0.3453914150706759,0.7499949915623504
RE2-OB,mem,0.25,2035,15,0.0,0.5333333333333333,1.0,0.5866666666666667,0.3453914150706759,0.7499949915623504
RE2-OB,mem,0.35,2026,15,0.0,0.5333333333333333,1.0,0.5866666666666667,0.29934396959682186,0.6500068684166812
RE2-OB,mem,0.35,2027,15,0.0,0.5333333333333333,1.0,0.5866666666666667,0.29934396959682186,0.6500068684166812
RE2-OB,mem,0.35,2028,15,0.0,0.5333333333333333,1.0,0.5866666666666667,0.29934396959682186,0.6500068684166812
RE2-OB,mem,0.35,2029,15,0.0,0.5333333333333333,1.0,0.5866666666666667,0.29934396959682186,0.6500068684166812
RE2-OB,mem,0.35,2030,15,0.06666666666666667,0.5333333333333333,1.0,0.6,0.29934396959682186,0.6500068684166812
RE2-OB,mem,0.35,2031,15,0.0,0.4666666666666667,1.0,0.5733333333333334,0.29934396959682186,0.6500068684166812
RE2-OB,mem,0.35,2032,15,0.0,0.6,1.0,0.6,0.29934396959682186,0.6500068684166812
RE2-OB,mem,0.35,2033,15,0.0,0.6,1.0,0.6,0.29934396959682186,0.6500068684166812
RE2-OB,mem,0.35,2034,15,0.06666666666666667,0.5333333333333333,1.0,0.6,0.29934396959682186,0.6500068684166812
RE2-OB,mem,0.35,2035,15,0.06666666666666667,0.6,1.0,0.6133333333333334,0.29934396959682186,0.6500068684166812
RE2-OB,mem,0.5,2026,15,0.0,0.6,1.0,0.6,0.23025853597341028,0.49998970915784186
RE2-OB,mem,0.5,2027,15,0.06666666666666667,0.5333333333333333,1.0,0.6,0.23025853597341028,0.49998970915784186
RE2-OB,mem,0.5,2028,15,0.06666666666666667,0.6,1.0,0.6133333333333334,0.23025853597341028,0.49998970915784186
RE2-OB,mem,0.5,2029,15,0.0,0.5333333333333333,1.0,0.5866666666666667,0.23025853597341028,0.49998970915784186
RE2-OB,mem,0.5,2030,15,0.0,0.5333333333333333,1.0,0.5866666666666667,0.23025853597341028,0.49998970915784186
RE2-OB,mem,0.5,2031,15,0.0,0.5333333333333333,1.0,0.5866666666666667,0.23025853597341028,0.49998970915784186
RE2-OB,mem,0.5,2032,15,0.0,0.5333333333333333,1.0,0.5733333333333334,0.23025853597341028,0.49998970915784186
RE2-OB,mem,0.5,2033,15,0.0,0.5333333333333333,1.0,0.5866666666666667,0.23025853597341028,0.49998970915784186
RE2-OB,mem,0.5,2034,15,0.0,0.6,1.0,0.6,0.23025853597341028,0.49998970915784186
RE2-OB,mem,0.5,2035,15,0.0,0.5333333333333333,1.0,0.5866666666666667,0.23025853597341028,0.49998970915784186
RE2-OB,mem,0.75,2026,15,0.0,0.5333333333333333,1.0,0.5866666666666667,0.11513277373820882,0.25000500843764956
RE2-OB,mem,0.75,2027,15,0.0,0.5333333333333333,1.0,0.5866666666666667,0.11513277373820882,0.25000500843764956
RE2-OB,mem,0.75,2028,15,0.0,0.6,1.0,0.6,0.11513277373820882,0.25000500843764956
RE2-OB,mem,0.75,2029,15,0.06666666666666667,0.6,1.0,0.6133333333333334,0.11513277373820882,0.25000500843764956
RE2-OB,mem,0.75,2030,15,0.0,0.5333333333333333,1.0,0.5866666666666667,0.11513277373820882,0.25000500843764956
RE2-OB,mem,0.75,2031,15,0.0,0.5333333333333333,1.0,0.5866666666666667,0.11513277373820882,0.25000500843764956
RE2-OB,mem,0.75,2032,15,0.0,0.5333333333333333,1.0,0.5866666666666667,0.11513277373820882,0.25000500843764956
RE2-OB,mem,0.75,2033,15,0.0,0.5333333333333333,1.0,0.5866666666666667,0.11513277373820882,0.25000500843764956
RE2-OB,mem,0.75,2034,15,0.0,0.5333333333333333,1.0,0.5866666666666667,0.11513277373820882,0.25000500843764956
RE2-OB,mem,0.75,2035,15,0.0,0.5333333333333333,1.0,0.5866666666666667,0.11513277373820882,0.25000500843764956
RE2-OB,mem,1.0,2026,15,0.0,0.5333333333333333,1.0,0.5866666666666667,0.0,0.0
RE2-OB,mem,1.0,2027,15,0.0,0.5333333333333333,1.0,0.5866666666666667,0.0,0.0
RE2-OB,mem,1.0,2028,15,0.0,0.5333333333333333,1.0,0.5866666666666667,0.0,0.0
RE2-OB,mem,1.0,2029,15,0.0,0.5333333333333333,1.0,0.5866666666666667,0.0,0.0
RE2-OB,mem,1.0,2030,15,0.0,0.5333333333333333,1.0,0.5866666666666667,0.0,0.0
RE2-OB,mem,1.0,2031,15,0.0,0.5333333333333333,1.0,0.5866666666666667,0.0,0.0
RE2-OB,mem,1.0,2032,15,0.0,0.5333333333333333,1.0,0.5866666666666667,0.0,0.0
RE2-OB,mem,1.0,2033,15,0.0,0.5333333333333333,1.0,0.5866666666666667,0.0,0.0
RE2-OB,mem,1.0,2034,15,0.0,0.5333333333333333,1.0,0.5866666666666667,0.0,0.0
RE2-OB,mem,1.0,2035,15,0.0,0.5333333333333333,1.0,0.5866666666666667,0.0,0.0
RE2-OB,socket,0.05,2026,15,0.13333333333333333,0.6,0.9333333333333333,0.56,0.46088762119608123,0.9499993448994547
RE2-OB,socket,0.05,2027,15,0.13333333333333333,0.7333333333333333,0.9333333333333333,0.6133333333333333,0.46088762119608123,0.9499993448994547
RE2-OB,socket,0.05,2028,15,0.13333333333333333,0.7333333333333333,1.0,0.64,0.46088762119608123,0.9499993448994547
RE2-OB,socket,0.05,2029,15,0.13333333333333333,0.6,0.9333333333333333,0.56,0.46088762119608123,0.9499993448994547
RE2-OB,socket,0.05,2030,15,0.13333333333333333,0.8,0.9333333333333333,0.6666666666666666,0.46088762119608123,0.9499993448994547
RE2-OB,socket,0.05,2031,15,0.2,0.8,1.0,0.6933333333333334,0.46088762119608123,0.9499993448994547
RE2-OB,socket,0.05,2032,15,0.2,0.7333333333333333,1.0,0.6666666666666666,0.46088762119608123,0.9499993448994547
RE2-OB,socket,0.05,2033,15,0.2,0.6666666666666666,0.9333333333333333,0.6266666666666667,0.46088762119608123,0.9499993448994547
RE2-OB,socket,0.05,2034,15,0.2,0.7333333333333333,1.0,0.6533333333333334,0.46088762119608123,0.9499993448994547
RE2-OB,socket,0.05,2035,15,0.2,0.6666666666666666,0.9333333333333333,0.6266666666666667,0.46088762119608123,0.9499993448994547
RE2-OB,socket,0.1,2026,15,0.13333333333333333,0.6,1.0,0.6266666666666667,0.4366322431890669,0.9000037671913605
RE2-OB,socket,0.1,2027,15,0.13333333333333333,0.8,1.0,0.6799999999999999,0.4366322431890669,0.9000037671913605
RE2-OB,socket,0.1,2028,15,0.13333333333333333,0.7333333333333333,1.0,0.6533333333333334,0.4366322431890669,0.9000037671913605
RE2-OB,socket,0.1,2029,15,0.2,0.7333333333333333,0.8666666666666667,0.64,0.4366322431890669,0.9000037671913605
RE2-OB,socket,0.1,2030,15,0.2,0.7333333333333333,1.0,0.6799999999999999,0.4366322431890669,0.9000037671913605
RE2-OB,socket,0.1,2031,15,0.2,0.7333333333333333,1.0,0.6533333333333334,0.4366322431890669,0.9000037671913605
RE2-OB,socket,0.1,2032,15,0.2,0.8,1.0,0.6799999999999999,0.4366322431890669,0.9000037671913605
RE2-OB,socket,0.1,2033,15,0.13333333333333333,0.6,0.9333333333333333,0.5733333333333334,0.4366322431890669,0.9000037671913605
RE2-OB,socket,0.1,2034,15,0.2,0.7333333333333333,0.9333333333333333,0.68,0.4366322431890669,0.9000037671913605
RE2-OB,socket,0.1,2035,15,0.2,0.6,1.0,0.6133333333333333,0.4366322431890669,0.9000037671913605
RE2-OB,socket,0.15,2026,15,0.2,0.7333333333333333,0.9333333333333333,0.6533333333333334,0.4123734531884187,0.849998655212093
RE2-OB,socket,0.15,2027,15,0.2,0.8,1.0,0.6933333333333334,0.4123734531884187,0.849998655212093
RE2-OB,socket,0.15,2028,15,0.13333333333333333,0.6666666666666666,0.9333333333333333,0.6266666666666667,0.4123734531884187,0.849998655212093
RE2-OB,socket,0.15,2029,15,0.2,0.8,1.0,0.6799999999999999,0.4123734531884187,0.849998655212093
RE2-OB,socket,0.15,2030,15,0.13333333333333333,0.7333333333333333,1.0,0.6666666666666666,0.4123734531884187,0.849998655212093
RE2-OB,socket,0.15,2031,15,0.13333333333333333,0.7333333333333333,1.0,0.6666666666666666,0.4123734531884187,0.849998655212093
RE2-OB,socket,0.15,2032,15,0.13333333333333333,0.8,1.0,0.6533333333333334,0.4123734531884187,0.849998655212093
RE2-OB,socket,0.15,2033,15,0.2,0.8,1.0,0.7066666666666667,0.4123734531884187,0.849998655212093
RE2-OB,socket,0.15,2034,15,0.2,0.8,1.0,0.6799999999999999,0.4123734531884187,0.849998655212093
RE2-OB,socket,0.15,2035,15,0.13333333333333333,0.6666666666666666,1.0,0.6533333333333334,0.4123734531884187,0.849998655212093
RE2-OB,socket,0.2,2026,15,0.2,0.8,1.0,0.6933333333333334,0.3881126817605434,0.7999922799251904
RE2-OB,socket,0.2,2027,15,0.13333333333333333,0.6666666666666666,1.0,0.64,0.3881126817605434,0.7999922799251904
RE2-OB,socket,0.2,2028,15,0.13333333333333333,0.7333333333333333,1.0,0.6666666666666666,0.3881126817605434,0.7999922799251904
RE2-OB,socket,0.2,2029,15,0.13333333333333333,0.8,1.0,0.6933333333333334,0.3881126817605434,0.7999922799251904
RE2-OB,socket,0.2,2030,15,0.2,0.8,1.0,0.6933333333333334,0.3881126817605434,0.7999922799251904
RE2-OB,socket,0.2,2031,15,0.2,0.6666666666666666,1.0,0.6533333333333334,0.3881126817605434,0.7999922799251904
RE2-OB,socket,0.2,2032,15,0.2,0.8,1.0,0.6933333333333334,0.3881126817605434,0.7999922799251904
RE2-OB,socket,0.2,2033,15,0.2,0.8,1.0,0.6933333333333334,0.3881126817605434,0.7999922799251904
RE2-OB,socket,0.2,2034,15,0.2,0.7333333333333333,1.0,0.6799999999999999,0.3881126817605434,0.7999922799251904
RE2-OB,socket,0.2,2035,15,0.13333333333333333,0.7333333333333333,1.0,0.6666666666666666,0.3881126817605434,0.7999922799251904
RE2-OB,socket,0.25,2026,15,0.13333333333333333,0.7333333333333333,0.9333333333333333,0.6533333333333334,0.36385737137852736,0.7499970107243595
RE2-OB,socket,0.25,2027,15,0.2,0.8,1.0,0.7066666666666667,0.36385737137852736,0.7499970107243595
RE2-OB,socket,0.25,2028,15,0.2,0.7333333333333333,1.0,0.6933333333333334,0.36385737137852736,0.7499970107243595
RE2-OB,socket,0.25,2029,15,0.13333333333333333,0.8,1.0,0.6799999999999999,0.36385737137852736,0.7499970107243595
RE2-OB,socket,0.25,2030,15,0.13333333333333333,0.8,1.0,0.6799999999999999,0.36385737137852736,0.7499970107243595
RE2-OB,socket,0.25,2031,15,0.13333333333333333,0.6666666666666666,0.9333333333333333,0.6266666666666667,0.36385737137852736,0.7499970107243595
RE2-OB,socket,0.25,2032,15,0.2,0.6666666666666666,0.9333333333333333,0.64,0.36385737137852736,0.7499970107243595
RE2-OB,socket,0.25,2033,15,0.2,0.7333333333333333,1.0,0.6666666666666666,0.36385737137852736,0.7499970107243595
RE2-OB,socket,0.25,2034,15,0.2,0.8,1.0,0.7066666666666667,0.36385737137852736,0.7499970107243595
RE2-OB,socket,0.25,2035,15,0.2,0.8,1.0,0.6933333333333334,0.36385737137852736,0.7499970107243595
RE2-OB,socket,0.35,2026,15,0.2,0.8,1.0,0.6933333333333334,0.3153459456779915,0.6500019060157131
RE2-OB,socket,0.35,2027,15,0.2,0.8,1.0,0.6933333333333334,0.3153459456779915,0.6500019060157131
RE2-OB,socket,0.35,2028,15,0.13333333333333333,0.7333333333333333,1.0,0.6533333333333334,0.3153459456779915,0.6500019060157131
RE2-OB,socket,0.35,2029,15,0.13333333333333333,0.8,1.0,0.6799999999999999,0.3153459456779915,0.6500019060157131
RE2-OB,socket,0.35,2030,15,0.13333333333333333,0.8,1.0,0.6933333333333334,0.3153459456779915,0.6500019060157131
RE2-OB,socket,0.35,2031,15,0.13333333333333333,0.7333333333333333,1.0,0.68,0.3153459456779915,0.6500019060157131
RE2-OB,socket,0.35,2032,15,0.2,0.8,1.0,0.6933333333333334,0.3153459456779915,0.6500019060157131
RE2-OB,socket,0.35,2033,15,0.13333333333333333,0.8,1.0,0.6666666666666666,0.3153459456779915,0.6500019060157131
RE2-OB,socket,0.35,2034,15,0.13333333333333333,0.7333333333333333,1.0,0.68,0.3153459456779915,0.6500019060157131
RE2-OB,socket,0.35,2035,15,0.2,0.7333333333333333,1.0,0.6666666666666666,0.3153459456779915,0.6500019060157131
RE2-OB,socket,0.5,2026,15,0.13333333333333333,0.8,1.0,0.6933333333333334,0.24257185595240127,0.49999952464764313
RE2-OB,socket,0.5,2027,15,0.13333333333333333,0.7333333333333333,0.9333333333333333,0.6533333333333334,0.24257185595240127,0.49999952464764313
RE2-OB,socket,0.5,2028,15,0.13333333333333333,0.7333333333333333,0.9333333333333333,0.64,0.24257185595240127,0.49999952464764313
RE2-OB,socket,0.5,2029,15,0.13333333333333333,0.7333333333333333,1.0,0.6666666666666666,0.24257185595240127,0.49999952464764313
RE2-OB,socket,0.5,2030,15,0.2,0.7333333333333333,1.0,0.6799999999999999,0.24257185595240127,0.49999952464764313
RE2-OB,socket,0.5,2031,15,0.2,0.7333333333333333,0.9333333333333333,0.6533333333333334,0.24257185595240127,0.49999952464764313
RE2-OB,socket,0.5,2032,15,0.13333333333333333,0.8,1.0,0.6933333333333334,0.24257185595240127,0.49999952464764313
RE2-OB,socket,0.5,2033,15,0.2,0.8,1.0,0.7066666666666667,0.24257185595240127,0.49999952464764313
RE2-OB,socket,0.5,2034,15,0.13333333333333333,0.7333333333333333,1.0,0.6666666666666666,0.24257185595240127,0.49999952464764313
RE2-OB,socket,0.5,2035,15,0.13333333333333333,0.8,1.0,0.6933333333333334,0.24257185595240127,0.49999952464764313
RE2-OB,socket,0.75,2026,15,0.13333333333333333,0.8,1.0,0.6933333333333334,0.1212882460972641,0.2500029892756404
RE2-OB,socket,0.75,2027,15,0.2,0.8,1.0,0.7066666666666667,0.1212882460972641,0.2500029892756404
RE2-OB,socket,0.75,2028,15,0.13333333333333333,0.8,1.0,0.6933333333333334,0.1212882460972641,0.2500029892756404
RE2-OB,socket,0.75,2029,15,0.13333333333333333,0.7333333333333333,1.0,0.68,0.1212882460972641,0.2500029892756404
RE2-OB,socket,0.75,2030,15,0.13333333333333333,0.7333333333333333,1.0,0.68,0.1212882460972641,0.2500029892756404
RE2-OB,socket,0.75,2031,15,0.13333333333333333,0.8,1.0,0.6933333333333334,0.1212882460972641,0.2500029892756404
RE2-OB,socket,0.75,2032,15,0.13333333333333333,0.8,1.0,0.6933333333333334,0.1212882460972641,0.2500029892756404
RE2-OB,socket,0.75,2033,15,0.13333333333333333,0.8,1.0,0.6933333333333334,0.1212882460972641,0.2500029892756404
RE2-OB,socket,0.75,2034,15,0.2,0.8,1.0,0.7066666666666667,0.1212882460972641,0.2500029892756404
RE2-OB,socket,0.75,2035,15,0.2,0.7333333333333333,1.0,0.6933333333333334,0.1212882460972641,0.2500029892756404
RE2-OB,socket,1.0,2026,15,0.13333333333333333,0.8,1.0,0.6933333333333334,0.0,0.0
RE2-OB,socket,1.0,2027,15,0.13333333333333333,0.8,1.0,0.6933333333333334,0.0,0.0
RE2-OB,socket,1.0,2028,15,0.13333333333333333,0.8,1.0,0.6933333333333334,0.0,0.0
RE2-OB,socket,1.0,2029,15,0.13333333333333333,0.8,1.0,0.6933333333333334,0.0,0.0
RE2-OB,socket,1.0,2030,15,0.13333333333333333,0.8,1.0,0.6933333333333334,0.0,0.0
RE2-OB,socket,1.0,2031,15,0.13333333333333333,0.8,1.0,0.6933333333333334,0.0,0.0
RE2-OB,socket,1.0,2032,15,0.13333333333333333,0.8,1.0,0.6933333333333334,0.0,0.0
RE2-OB,socket,1.0,2033,15,0.13333333333333333,0.8,1.0,0.6933333333333334,0.0,0.0
RE2-OB,socket,1.0,2034,15,0.13333333333333333,0.8,1.0,0.6933333333333334,0.0,0.0
RE2-OB,socket,1.0,2035,15,0.13333333333333333,0.8,1.0,0.6933333333333334,0.0,0.0
RE2-TT,cpu,0.05,2026,15,0.9333333333333333,1.0,1.0,0.9866666666666667,0.4674568352069561,0.9499857158990699
RE2-TT,cpu,0.05,2027,15,0.8,1.0,1.0,0.9600000000000001,0.4674568352069561,0.9499857158990699
RE2-TT,cpu,0.05,2028,15,0.8666666666666667,1.0,1.0,0.9600000000000001,0.4674568352069561,0.9499857158990699
RE2-TT,cpu,0.05,2029,15,0.8666666666666667,1.0,1.0,0.9733333333333333,0.4674568352069561,0.9499857158990699
RE2-TT,cpu,0.05,2030,15,0.8666666666666667,1.0,1.0,0.9733333333333333,0.4674568352069561,0.9499857158990699
RE2-TT,cpu,0.05,2031,15,0.8666666666666667,1.0,1.0,0.9733333333333333,0.4674568352069561,0.9499857158990699
RE2-TT,cpu,0.05,2032,15,0.8666666666666667,1.0,1.0,0.9733333333333333,0.4674568352069561,0.9499857158990699
RE2-TT,cpu,0.05,2033,15,0.7333333333333333,1.0,1.0,0.9466666666666667,0.4674568352069561,0.9499857158990699
RE2-TT,cpu,0.05,2034,15,0.8,1.0,1.0,0.9600000000000001,0.4674568352069561,0.9499857158990699
RE2-TT,cpu,0.05,2035,15,0.9333333333333333,1.0,1.0,0.9866666666666667,0.4674568352069561,0.9499857158990699
RE2-TT,cpu,0.1,2026,15,0.8,1.0,1.0,0.9600000000000001,0.44286620260496606,0.9000126232134942
RE2-TT,cpu,0.1,2027,15,0.8,1.0,1.0,0.9600000000000001,0.44286620260496606,0.9000126232134942
RE2-TT,cpu,0.1,2028,15,0.8,1.0,1.0,0.9600000000000001,0.44286620260496606,0.9000126232134942
RE2-TT,cpu,0.1,2029,15,0.8666666666666667,1.0,1.0,0.9733333333333333,0.44286620260496606,0.9000126232134942
RE2-TT,cpu,0.1,2030,15,0.9333333333333333,1.0,1.0,0.9866666666666667,0.44286620260496606,0.9000126232134942
RE2-TT,cpu,0.1,2031,15,0.8,1.0,1.0,0.9600000000000001,0.44286620260496606,0.9000126232134942
RE2-TT,cpu,0.1,2032,15,0.8666666666666667,1.0,1.0,0.9733333333333333,0.44286620260496606,0.9000126232134942
RE2-TT,cpu,0.1,2033,15,0.8,1.0,1.0,0.9600000000000001,0.44286620260496606,0.9000126232134942
RE2-TT,cpu,0.1,2034,15,0.8,1.0,1.0,0.9600000000000001,0.44286620260496606,0.9000126232134942
RE2-TT,cpu,0.1,2035,15,0.8666666666666667,1.0,1.0,0.9733333333333333,0.44286620260496606,0.9000126232134942
RE2-TT,cpu,0.15,2026,15,0.8,1.0,1.0,0.9600000000000001,0.4182554380165287,0.8499956588648501
RE2-TT,cpu,0.15,2027,15,0.8666666666666667,1.0,1.0,0.9733333333333333,0.4182554380165287,0.8499956588648501
RE2-TT,cpu,0.15,2028,15,0.9333333333333333,1.0,1.0,0.9866666666666667,0.4182554380165287,0.8499956588648501
RE2-TT,cpu,0.15,2029,15,0.8666666666666667,1.0,1.0,0.9733333333333333,0.4182554380165287,0.8499956588648501
RE2-TT,cpu,0.15,2030,15,0.8666666666666667,1.0,1.0,0.9733333333333333,0.4182554380165287,0.8499956588648501
RE2-TT,cpu,0.15,2031,15,0.8,1.0,1.0,0.9600000000000001,0.4182554380165287,0.8499956588648501
RE2-TT,cpu,0.15,2032,15,0.8666666666666667,1.0,1.0,0.9733333333333333,0.4182554380165287,0.8499956588648501
RE2-TT,cpu,0.15,2033,15,0.9333333333333333,1.0,1.0,0.9866666666666667,0.4182554380165287,0.8499956588648501
RE2-TT,cpu,0.15,2034,15,0.8,1.0,1.0,0.9600000000000001,0.4182554380165287,0.8499956588648501
RE2-TT,cpu,0.15,2035,15,0.8666666666666667,1.0,1.0,0.9733333333333333,0.4182554380165287,0.8499956588648501
RE2-TT,cpu,0.2,2026,15,0.8666666666666667,1.0,1.0,0.9733333333333333,0.39364596926090417,0.7999848830169959
RE2-TT,cpu,0.2,2027,15,0.8666666666666667,1.0,1.0,0.9733333333333333,0.39364596926090417,0.7999848830169959
RE2-TT,cpu,0.2,2028,15,0.9333333333333333,1.0,1.0,0.9866666666666667,0.39364596926090417,0.7999848830169959
RE2-TT,cpu,0.2,2029,15,0.9333333333333333,1.0,1.0,0.9866666666666667,0.39364596926090417,0.7999848830169959
RE2-TT,cpu,0.2,2030,15,0.9333333333333333,1.0,1.0,0.9866666666666667,0.39364596926090417,0.7999848830169959
RE2-TT,cpu,0.2,2031,15,0.8,1.0,1.0,0.9600000000000001,0.39364596926090417,0.7999848830169959
RE2-TT,cpu,0.2,2032,15,0.8,1.0,1.0,0.9600000000000001,0.39364596926090417,0.7999848830169959
RE2-TT,cpu,0.2,2033,15,0.8666666666666667,1.0,1.0,0.9733333333333333,0.39364596926090417,0.7999848830169959
RE2-TT,cpu,0.2,2034,15,0.9333333333333333,1.0,1.0,0.9866666666666667,0.39364596926090417,0.7999848830169959
RE2-TT,cpu,0.2,2035,15,0.8,1.0,1.0,0.9600000000000001,0.39364596926090417,0.7999848830169959
RE2-TT,cpu,0.25,2026,15,0.8666666666666667,1.0,1.0,0.9733333333333333,0.36904502063269706,0.7499891483503079
RE2-TT,cpu,0.25,2027,15,0.8666666666666667,1.0,1.0,0.9733333333333333,0.36904502063269706,0.7499891483503079
RE2-TT,cpu,0.25,2028,15,0.8,1.0,1.0,0.9600000000000001,0.36904502063269706,0.7499891483503079
RE2-TT,cpu,0.25,2029,15,0.8,1.0,1.0,0.9600000000000001,0.36904502063269706,0.7499891483503079
RE2-TT,cpu,0.25,2030,15,0.8666666666666667,1.0,1.0,0.9733333333333333,0.36904502063269706,0.7499891483503079
RE2-TT,cpu,0.25,2031,15,0.8,1.0,1.0,0.9600000000000001,0.36904502063269706,0.7499891483503079
RE2-TT,cpu,0.25,2032,15,0.8666666666666667,1.0,1.0,0.9733333333333333,0.36904502063269706,0.7499891483503079
RE2-TT,cpu,0.25,2033,15,0.9333333333333333,1.0,1.0,0.9866666666666667,0.36904502063269706,0.7499891483503079
RE2-TT,cpu,0.25,2034,15,0.9333333333333333,1.0,1.0,0.9866666666666667,0.36904502063269706,0.7499891483503079
RE2-TT,cpu,0.25,2035,15,0.8,1.0,1.0,0.9600000000000001,0.36904502063269706,0.7499891483503079
RE2-TT,cpu,0.35,2026,15,0.8666666666666667,1.0,1.0,0.9733333333333333,0.31984436211376016,0.6500011112503622
RE2-TT,cpu,0.35,2027,15,0.8,1.0,1.0,0.9600000000000001,0.31984436211376016,0.6500011112503622
RE2-TT,cpu,0.35,2028,15,0.9333333333333333,1.0,1.0,0.9866666666666667,0.31984436211376016,0.6500011112503622
RE2-TT,cpu,0.35,2029,15,0.9333333333333333,1.0,1.0,0.9866666666666667,0.31984436211376016,0.6500011112503622
RE2-TT,cpu,0.35,2030,15,0.8666666666666667,1.0,1.0,0.9733333333333333,0.31984436211376016,0.6500011112503622
RE2-TT,cpu,0.35,2031,15,0.8666666666666667,1.0,1.0,0.9733333333333333,0.31984436211376016,0.6500011112503622
RE2-TT,cpu,0.35,2032,15,0.9333333333333333,1.0,1.0,0.9866666666666667,0.31984436211376016,0.6500011112503622
RE2-TT,cpu,0.35,2033,15,0.8666666666666667,1.0,1.0,0.9733333333333333,0.31984436211376016,0.6500011112503622
RE2-TT,cpu,0.35,2034,15,0.8666666666666667,1.0,1.0,0.9733333333333333,0.31984436211376016,0.6500011112503622
RE2-TT,cpu,0.35,2035,15,0.8666666666666667,1.0,1.0,0.9733333333333333,0.31984436211376016,0.6500011112503622
RE2-TT,cpu,0.5,2026,15,0.8666666666666667,1.0,1.0,0.9733333333333333,0.24601313497711216,0.4999586973230003
RE2-TT,cpu,0.5,2027,15,0.8666666666666667,1.0,1.0,0.9733333333333333,0.24601313497711216,0.4999586973230003
RE2-TT,cpu,0.5,2028,15,0.9333333333333333,1.0,1.0,0.9866666666666667,0.24601313497711216,0.4999586973230003
RE2-TT,cpu,0.5,2029,15,0.8666666666666667,1.0,1.0,0.9733333333333333,0.24601313497711216,0.4999586973230003
RE2-TT,cpu,0.5,2030,15,0.8666666666666667,1.0,1.0,0.9733333333333333,0.24601313497711216,0.4999586973230003
RE2-TT,cpu,0.5,2031,15,0.8666666666666667,1.0,1.0,0.9733333333333333,0.24601313497711216,0.4999586973230003
RE2-TT,cpu,0.5,2032,15,0.8666666666666667,1.0,1.0,0.9733333333333333,0.24601313497711216,0.4999586973230003
RE2-TT,cpu,0.5,2033,15,0.9333333333333333,1.0,1.0,0.9866666666666667,0.24601313497711216,0.4999586973230003
RE2-TT,cpu,0.5,2034,15,0.8,1.0,1.0,0.9600000000000001,0.24601313497711216,0.4999586973230003
RE2-TT,cpu,0.5,2035,15,0.8666666666666667,1.0,1.0,0.9733333333333333,0.24601313497711216,0.4999586973230003
RE2-TT,cpu,0.75,2026,15,0.8666666666666667,1.0,1.0,0.9733333333333333,0.12302206379770429,0.250010851649692
RE2-TT,cpu,0.75,2027,15,0.8666666666666667,1.0,1.0,0.9733333333333333,0.12302206379770429,0.250010851649692
RE2-TT,cpu,0.75,2028,15,0.8666666666666667,1.0,1.0,0.9733333333333333,0.12302206379770429,0.250010851649692
RE2-TT,cpu,0.75,2029,15,0.8666666666666667,1.0,1.0,0.9733333333333333,0.12302206379770429,0.250010851649692
RE2-TT,cpu,0.75,2030,15,0.8666666666666667,1.0,1.0,0.9733333333333333,0.12302206379770429,0.250010851649692
RE2-TT,cpu,0.75,2031,15,0.8666666666666667,1.0,1.0,0.9733333333333333,0.12302206379770429,0.250010851649692
RE2-TT,cpu,0.75,2032,15,0.9333333333333333,1.0,1.0,0.9866666666666667,0.12302206379770429,0.250010851649692
RE2-TT,cpu,0.75,2033,15,0.8666666666666667,1.0,1.0,0.9733333333333333,0.12302206379770429,0.250010851649692
RE2-TT,cpu,0.75,2034,15,0.8666666666666667,1.0,1.0,0.9733333333333333,0.12302206379770429,0.250010851649692
RE2-TT,cpu,0.75,2035,15,0.8666666666666667,1.0,1.0,0.9733333333333333,0.12302206379770429,0.250010851649692
RE2-TT,cpu,1.0,2026,15,0.8666666666666667,1.0,1.0,0.9733333333333333,0.0,0.0
RE2-TT,cpu,1.0,2027,15,0.8666666666666667,1.0,1.0,0.9733333333333333,0.0,0.0
RE2-TT,cpu,1.0,2028,15,0.8666666666666667,1.0,1.0,0.9733333333333333,0.0,0.0
RE2-TT,cpu,1.0,2029,15,0.8666666666666667,1.0,1.0,0.9733333333333333,0.0,0.0
RE2-TT,cpu,1.0,2030,15,0.8666666666666667,1.0,1.0,0.9733333333333333,0.0,0.0
RE2-TT,cpu,1.0,2031,15,0.8666666666666667,1.0,1.0,0.9733333333333333,0.0,0.0
RE2-TT,cpu,1.0,2032,15,0.8666666666666667,1.0,1.0,0.9733333333333333,0.0,0.0
RE2-TT,cpu,1.0,2033,15,0.8666666666666667,1.0,1.0,0.9733333333333333,0.0,0.0
RE2-TT,cpu,1.0,2034,15,0.8666666666666667,1.0,1.0,0.9733333333333333,0.0,0.0
RE2-TT,cpu,1.0,2035,15,0.8666666666666667,1.0,1.0,0.9733333333333333,0.0,0.0
RE2-TT,delay,0.05,2026,15,1.0,1.0,1.0,1.0,0.41556868920079887,0.9500610489873939
RE2-TT,delay,0.05,2027,15,1.0,1.0,1.0,1.0,0.41556868920079887,0.9500610489873939
RE2-TT,delay,0.05,2028,15,1.0,1.0,1.0,1.0,0.41556868920079887,0.9500610489873939
RE2-TT,delay,0.05,2029,15,1.0,1.0,1.0,1.0,0.41556868920079887,0.9500610489873939
RE2-TT,delay,0.05,2030,15,1.0,1.0,1.0,1.0,0.41556868920079887,0.9500610489873939
RE2-TT,delay,0.05,2031,15,1.0,1.0,1.0,1.0,0.41556868920079887,0.9500610489873939
RE2-TT,delay,0.05,2032,15,1.0,1.0,1.0,1.0,0.41556868920079887,0.9500610489873939
RE2-TT,delay,0.05,2033,15,1.0,1.0,1.0,1.0,0.41556868920079887,0.9500610489873939
RE2-TT,delay,0.05,2034,15,1.0,1.0,1.0,1.0,0.41556868920079887,0.9500610489873939
RE2-TT,delay,0.05,2035,15,1.0,1.0,1.0,1.0,0.41556868920079887,0.9500610489873939
RE2-TT,delay,0.1,2026,15,1.0,1.0,1.0,1.0,0.3936923412874777,0.9000547468054313
RE2-TT,delay,0.1,2027,15,1.0,1.0,1.0,1.0,0.3936923412874777,0.9000547468054313
RE2-TT,delay,0.1,2028,15,1.0,1.0,1.0,1.0,0.3936923412874777,0.9000547468054313
RE2-TT,delay,0.1,2029,15,1.0,1.0,1.0,1.0,0.3936923412874777,0.9000547468054313
RE2-TT,delay,0.1,2030,15,1.0,1.0,1.0,1.0,0.3936923412874777,0.9000547468054313
RE2-TT,delay,0.1,2031,15,1.0,1.0,1.0,1.0,0.3936923412874777,0.9000547468054313
RE2-TT,delay,0.1,2032,15,1.0,1.0,1.0,1.0,0.3936923412874777,0.9000547468054313
RE2-TT,delay,0.1,2033,15,1.0,1.0,1.0,1.0,0.3936923412874777,0.9000547468054313
RE2-TT,delay,0.1,2034,15,1.0,1.0,1.0,1.0,0.3936923412874777,0.9000547468054313
RE2-TT,delay,0.1,2035,15,1.0,1.0,1.0,1.0,0.3936923412874777,0.9000547468054313
RE2-TT,delay,0.15,2026,15,1.0,1.0,1.0,1.0,0.37182461308032855,0.8500612181472216
RE2-TT,delay,0.15,2027,15,1.0,1.0,1.0,1.0,0.37182461308032855,0.8500612181472216
RE2-TT,delay,0.15,2028,15,1.0,1.0,1.0,1.0,0.37182461308032855,0.8500612181472216
RE2-TT,delay,0.15,2029,15,1.0,1.0,1.0,1.0,0.37182461308032855,0.8500612181472216
RE2-TT,delay,0.15,2030,15,1.0,1.0,1.0,1.0,0.37182461308032855,0.8500612181472216
RE2-TT,delay,0.15,2031,15,1.0,1.0,1.0,1.0,0.37182461308032855,0.8500612181472216
RE2-TT,delay,0.15,2032,15,1.0,1.0,1.0,1.0,0.37182461308032855,0.8500612181472216
RE2-TT,delay,0.15,2033,15,1.0,1.0,1.0,1.0,0.37182461308032855,0.8500612181472216
RE2-TT,delay,0.15,2034,15,1.0,1.0,1.0,1.0,0.37182461308032855,0.8500612181472216
RE2-TT,delay,0.15,2035,15,1.0,1.0,1.0,1.0,0.37182461308032855,0.8500612181472216
RE2-TT,delay,0.2,2026,15,1.0,1.0,1.0,1.0,0.3499088308366122,0.7999410602119459
RE2-TT,delay,0.2,2027,15,1.0,1.0,1.0,1.0,0.3499088308366122,0.7999410602119459
RE2-TT,delay,0.2,2028,15,1.0,1.0,1.0,1.0,0.3499088308366122,0.7999410602119459
RE2-TT,delay,0.2,2029,15,1.0,1.0,1.0,1.0,0.3499088308366122,0.7999410602119459
RE2-TT,delay,0.2,2030,15,1.0,1.0,1.0,1.0,0.3499088308366122,0.7999410602119459
RE2-TT,delay,0.2,2031,15,1.0,1.0,1.0,1.0,0.3499088308366122,0.7999410602119459
RE2-TT,delay,0.2,2032,15,1.0,1.0,1.0,1.0,0.3499088308366122,0.7999410602119459
RE2-TT,delay,0.2,2033,15,1.0,1.0,1.0,1.0,0.3499088308366122,0.7999410602119459
RE2-TT,delay,0.2,2034,15,1.0,1.0,1.0,1.0,0.3499088308366122,0.7999410602119459
RE2-TT,delay,0.2,2035,15,1.0,1.0,1.0,1.0,0.3499088308366122,0.7999410602119459
RE2-TT,delay,0.25,2026,15,1.0,1.0,1.0,1.0,0.32805359407346096,0.7499813424704256
RE2-TT,delay,0.25,2027,15,1.0,1.0,1.0,1.0,0.32805359407346096,0.7499813424704256
RE2-TT,delay,0.25,2028,15,1.0,1.0,1.0,1.0,0.32805359407346096,0.7499813424704256
RE2-TT,delay,0.25,2029,15,1.0,1.0,1.0,1.0,0.32805359407346096,0.7499813424704256
RE2-TT,delay,0.25,2030,15,1.0,1.0,1.0,1.0,0.32805359407346096,0.7499813424704256
RE2-TT,delay,0.25,2031,15,1.0,1.0,1.0,1.0,0.32805359407346096,0.7499813424704256
RE2-TT,delay,0.25,2032,15,1.0,1.0,1.0,1.0,0.32805359407346096,0.7499813424704256
RE2-TT,delay,0.25,2033,15,1.0,1.0,1.0,1.0,0.32805359407346096,0.7499813424704256
RE2-TT,delay,0.25,2034,15,1.0,1.0,1.0,1.0,0.32805359407346096,0.7499813424704256
RE2-TT,delay,0.25,2035,15,1.0,1.0,1.0,1.0,0.32805359407346096,0.7499813424704256
RE2-TT,delay,0.35,2026,15,1.0,1.0,1.0,1.0,0.2843312936196159,0.650030013934242
RE2-TT,delay,0.35,2027,15,1.0,1.0,1.0,1.0,0.2843312936196159,0.650030013934242
RE2-TT,delay,0.35,2028,15,1.0,1.0,1.0,1.0,0.2843312936196159,0.650030013934242
RE2-TT,delay,0.35,2029,15,1.0,1.0,1.0,1.0,0.2843312936196159,0.650030013934242
RE2-TT,delay,0.35,2030,15,1.0,1.0,1.0,1.0,0.2843312936196159,0.650030013934242
RE2-TT,delay,0.35,2031,15,1.0,1.0,1.0,1.0,0.2843312936196159,0.650030013934242
RE2-TT,delay,0.35,2032,15,1.0,1.0,1.0,1.0,0.2843312936196159,0.650030013934242
RE2-TT,delay,0.35,2033,15,1.0,1.0,1.0,1.0,0.2843312936196159,0.650030013934242
RE2-TT,delay,0.35,2034,15,1.0,1.0,1.0,1.0,0.2843312936196159,0.650030013934242
RE2-TT,delay,0.35,2035,15,1.0,1.0,1.0,1.0,0.2843312936196159,0.650030013934242
RE2-TT,delay,0.5,2026,15,1.0,1.0,1.0,1.0,0.21870402393872337,0.49998345166976527
RE2-TT,delay,0.5,2027,15,1.0,1.0,1.0,1.0,0.21870402393872337,0.49998345166976527
RE2-TT,delay,0.5,2028,15,1.0,1.0,1.0,1.0,0.21870402393872337,0.49998345166976527
RE2-TT,delay,0.5,2029,15,1.0,1.0,1.0,1.0,0.21870402393872337,0.49998345166976527
RE2-TT,delay,0.5,2030,15,1.0,1.0,1.0,1.0,0.21870402393872337,0.49998345166976527
RE2-TT,delay,0.5,2031,15,1.0,1.0,1.0,1.0,0.21870402393872337,0.49998345166976527
RE2-TT,delay,0.5,2032,15,1.0,1.0,1.0,1.0,0.21870402393872337,0.49998345166976527
RE2-TT,delay,0.5,2033,15,1.0,1.0,1.0,1.0,0.21870402393872337,0.49998345166976527
RE2-TT,delay,0.5,2034,15,1.0,1.0,1.0,1.0,0.21870402393872337,0.49998345166976527
RE2-TT,delay,0.5,2035,15,1.0,1.0,1.0,1.0,0.21870402393872337,0.49998345166976527
RE2-TT,delay,0.75,2026,15,1.0,1.0,1.0,1.0,0.10935995101261335,0.25001865752957436
RE2-TT,delay,0.75,2027,15,1.0,1.0,1.0,1.0,0.10935995101261335,0.25001865752957436
RE2-TT,delay,0.75,2028,15,1.0,1.0,1.0,1.0,0.10935995101261335,0.25001865752957436
RE2-TT,delay,0.75,2029,15,1.0,1.0,1.0,1.0,0.10935995101261335,0.25001865752957436
RE2-TT,delay,0.75,2030,15,1.0,1.0,1.0,1.0,0.10935995101261335,0.25001865752957436
RE2-TT,delay,0.75,2031,15,1.0,1.0,1.0,1.0,0.10935995101261335,0.25001865752957436
RE2-TT,delay,0.75,2032,15,1.0,1.0,1.0,1.0,0.10935995101261335,0.25001865752957436
RE2-TT,delay,0.75,2033,15,1.0,1.0,1.0,1.0,0.10935995101261335,0.25001865752957436
RE2-TT,delay,0.75,2034,15,1.0,1.0,1.0,1.0,0.10935995101261335,0.25001865752957436
RE2-TT,delay,0.75,2035,15,1.0,1.0,1.0,1.0,0.10935995101261335,0.25001865752957436
RE2-TT,delay,1.0,2026,15,1.0,1.0,1.0,1.0,0.0,0.0
RE2-TT,delay,1.0,2027,15,1.0,1.0,1.0,1.0,0.0,0.0
RE2-TT,delay,1.0,2028,15,1.0,1.0,1.0,1.0,0.0,0.0
RE2-TT,delay,1.0,2029,15,1.0,1.0,1.0,1.0,0.0,0.0
RE2-TT,delay,1.0,2030,15,1.0,1.0,1.0,1.0,0.0,0.0
RE2-TT,delay,1.0,2031,15,1.0,1.0,1.0,1.0,0.0,0.0
RE2-TT,delay,1.0,2032,15,1.0,1.0,1.0,1.0,0.0,0.0
RE2-TT,delay,1.0,2033,15,1.0,1.0,1.0,1.0,0.0,0.0
RE2-TT,delay,1.0,2034,15,1.0,1.0,1.0,1.0,0.0,0.0
RE2-TT,delay,1.0,2035,15,1.0,1.0,1.0,1.0,0.0,0.0
RE2-TT,disk,0.05,2026,15,0.6666666666666666,0.9333333333333333,0.9333333333333333,0.8666666666666667,0.4711349269775751,0.9499587111228874
RE2-TT,disk,0.05,2027,15,0.6666666666666666,0.9333333333333333,0.9333333333333333,0.8666666666666667,0.4711349269775751,0.9499587111228874
RE2-TT,disk,0.05,2028,15,0.7333333333333333,0.9333333333333333,0.9333333333333333,0.8933333333333333,0.4711349269775751,0.9499587111228874
RE2-TT,disk,0.05,2029,15,0.7333333333333333,1.0,1.0,0.9333333333333333,0.4711349269775751,0.9499587111228874
RE2-TT,disk,0.05,2030,15,0.7333333333333333,0.8666666666666667,0.9333333333333333,0.8666666666666667,0.4711349269775751,0.9499587111228874
RE2-TT,disk,0.05,2031,15,0.6666666666666666,0.9333333333333333,0.9333333333333333,0.88,0.4711349269775751,0.9499587111228874
RE2-TT,disk,0.05,2032,15,0.6666666666666666,0.8666666666666667,0.9333333333333333,0.8266666666666667,0.4711349269775751,0.9499587111228874
RE2-TT,disk,0.05,2033,15,0.6666666666666666,1.0,1.0,0.9333333333333333,0.4711349269775751,0.9499587111228874
RE2-TT,disk,0.05,2034,15,0.6666666666666666,0.9333333333333333,0.9333333333333333,0.8666666666666667,0.4711349269775751,0.9499587111228874
RE2-TT,disk,0.05,2035,15,0.5333333333333333,0.8666666666666667,0.8666666666666667,0.8,0.4711349269775751,0.9499587111228874
RE2-TT,disk,0.1,2026,15,0.8,0.9333333333333333,0.9333333333333333,0.9066666666666666,0.4463676904471262,0.9000199757412326
RE2-TT,disk,0.1,2027,15,0.7333333333333333,0.8666666666666667,0.8666666666666667,0.84,0.4463676904471262,0.9000199757412326
RE2-TT,disk,0.1,2028,15,0.8,0.9333333333333333,1.0,0.9333333333333333,0.4463676904471262,0.9000199757412326
RE2-TT,disk,0.1,2029,15,0.7333333333333333,0.9333333333333333,0.9333333333333333,0.8933333333333333,0.4463676904471262,0.9000199757412326
RE2-TT,disk,0.1,2030,15,0.6666666666666666,0.9333333333333333,0.9333333333333333,0.8666666666666667,0.4463676904471262,0.9000199757412326
RE2-TT,disk,0.1,2031,15,0.6666666666666666,1.0,1.0,0.9066666666666666,0.4463676904471262,0.9000199757412326
RE2-TT,disk,0.1,2032,15,0.8,0.9333333333333333,1.0,0.92,0.4463676904471262,0.9000199757412326
RE2-TT,disk,0.1,2033,15,0.8,0.9333333333333333,0.9333333333333333,0.9066666666666666,0.4463676904471262,0.9000199757412326
RE2-TT,disk,0.1,2034,15,0.8,0.9333333333333333,1.0,0.92,0.4463676904471262,0.9000199757412326
RE2-TT,disk,0.1,2035,15,0.7333333333333333,0.8666666666666667,1.0,0.88,0.4463676904471262,0.9000199757412326
RE2-TT,disk,0.15,2026,15,0.7333333333333333,0.9333333333333333,1.0,0.92,0.4215595929369225,0.8499989134013369
RE2-TT,disk,0.15,2027,15,0.8,0.9333333333333333,0.9333333333333333,0.9066666666666666,0.4215595929369225,0.8499989134013369
RE2-TT,disk,0.15,2028,15,0.8,0.9333333333333333,0.9333333333333333,0.9066666666666666,0.4215595929369225,0.8499989134013369
RE2-TT,disk,0.15,2029,15,0.7333333333333333,0.9333333333333333,0.9333333333333333,0.8933333333333333,0.4215595929369225,0.8499989134013369
RE2-TT,disk,0.15,2030,15,0.8,1.0,1.0,0.9600000000000001,0.4215595929369225,0.8499989134013369
RE2-TT,disk,0.15,2031,15,0.7333333333333333,0.9333333333333333,1.0,0.9066666666666666,0.4215595929369225,0.8499989134013369
RE2-TT,disk,0.15,2032,15,0.6666666666666666,0.9333333333333333,0.9333333333333333,0.88,0.4215595929369225,0.8499989134013369
RE2-TT,disk,0.15,2033,15,0.8,0.9333333333333333,0.9333333333333333,0.9066666666666666,0.4215595929369225,0.8499989134013369
RE2-TT,disk,0.15,2034,15,0.8,1.0,1.0,0.9600000000000001,0.4215595929369225,0.8499989134013369
RE2-TT,disk,0.15,2035,15,0.7333333333333333,0.9333333333333333,0.9333333333333333,0.8933333333333333,0.4215595929369225,0.8499989134013369
RE2-TT,disk,0.2,2026,15,0.8,0.9333333333333333,0.9333333333333333,0.9066666666666666,0.3967624667090116,0.7999999361546748
RE2-TT,disk,0.2,2027,15,0.8,0.9333333333333333,0.9333333333333333,0.9066666666666666,0.3967624667090116,0.7999999361546748
RE2-TT,disk,0.2,2028,15,0.6666666666666666,0.8666666666666667,0.9333333333333333,0.8533333333333334,0.3967624667090116,0.7999999361546748
RE2-TT,disk,0.2,2029,15,0.7333333333333333,0.9333333333333333,0.9333333333333333,0.8933333333333333,0.3967624667090116,0.7999999361546748
RE2-TT,disk,0.2,2030,15,0.8,0.9333333333333333,0.9333333333333333,0.9066666666666666,0.3967624667090116,0.7999999361546748
RE2-TT,disk,0.2,2031,15,0.8,0.9333333333333333,0.9333333333333333,0.9066666666666666,0.3967624667090116,0.7999999361546748
RE2-TT,disk,0.2,2032,15,0.6666666666666666,0.9333333333333333,0.9333333333333333,0.88,0.3967624667090116,0.7999999361546748
RE2-TT,disk,0.2,2033,15,0.8,0.9333333333333333,1.0,0.92,0.3967624667090116,0.7999999361546748
RE2-TT,disk,0.2,2034,15,0.8,0.9333333333333333,0.9333333333333333,0.9066666666666666,0.3967624667090116,0.7999999361546748
RE2-TT,disk,0.2,2035,15,0.8,0.9333333333333333,0.9333333333333333,0.9066666666666666,0.3967624667090116,0.7999999361546748
RE2-TT,disk,0.25,2026,15,0.7333333333333333,0.9333333333333333,1.0,0.92,0.37193401968891066,0.7499376960938203
RE2-TT,disk,0.25,2027,15,0.8,0.9333333333333333,0.9333333333333333,0.9066666666666666,0.37193401968891066,0.7499376960938203
RE2-TT,disk,0.25,2028,15,0.8666666666666667,1.0,1.0,0.9733333333333333,0.37193401968891066,0.7499376960938203
RE2-TT,disk,0.25,2029,15,0.6666666666666666,0.9333333333333333,0.9333333333333333,0.88,0.37193401968891066,0.7499376960938203
RE2-TT,disk,0.25,2030,15,0.7333333333333333,0.9333333333333333,1.0,0.9066666666666666,0.37193401968891066,0.7499376960938203
RE2-TT,disk,0.25,2031,15,0.8,0.9333333333333333,0.9333333333333333,0.9066666666666666,0.37193401968891066,0.7499376960938203
RE2-TT,disk,0.25,2032,15,0.8,0.9333333333333333,1.0,0.9333333333333333,0.37193401968891066,0.7499376960938203
RE2-TT,disk,0.25,2033,15,0.8,1.0,1.0,0.9600000000000001,0.37193401968891066,0.7499376960938203
RE2-TT,disk,0.25,2034,15,0.6666666666666666,0.9333333333333333,0.9333333333333333,0.88,0.37193401968891066,0.7499376960938203
RE2-TT,disk,0.25,2035,15,0.7333333333333333,0.9333333333333333,0.9333333333333333,0.8933333333333333,0.37193401968891066,0.7499376960938203
RE2-TT,disk,0.35,2026,15,0.8,0.9333333333333333,1.0,0.92,0.3223588039091624,0.6499785181973629
RE2-TT,disk,0.35,2027,15,0.7333333333333333,1.0,1.0,0.9466666666666667,0.3223588039091624,0.6499785181973629
RE2-TT,disk,0.35,2028,15,0.8,0.9333333333333333,0.9333333333333333,0.9066666666666666,0.3223588039091624,0.6499785181973629
RE2-TT,disk,0.35,2029,15,0.8,0.9333333333333333,0.9333333333333333,0.9066666666666666,0.3223588039091624,0.6499785181973629
RE2-TT,disk,0.35,2030,15,0.8,0.9333333333333333,1.0,0.92,0.3223588039091624,0.6499785181973629
RE2-TT,disk,0.35,2031,15,0.8,1.0,1.0,0.9600000000000001,0.3223588039091624,0.6499785181973629
RE2-TT,disk,0.35,2032,15,0.7333333333333333,0.9333333333333333,0.9333333333333333,0.8933333333333333,0.3223588039091624,0.6499785181973629
RE2-TT,disk,0.35,2033,15,0.7333333333333333,1.0,1.0,0.9466666666666667,0.3223588039091624,0.6499785181973629
RE2-TT,disk,0.35,2034,15,0.7333333333333333,0.9333333333333333,1.0,0.9066666666666666,0.3223588039091624,0.6499785181973629
RE2-TT,disk,0.35,2035,15,0.8,0.9333333333333333,0.9333333333333333,0.9066666666666666,0.3223588039091624,0.6499785181973629
RE2-TT,disk,0.5,2026,15,0.8,0.9333333333333333,0.9333333333333333,0.9066666666666666,0.24794542980960343,0.49993718573449236
RE2-TT,disk,0.5,2027,15,0.8,0.9333333333333333,0.9333333333333333,0.9066666666666666,0.24794542980960343,0.49993718573449236
RE2-TT,disk,0.5,2028,15,0.8,0.9333333333333333,0.9333333333333333,0.9066666666666666,0.24794542980960343,0.49993718573449236
RE2-TT,disk,0.5,2029,15,0.7333333333333333,0.9333333333333333,0.9333333333333333,0.8933333333333333,0.24794542980960343,0.49993718573449236
RE2-TT,disk,0.5,2030,15,0.8,1.0,1.0,0.9466666666666667,0.24794542980960343,0.49993718573449236
RE2-TT,disk,0.5,2031,15,0.8,0.9333333333333333,1.0,0.92,0.24794542980960343,0.49993718573449236
RE2-TT,disk,0.5,2032,15,0.8,0.9333333333333333,0.9333333333333333,0.9066666666666666,0.24794542980960343,0.49993718573449236
RE2-TT,disk,0.5,2033,15,0.7333333333333333,0.9333333333333333,1.0,0.92,0.24794542980960343,0.49993718573449236
RE2-TT,disk,0.5,2034,15,0.8,0.9333333333333333,0.9333333333333333,0.9066666666666666,0.24794542980960343,0.49993718573449236
RE2-TT,disk,0.5,2035,15,0.8,0.9333333333333333,1.0,0.92,0.24794542980960343,0.49993718573449236
RE2-TT,disk,0.75,2026,15,0.7333333333333333,0.9333333333333333,1.0,0.9066666666666666,0.12401906465501217,0.2500623039061796
RE2-TT,disk,0.75,2027,15,0.8,0.9333333333333333,1.0,0.92,0.12401906465501217,0.2500623039061796
RE2-TT,disk,0.75,2028,15,0.7333333333333333,0.9333333333333333,1.0,0.9066666666666666,0.12401906465501217,0.2500623039061796
RE2-TT,disk,0.75,2029,15,0.7333333333333333,0.9333333333333333,1.0,0.9066666666666666,0.12401906465501217,0.2500623039061796
RE2-TT,disk,0.75,2030,15,0.8,0.9333333333333333,0.9333333333333333,0.9066666666666666,0.12401906465501217,0.2500623039061796
RE2-TT,disk,0.75,2031,15,0.8,0.9333333333333333,0.9333333333333333,0.9066666666666666,0.12401906465501217,0.2500623039061796
RE2-TT,disk,0.75,2032,15,0.8,0.9333333333333333,1.0,0.92,0.12401906465501217,0.2500623039061796
RE2-TT,disk,0.75,2033,15,0.8,0.9333333333333333,0.9333333333333333,0.9066666666666666,0.12401906465501217,0.2500623039061796
RE2-TT,disk,0.75,2034,15,0.8,0.9333333333333333,0.9333333333333333,0.9066666666666666,0.12401906465501217,0.2500623039061796
RE2-TT,disk,0.75,2035,15,0.7333333333333333,0.9333333333333333,1.0,0.9066666666666666,0.12401906465501217,0.2500623039061796
RE2-TT,disk,1.0,2026,15,0.8,0.9333333333333333,1.0,0.92,0.0,0.0
RE2-TT,disk,1.0,2027,15,0.8,0.9333333333333333,1.0,0.92,0.0,0.0
RE2-TT,disk,1.0,2028,15,0.8,0.9333333333333333,1.0,0.92,0.0,0.0
RE2-TT,disk,1.0,2029,15,0.8,0.9333333333333333,1.0,0.92,0.0,0.0
RE2-TT,disk,1.0,2030,15,0.8,0.9333333333333333,1.0,0.92,0.0,0.0
RE2-TT,disk,1.0,2031,15,0.8,0.9333333333333333,1.0,0.92,0.0,0.0
RE2-TT,disk,1.0,2032,15,0.8,0.9333333333333333,1.0,0.92,0.0,0.0
RE2-TT,disk,1.0,2033,15,0.8,0.9333333333333333,1.0,0.92,0.0,0.0
RE2-TT,disk,1.0,2034,15,0.8,0.9333333333333333,1.0,0.92,0.0,0.0
RE2-TT,disk,1.0,2035,15,0.8,0.9333333333333333,1.0,0.92,0.0,0.0
RE2-TT,loss,0.05,2026,15,0.7333333333333333,0.8666666666666667,0.9333333333333333,0.84,0.4604369573157692,0.9500202835135776
RE2-TT,loss,0.05,2027,15,0.8666666666666667,0.9333333333333333,1.0,0.9333333333333333,0.4604369573157692,0.9500202835135776
RE2-TT,loss,0.05,2028,15,0.9333333333333333,0.9333333333333333,1.0,0.9600000000000001,0.4604369573157692,0.9500202835135776
RE2-TT,loss,0.05,2029,15,0.8,0.9333333333333333,0.9333333333333333,0.9066666666666666,0.4604369573157692,0.9500202835135776
RE2-TT,loss,0.05,2030,15,0.9333333333333333,0.9333333333333333,1.0,0.9600000000000001,0.4604369573157692,0.9500202835135776
RE2-TT,loss,0.05,2031,15,0.8,0.9333333333333333,0.9333333333333333,0.8933333333333333,0.4604369573157692,0.9500202835135776
RE2-TT,loss,0.05,2032,15,0.8666666666666667,0.8666666666666667,0.9333333333333333,0.8933333333333333,0.4604369573157692,0.9500202835135776
RE2-TT,loss,0.05,2033,15,0.9333333333333333,0.9333333333333333,0.9333333333333333,0.9333333333333333,0.4604369573157692,0.9500202835135776
RE2-TT,loss,0.05,2034,15,0.7333333333333333,1.0,1.0,0.9333333333333333,0.4604369573157692,0.9500202835135776
RE2-TT,loss,0.05,2035,15,0.8,0.8666666666666667,0.8666666666666667,0.8533333333333334,0.4604369573157692,0.9500202835135776
RE2-TT,loss,0.1,2026,15,0.8666666666666667,0.9333333333333333,0.9333333333333333,0.9066666666666666,0.4361825240890212,0.899977018896245
RE2-TT,loss,0.1,2027,15,0.9333333333333333,1.0,1.0,0.9866666666666667,0.4361825240890212,0.899977018896245
RE2-TT,loss,0.1,2028,15,0.8,0.9333333333333333,0.9333333333333333,0.88,0.4361825240890212,0.899977018896245
RE2-TT,loss,0.1,2029,15,0.9333333333333333,1.0,1.0,0.9866666666666667,0.4361825240890212,0.899977018896245
RE2-TT,loss,0.1,2030,15,0.8,0.8666666666666667,0.8666666666666667,0.8533333333333334,0.4361825240890212,0.899977018896245
RE2-TT,loss,0.1,2031,15,0.8666666666666667,0.9333333333333333,1.0,0.92,0.4361825240890212,0.899977018896245
RE2-TT,loss,0.1,2032,15,0.8666666666666667,0.9333333333333333,0.9333333333333333,0.9066666666666666,0.4361825240890212,0.899977018896245
RE2-TT,loss,0.1,2033,15,0.8,0.8666666666666667,1.0,0.9066666666666666,0.4361825240890212,0.899977018896245
RE2-TT,loss,0.1,2034,15,0.8,0.9333333333333333,1.0,0.92,0.4361825240890212,0.899977018896245
RE2-TT,loss,0.1,2035,15,0.9333333333333333,1.0,1.0,0.9866666666666667,0.4361825240890212,0.899977018896245
RE2-TT,loss,0.15,2026,15,0.8666666666666667,0.9333333333333333,1.0,0.92,0.4119600619882286,0.8499973024098227
RE2-TT,loss,0.15,2027,15,0.8,0.9333333333333333,0.9333333333333333,0.8933333333333333,0.4119600619882286,0.8499973024098227
RE2-TT,loss,0.15,2028,15,1.0,1.0,1.0,1.0,0.4119600619882286,0.8499973024098227
RE2-TT,loss,0.15,2029,15,0.8666666666666667,0.9333333333333333,0.9333333333333333,0.9066666666666666,0.4119600619882286,0.8499973024098227
RE2-TT,loss,0.15,2030,15,0.7333333333333333,0.8666666666666667,1.0,0.8533333333333334,0.4119600619882286,0.8499973024098227
RE2-TT,loss,0.15,2031,15,0.8,0.9333333333333333,1.0,0.8933333333333333,0.4119600619882286,0.8499973024098227
RE2-TT,loss,0.15,2032,15,0.8,0.9333333333333333,1.0,0.9066666666666666,0.4119600619882286,0.8499973024098227
RE2-TT,loss,0.15,2033,15,0.8,0.8666666666666667,0.9333333333333333,0.8666666666666667,0.4119600619882286,0.8499973024098227
RE2-TT,loss,0.15,2034,15,0.9333333333333333,1.0,1.0,0.9733333333333333,0.4119600619882286,0.8499973024098227
RE2-TT,loss,0.15,2035,15,0.8666666666666667,0.9333333333333333,0.9333333333333333,0.9066666666666666,0.4119600619882286,0.8499973024098227
RE2-TT,loss,0.2,2026,15,0.8,0.9333333333333333,1.0,0.9333333333333333,0.38773594949775414,0.8000149566508795
RE2-TT,loss,0.2,2027,15,0.8666666666666667,0.9333333333333333,1.0,0.92,0.38773594949775414,0.8000149566508795
RE2-TT,loss,0.2,2028,15,0.7333333333333333,1.0,1.0,0.9066666666666666,0.38773594949775414,0.8000149566508795
RE2-TT,loss,0.2,2029,15,0.8666666666666667,0.9333333333333333,1.0,0.9466666666666667,0.38773594949775414,0.8000149566508795
RE2-TT,loss,0.2,2030,15,0.8666666666666667,1.0,1.0,0.9600000000000001,0.38773594949775414,0.8000149566508795
RE2-TT,loss,0.2,2031,15,0.8,0.9333333333333333,0.9333333333333333,0.8933333333333333,0.38773594949775414,0.8000149566508795
RE2-TT,loss,0.2,2032,15,0.7333333333333333,0.8666666666666667,1.0,0.8666666666666667,0.38773594949775414,0.8000149566508795
RE2-TT,loss,0.2,2033,15,0.9333333333333333,1.0,1.0,0.9866666666666667,0.38773594949775414,0.8000149566508795
RE2-TT,loss,0.2,2034,15,0.8666666666666667,0.9333333333333333,1.0,0.9333333333333333,0.38773594949775414,0.8000149566508795
RE2-TT,loss,0.2,2035,15,0.8,0.9333333333333333,1.0,0.92,0.38773594949775414,0.8000149566508795
RE2-TT,loss,0.25,2026,15,0.8,1.0,1.0,0.92,0.36349386676930634,0.7499961472538935
RE2-TT,loss,0.25,2027,15,0.8,0.9333333333333333,1.0,0.9066666666666666,0.36349386676930634,0.7499961472538935
RE2-TT,loss,0.25,2028,15,0.8666666666666667,0.9333333333333333,0.9333333333333333,0.92,0.36349386676930634,0.7499961472538935
RE2-TT,loss,0.25,2029,15,0.8666666666666667,1.0,1.0,0.9733333333333333,0.36349386676930634,0.7499961472538935
RE2-TT,loss,0.25,2030,15,0.8,1.0,1.0,0.9333333333333333,0.36349386676930634,0.7499961472538935
RE2-TT,loss,0.25,2031,15,0.8666666666666667,0.9333333333333333,1.0,0.9333333333333333,0.36349386676930634,0.7499961472538935
RE2-TT,loss,0.25,2032,15,0.9333333333333333,1.0,1.0,0.9733333333333333,0.36349386676930634,0.7499961472538935
RE2-TT,loss,0.25,2033,15,0.8,0.9333333333333333,0.9333333333333333,0.8933333333333333,0.36349386676930634,0.7499961472538935
RE2-TT,loss,0.25,2034,15,0.8,0.9333333333333333,1.0,0.92,0.36349386676930634,0.7499961472538935
RE2-TT,loss,0.25,2035,15,0.8666666666666667,0.9333333333333333,1.0,0.9333333333333333,0.36349386676930634,0.7499961472538935
RE2-TT,loss,0.35,2026,15,0.8,1.0,1.0,0.9333333333333333,0.31501703337369336,0.649972934137013
RE2-TT,loss,0.35,2027,15,0.7333333333333333,0.9333333333333333,1.0,0.9066666666666666,0.31501703337369336,0.649972934137013
RE2-TT,loss,0.35,2028,15,0.8666666666666667,0.9333333333333333,1.0,0.92,0.31501703337369336,0.649972934137013
RE2-TT,loss,0.35,2029,15,0.8,1.0,1.0,0.9466666666666667,0.31501703337369336,0.649972934137013
RE2-TT,loss,0.35,2030,15,0.7333333333333333,0.9333333333333333,1.0,0.8933333333333333,0.31501703337369336,0.649972934137013
RE2-TT,loss,0.35,2031,15,0.8,0.9333333333333333,1.0,0.92,0.31501703337369336,0.649972934137013
RE2-TT,loss,0.35,2032,15,0.9333333333333333,1.0,1.0,0.9866666666666667,0.31501703337369336,0.649972934137013
RE2-TT,loss,0.35,2033,15,0.8666666666666667,0.9333333333333333,1.0,0.9333333333333333,0.31501703337369336,0.649972934137013
RE2-TT,loss,0.35,2034,15,0.8666666666666667,1.0,1.0,0.9600000000000001,0.31501703337369336,0.649972934137013
RE2-TT,loss,0.35,2035,15,0.8,1.0,1.0,0.9333333333333333,0.31501703337369336,0.649972934137013
RE2-TT,loss,0.5,2026,15,0.8,1.0,1.0,0.9333333333333333,0.24231880034099992,0.4999729335332563
RE2-TT,loss,0.5,2027,15,0.8,0.9333333333333333,1.0,0.92,0.24231880034099992,0.4999729335332563
RE2-TT,loss,0.5,2028,15,0.8,0.9333333333333333,1.0,0.9066666666666666,0.24231880034099992,0.4999729335332563
RE2-TT,loss,0.5,2029,15,0.8666666666666667,1.0,1.0,0.9600000000000001,0.24231880034099992,0.4999729335332563
RE2-TT,loss,0.5,2030,15,0.7333333333333333,0.9333333333333333,1.0,0.88,0.24231880034099992,0.4999729335332563
RE2-TT,loss,0.5,2031,15,0.8666666666666667,1.0,1.0,0.9600000000000001,0.24231880034099992,0.4999729335332563
RE2-TT,loss,0.5,2032,15,0.8,1.0,1.0,0.9333333333333333,0.24231880034099992,0.4999729335332563
RE2-TT,loss,0.5,2033,15,0.8,0.9333333333333333,1.0,0.92,0.24231880034099992,0.4999729335332563
RE2-TT,loss,0.5,2034,15,0.8666666666666667,1.0,1.0,0.9733333333333333,0.24231880034099992,0.4999729335332563
RE2-TT,loss,0.5,2035,15,0.8,0.9333333333333333,1.0,0.92,0.24231880034099992,0.4999729335332563
RE2-TT,loss,0.75,2026,15,0.8,0.9333333333333333,1.0,0.92,0.1211655526472554,0.25000385274610654
RE2-TT,loss,0.75,2027,15,0.8,0.9333333333333333,1.0,0.92,0.1211655526472554,0.25000385274610654
RE2-TT,loss,0.75,2028,15,0.8,1.0,1.0,0.9466666666666667,0.1211655526472554,0.25000385274610654
RE2-TT,loss,0.75,2029,15,0.8,0.9333333333333333,1.0,0.92,0.1211655526472554,0.25000385274610654
RE2-TT,loss,0.75,2030,15,0.8,0.9333333333333333,1.0,0.92,0.1211655526472554,0.25000385274610654
RE2-TT,loss,0.75,2031,15,0.8,1.0,1.0,0.9466666666666667,0.1211655526472554,0.25000385274610654
RE2-TT,loss,0.75,2032,15,0.8666666666666667,1.0,1.0,0.9600000000000001,0.1211655526472554,0.25000385274610654
RE2-TT,loss,0.75,2033,15,0.8,1.0,1.0,0.9333333333333333,0.1211655526472554,0.25000385274610654
RE2-TT,loss,0.75,2034,15,0.8,0.9333333333333333,1.0,0.92,0.1211655526472554,0.25000385274610654
RE2-TT,loss,0.75,2035,15,0.8666666666666667,1.0,1.0,0.9466666666666667,0.1211655526472554,0.25000385274610654
RE2-TT,loss,1.0,2026,15,0.8,1.0,1.0,0.9333333333333333,0.0,0.0
RE2-TT,loss,1.0,2027,15,0.8,1.0,1.0,0.9333333333333333,0.0,0.0
RE2-TT,loss,1.0,2028,15,0.8,1.0,1.0,0.9333333333333333,0.0,0.0
RE2-TT,loss,1.0,2029,15,0.8,1.0,1.0,0.9333333333333333,0.0,0.0
RE2-TT,loss,1.0,2030,15,0.8,1.0,1.0,0.9333333333333333,0.0,0.0
RE2-TT,loss,1.0,2031,15,0.8,1.0,1.0,0.9333333333333333,0.0,0.0
RE2-TT,loss,1.0,2032,15,0.8,1.0,1.0,0.9333333333333333,0.0,0.0
RE2-TT,loss,1.0,2033,15,0.8,1.0,1.0,0.9333333333333333,0.0,0.0
RE2-TT,loss,1.0,2034,15,0.8,1.0,1.0,0.9333333333333333,0.0,0.0
RE2-TT,loss,1.0,2035,15,0.8,1.0,1.0,0.9333333333333333,0.0,0.0
RE2-TT,mem,0.05,2026,15,0.9333333333333333,1.0,1.0,0.9866666666666667,0.466335400239607,0.9500013792619981
RE2-TT,mem,0.05,2027,15,0.8666666666666667,1.0,1.0,0.9733333333333333,0.466335400239607,0.9500013792619981
RE2-TT,mem,0.05,2028,15,0.7333333333333333,1.0,1.0,0.9466666666666667,0.466335400239607,0.9500013792619981
RE2-TT,mem,0.05,2029,15,0.8,1.0,1.0,0.9600000000000001,0.466335400239607,0.9500013792619981
RE2-TT,mem,0.05,2030,15,0.8666666666666667,1.0,1.0,0.9733333333333333,0.466335400239607,0.9500013792619981
RE2-TT,mem,0.05,2031,15,0.8666666666666667,1.0,1.0,0.9733333333333333,0.466335400239607,0.9500013792619981
RE2-TT,mem,0.05,2032,15,0.8,1.0,1.0,0.9600000000000001,0.466335400239607,0.9500013792619981
RE2-TT,mem,0.05,2033,15,0.8,1.0,1.0,0.9600000000000001,0.466335400239607,0.9500013792619981
RE2-TT,mem,0.05,2034,15,0.9333333333333333,1.0,1.0,0.9866666666666667,0.466335400239607,0.9500013792619981
RE2-TT,mem,0.05,2035,15,0.7333333333333333,1.0,1.0,0.9466666666666667,0.466335400239607,0.9500013792619981
RE2-TT,mem,0.1,2026,15,0.9333333333333333,1.0,1.0,0.9866666666666667,0.4417925340573969,0.9000031625287218
RE2-TT,mem,0.1,2027,15,0.8666666666666667,1.0,1.0,0.9733333333333333,0.4417925340573969,0.9000031625287218
RE2-TT,mem,0.1,2028,15,0.8666666666666667,1.0,1.0,0.9733333333333333,0.4417925340573969,0.9000031625287218
RE2-TT,mem,0.1,2029,15,0.8666666666666667,1.0,1.0,0.9733333333333333,0.4417925340573969,0.9000031625287218
RE2-TT,mem,0.1,2030,15,0.8,1.0,1.0,0.9600000000000001,0.4417925340573969,0.9000031625287218
RE2-TT,mem,0.1,2031,15,0.8,1.0,1.0,0.9600000000000001,0.4417925340573969,0.9000031625287218
RE2-TT,mem,0.1,2032,15,0.8666666666666667,1.0,1.0,0.9733333333333333,0.4417925340573969,0.9000031625287218
RE2-TT,mem,0.1,2033,15,0.8666666666666667,1.0,1.0,0.9733333333333333,0.4417925340573969,0.9000031625287218
RE2-TT,mem,0.1,2034,15,0.8,1.0,1.0,0.9600000000000001,0.4417925340573969,0.9000031625287218
RE2-TT,mem,0.1,2035,15,0.8,1.0,1.0,0.9600000000000001,0.4417925340573969,0.9000031625287218
RE2-TT,mem,0.15,2026,15,0.8666666666666667,1.0,1.0,0.9733333333333333,0.41724867487532596,0.8500034342389152
RE2-TT,mem,0.15,2027,15,0.8666666666666667,1.0,1.0,0.9733333333333333,0.41724867487532596,0.8500034342389152
RE2-TT,mem,0.15,2028,15,0.8,1.0,1.0,0.9600000000000001,0.41724867487532596,0.8500034342389152
RE2-TT,mem,0.15,2029,15,0.8,1.0,1.0,0.9600000000000001,0.41724867487532596,0.8500034342389152
RE2-TT,mem,0.15,2030,15,0.8,1.0,1.0,0.9600000000000001,0.41724867487532596,0.8500034342389152
RE2-TT,mem,0.15,2031,15,0.8666666666666667,1.0,1.0,0.9733333333333333,0.41724867487532596,0.8500034342389152
RE2-TT,mem,0.15,2032,15,0.8,1.0,1.0,0.9600000000000001,0.41724867487532596,0.8500034342389152
RE2-TT,mem,0.15,2033,15,0.8666666666666667,1.0,1.0,0.9733333333333333,0.41724867487532596,0.8500034342389152
RE2-TT,mem,0.15,2034,15,0.8,1.0,1.0,0.9600000000000001,0.41724867487532596,0.8500034342389152
RE2-TT,mem,0.15,2035,15,0.8666666666666667,1.0,1.0,0.9733333333333333,0.41724867487532596,0.8500034342389152
RE2-TT,mem,0.2,2026,15,0.8,1.0,1.0,0.9600000000000001,0.3926942408233068,0.7999818767090242
RE2-TT,mem,0.2,2027,15,0.8666666666666667,1.0,1.0,0.9733333333333333,0.3926942408233068,0.7999818767090242
RE2-TT,mem,0.2,2028,15,0.8,1.0,1.0,0.9600000000000001,0.3926942408233068,0.7999818767090242
RE2-TT,mem,0.2,2029,15,0.8,1.0,1.0,0.9600000000000001,0.3926942408233068,0.7999818767090242
RE2-TT,mem,0.2,2030,15,0.8,1.0,1.0,0.9600000000000001,0.3926942408233068,0.7999818767090242
RE2-TT,mem,0.2,2031,15,0.8,1.0,1.0,0.9600000000000001,0.3926942408233068,0.7999818767090242
RE2-TT,mem,0.2,2032,15,0.8,1.0,1.0,0.9600000000000001,0.3926942408233068,0.7999818767090242
RE2-TT,mem,0.2,2033,15,0.8,1.0,1.0,0.9600000000000001,0.3926942408233068,0.7999818767090242
RE2-TT,mem,0.2,2034,15,0.8666666666666667,1.0,1.0,0.9733333333333333,0.3926942408233068,0.7999818767090242
RE2-TT,mem,0.2,2035,15,0.8666666666666667,1.0,1.0,0.9733333333333333,0.3926942408233068,0.7999818767090242
RE2-TT,mem,0.25,2026,15,0.8,1.0,1.0,0.9600000000000001,0.36816122297294335,0.7500045009253458
RE2-TT,mem,0.25,2027,15,0.8666666666666667,1.0,1.0,0.9733333333333333,0.36816122297294335,0.7500045009253458
RE2-TT,mem,0.25,2028,15,0.8,1.0,1.0,0.9600000000000001,0.36816122297294335,0.7500045009253458
RE2-TT,mem,0.25,2029,15,0.8,1.0,1.0,0.9600000000000001,0.36816122297294335,0.7500045009253458
RE2-TT,mem,0.25,2030,15,0.8,1.0,1.0,0.9600000000000001,0.36816122297294335,0.7500045009253458
RE2-TT,mem,0.25,2031,15,0.8666666666666667,1.0,1.0,0.9733333333333333,0.36816122297294335,0.7500045009253458
RE2-TT,mem,0.25,2032,15,0.8,1.0,1.0,0.9600000000000001,0.36816122297294335,0.7500045009253458
RE2-TT,mem,0.25,2033,15,0.8666666666666667,1.0,1.0,0.9733333333333333,0.36816122297294335,0.7500045009253458
RE2-TT,mem,0.25,2034,15,0.8666666666666667,1.0,1.0,0.9733333333333333,0.36816122297294335,0.7500045009253458
RE2-TT,mem,0.25,2035,15,0.8,1.0,1.0,0.9600000000000001,0.36816122297294335,0.7500045009253458
RE2-TT,mem,0.35,2026,15,0.8666666666666667,1.0,1.0,0.9733333333333333,0.3190852161785465,0.65002870441596
RE2-TT,mem,0.35,2027,15,0.8,1.0,1.0,0.9600000000000001,0.3190852161785465,0.65002870441596
RE2-TT,mem,0.35,2028,15,0.8666666666666667,1.0,1.0,0.9733333333333333,0.3190852161785465,0.65002870441596
RE2-TT,mem,0.35,2029,15,0.8,1.0,1.0,0.9600000000000001,0.3190852161785465,0.65002870441596
RE2-TT,mem,0.35,2030,15,0.8,1.0,1.0,0.9600000000000001,0.3190852161785465,0.65002870441596
RE2-TT,mem,0.35,2031,15,0.8,1.0,1.0,0.9600000000000001,0.3190852161785465,0.65002870441596
RE2-TT,mem,0.35,2032,15,0.8666666666666667,1.0,1.0,0.9733333333333333,0.3190852161785465,0.65002870441596
RE2-TT,mem,0.35,2033,15,0.8,1.0,1.0,0.9600000000000001,0.3190852161785465,0.65002870441596
RE2-TT,mem,0.35,2034,15,0.8666666666666667,1.0,1.0,0.9733333333333333,0.3190852161785465,0.65002870441596
RE2-TT,mem,0.35,2035,15,0.8,1.0,1.0,0.9600000000000001,0.3190852161785465,0.65002870441596
RE2-TT,mem,0.5,2026,15,0.8666666666666667,1.0,1.0,0.9733333333333333,0.24544398969983933,0.5000091381236504
RE2-TT,mem,0.5,2027,15,0.8666666666666667,1.0,1.0,0.9733333333333333,0.24544398969983933,0.5000091381236504
RE2-TT,mem,0.5,2028,15,0.8,1.0,1.0,0.9600000000000001,0.24544398969983933,0.5000091381236504
RE2-TT,mem,0.5,2029,15,0.8,1.0,1.0,0.9600000000000001,0.24544398969983933,0.5000091381236504
RE2-TT,mem,0.5,2030,15,0.8666666666666667,1.0,1.0,0.9733333333333333,0.24544398969983933,0.5000091381236504
RE2-TT,mem,0.5,2031,15,0.8,1.0,1.0,0.9600000000000001,0.24544398969983933,0.5000091381236504
RE2-TT,mem,0.5,2032,15,0.8,1.0,1.0,0.9600000000000001,0.24544398969983933,0.5000091381236504
RE2-TT,mem,0.5,2033,15,0.8,1.0,1.0,0.9600000000000001,0.24544398969983933,0.5000091381236504
RE2-TT,mem,0.5,2034,15,0.8,1.0,1.0,0.9600000000000001,0.24544398969983933,0.5000091381236504
RE2-TT,mem,0.5,2035,15,0.8666666666666667,1.0,1.0,0.9733333333333333,0.24544398969983933,0.5000091381236504
RE2-TT,mem,0.75,2026,15,0.8,1.0,1.0,0.9600000000000001,0.12271744049380082,0.24999549907465432
RE2-TT,mem,0.75,2027,15,0.8,1.0,1.0,0.9600000000000001,0.12271744049380082,0.24999549907465432
RE2-TT,mem,0.75,2028,15,0.8,1.0,1.0,0.9600000000000001,0.12271744049380082,0.24999549907465432
RE2-TT,mem,0.75,2029,15,0.8,1.0,1.0,0.9600000000000001,0.12271744049380082,0.24999549907465432
RE2-TT,mem,0.75,2030,15,0.8,1.0,1.0,0.9600000000000001,0.12271744049380082,0.24999549907465432
RE2-TT,mem,0.75,2031,15,0.8,1.0,1.0,0.9600000000000001,0.12271744049380082,0.24999549907465432
RE2-TT,mem,0.75,2032,15,0.8,1.0,1.0,0.9600000000000001,0.12271744049380082,0.24999549907465432
RE2-TT,mem,0.75,2033,15,0.8,1.0,1.0,0.9600000000000001,0.12271744049380082,0.24999549907465432
RE2-TT,mem,0.75,2034,15,0.8,1.0,1.0,0.9600000000000001,0.12271744049380082,0.24999549907465432
RE2-TT,mem,0.75,2035,15,0.8,1.0,1.0,0.9600000000000001,0.12271744049380082,0.24999549907465432
RE2-TT,mem,1.0,2026,15,0.8,1.0,1.0,0.9600000000000001,0.0,0.0
RE2-TT,mem,1.0,2027,15,0.8,1.0,1.0,0.9600000000000001,0.0,0.0
RE2-TT,mem,1.0,2028,15,0.8,1.0,1.0,0.9600000000000001,0.0,0.0
RE2-TT,mem,1.0,2029,15,0.8,1.0,1.0,0.9600000000000001,0.0,0.0
RE2-TT,mem,1.0,2030,15,0.8,1.0,1.0,0.9600000000000001,0.0,0.0
RE2-TT,mem,1.0,2031,15,0.8,1.0,1.0,0.9600000000000001,0.0,0.0
RE2-TT,mem,1.0,2032,15,0.8,1.0,1.0,0.9600000000000001,0.0,0.0
RE2-TT,mem,1.0,2033,15,0.8,1.0,1.0,0.9600000000000001,0.0,0.0
RE2-TT,mem,1.0,2034,15,0.8,1.0,1.0,0.9600000000000001,0.0,0.0
RE2-TT,mem,1.0,2035,15,0.8,1.0,1.0,0.9600000000000001,0.0,0.0
RE2-TT,socket,0.05,2026,15,0.6666666666666666,1.0,1.0,0.9333333333333333,0.49751549533223577,0.9499946754471509
RE2-TT,socket,0.05,2027,15,0.7333333333333333,1.0,1.0,0.9466666666666667,0.49751549533223577,0.9499946754471509
RE2-TT,socket,0.05,2028,15,0.8,1.0,1.0,0.9600000000000001,0.49751549533223577,0.9499946754471509
RE2-TT,socket,0.05,2029,15,0.7333333333333333,1.0,1.0,0.9466666666666667,0.49751549533223577,0.9499946754471509
RE2-TT,socket,0.05,2030,15,0.8,1.0,1.0,0.9600000000000001,0.49751549533223577,0.9499946754471509
RE2-TT,socket,0.05,2031,15,0.7333333333333333,1.0,1.0,0.9466666666666667,0.49751549533223577,0.9499946754471509
RE2-TT,socket,0.05,2032,15,0.8,1.0,1.0,0.9600000000000001,0.49751549533223577,0.9499946754471509
RE2-TT,socket,0.05,2033,15,0.8,1.0,1.0,0.9600000000000001,0.49751549533223577,0.9499946754471509
RE2-TT,socket,0.05,2034,15,0.8666666666666667,1.0,1.0,0.9733333333333333,0.49751549533223577,0.9499946754471509
RE2-TT,socket,0.05,2035,15,0.7333333333333333,1.0,1.0,0.9466666666666667,0.49751549533223577,0.9499946754471509
RE2-TT,socket,0.1,2026,15,0.7333333333333333,1.0,1.0,0.9466666666666667,0.4713476707237047,0.900006901126177
RE2-TT,socket,0.1,2027,15,0.7333333333333333,1.0,1.0,0.9466666666666667,0.4713476707237047,0.900006901126177
RE2-TT,socket,0.1,2028,15,0.7333333333333333,1.0,1.0,0.9466666666666667,0.4713476707237047,0.900006901126177
RE2-TT,socket,0.1,2029,15,0.6666666666666666,1.0,1.0,0.9333333333333333,0.4713476707237047,0.900006901126177
RE2-TT,socket,0.1,2030,15,0.8,1.0,1.0,0.9600000000000001,0.4713476707237047,0.900006901126177
RE2-TT,socket,0.1,2031,15,0.7333333333333333,1.0,1.0,0.9466666666666667,0.4713476707237047,0.900006901126177
RE2-TT,socket,0.1,2032,15,0.8,1.0,1.0,0.9600000000000001,0.4713476707237047,0.900006901126177
RE2-TT,socket,0.1,2033,15,0.8,1.0,1.0,0.9600000000000001,0.4713476707237047,0.900006901126177
RE2-TT,socket,0.1,2034,15,0.7333333333333333,1.0,1.0,0.9466666666666667,0.4713476707237047,0.900006901126177
RE2-TT,socket,0.1,2035,15,0.7333333333333333,1.0,1.0,0.9466666666666667,0.4713476707237047,0.900006901126177
RE2-TT,socket,0.15,2026,15,0.7333333333333333,1.0,1.0,0.9466666666666667,0.44514211792908515,0.8499817941796582
RE2-TT,socket,0.15,2027,15,0.7333333333333333,1.0,1.0,0.9466666666666667,0.44514211792908515,0.8499817941796582
RE2-TT,socket,0.15,2028,15,0.7333333333333333,1.0,1.0,0.9466666666666667,0.44514211792908515,0.8499817941796582
RE2-TT,socket,0.15,2029,15,0.8,1.0,1.0,0.9600000000000001,0.44514211792908515,0.8499817941796582
RE2-TT,socket,0.15,2030,15,0.7333333333333333,1.0,1.0,0.9466666666666667,0.44514211792908515,0.8499817941796582
RE2-TT,socket,0.15,2031,15,0.8,1.0,1.0,0.9600000000000001,0.44514211792908515,0.8499817941796582
RE2-TT,socket,0.15,2032,15,0.7333333333333333,1.0,1.0,0.9466666666666667,0.44514211792908515,0.8499817941796582
RE2-TT,socket,0.15,2033,15,0.7333333333333333,1.0,1.0,0.9466666666666667,0.44514211792908515,0.8499817941796582
RE2-TT,socket,0.15,2034,15,0.7333333333333333,1.0,1.0,0.9466666666666667,0.44514211792908515,0.8499817941796582
RE2-TT,socket,0.15,2035,15,0.8,1.0,1.0,0.9600000000000001,0.44514211792908515,0.8499817941796582
RE2-TT,socket,0.2,2026,15,0.7333333333333333,1.0,1.0,0.9466666666666667,0.41898423211327857,0.8000161896643186
RE2-TT,socket,0.2,2027,15,0.7333333333333333,1.0,1.0,0.9466666666666667,0.41898423211327857,0.8000161896643186
RE2-TT,socket,0.2,2028,15,0.7333333333333333,1.0,1.0,0.9466666666666667,0.41898423211327857,0.8000161896643186
RE2-TT,socket,0.2,2029,15,0.7333333333333333,1.0,1.0,0.9466666666666667,0.41898423211327857,0.8000161896643186
RE2-TT,socket,0.2,2030,15,0.7333333333333333,1.0,1.0,0.9466666666666667,0.41898423211327857,0.8000161896643186
RE2-TT,socket,0.2,2031,15,0.8,1.0,1.0,0.9600000000000001,0.41898423211327857,0.8000161896643186
RE2-TT,socket,0.2,2032,15,0.7333333333333333,1.0,1.0,0.9466666666666667,0.41898423211327857,0.8000161896643186
RE2-TT,socket,0.2,2033,15,0.7333333333333333,1.0,1.0,0.9466666666666667,0.41898423211327857,0.8000161896643186
RE2-TT,socket,0.2,2034,15,0.7333333333333333,1.0,1.0,0.9466666666666667,0.41898423211327857,0.8000161896643186
RE2-TT,socket,0.2,2035,15,0.7333333333333333,1.0,1.0,0.9466666666666667,0.41898423211327857,0.8000161896643186
RE2-TT,socket,0.25,2026,15,0.7333333333333333,1.0,1.0,0.9466666666666667,0.39279865625035637,0.750030890542239
RE2-TT,socket,0.25,2027,15,0.7333333333333333,1.0,1.0,0.9466666666666667,0.39279865625035637,0.750030890542239
RE2-TT,socket,0.25,2028,15,0.7333333333333333,1.0,1.0,0.9466666666666667,0.39279865625035637,0.750030890542239
RE2-TT,socket,0.25,2029,15,0.8,1.0,1.0,0.9600000000000001,0.39279865625035637,0.750030890542239
RE2-TT,socket,0.25,2030,15,0.7333333333333333,1.0,1.0,0.9466666666666667,0.39279865625035637,0.750030890542239
RE2-TT,socket,0.25,2031,15,0.7333333333333333,1.0,1.0,0.9466666666666667,0.39279865625035637,0.750030890542239
RE2-TT,socket,0.25,2032,15,0.7333333333333333,1.0,1.0,0.9466666666666667,0.39279865625035637,0.750030890542239
RE2-TT,socket,0.25,2033,15,0.8,1.0,1.0,0.9600000000000001,0.39279865625035637,0.750030890542239
RE2-TT,socket,0.25,2034,15,0.7333333333333333,1.0,1.0,0.9466666666666667,0.39279865625035637,0.750030890542239
RE2-TT,socket,0.25,2035,15,0.7333333333333333,1.0,1.0,0.9466666666666667,0.39279865625035637,0.750030890542239
RE2-TT,socket,0.35,2026,15,0.7333333333333333,1.0,1.0,0.9466666666666667,0.34042529432806906,0.6500189480453358
RE2-TT,socket,0.35,2027,15,0.7333333333333333,1.0,1.0,0.9466666666666667,0.34042529432806906,0.6500189480453358
RE2-TT,socket,0.35,2028,15,0.7333333333333333,1.0,1.0,0.9466666666666667,0.34042529432806906,0.6500189480453358
RE2-TT,socket,0.35,2029,15,0.7333333333333333,1.0,1.0,0.9466666666666667,0.34042529432806906,0.6500189480453358
RE2-TT,socket,0.35,2030,15,0.7333333333333333,1.0,1.0,0.9466666666666667,0.34042529432806906,0.6500189480453358
RE2-TT,socket,0.35,2031,15,0.6666666666666666,1.0,1.0,0.9333333333333333,0.34042529432806906,0.6500189480453358
RE2-TT,socket,0.35,2032,15,0.7333333333333333,1.0,1.0,0.9466666666666667,0.34042529432806906,0.6500189480453358
RE2-TT,socket,0.35,2033,15,0.7333333333333333,1.0,1.0,0.9466666666666667,0.34042529432806906,0.6500189480453358
RE2-TT,socket,0.35,2034,15,0.7333333333333333,1.0,1.0,0.9466666666666667,0.34042529432806906,0.6500189480453358
RE2-TT,socket,0.35,2035,15,0.7333333333333333,1.0,1.0,0.9466666666666667,0.34042529432806906,0.6500189480453358
RE2-TT,socket,0.5,2026,15,0.7333333333333333,1.0,1.0,0.9466666666666667,0.2618555121267653,0.49999949940370725
RE2-TT,socket,0.5,2027,15,0.7333333333333333,1.0,1.0,0.9466666666666667,0.2618555121267653,0.49999949940370725
RE2-TT,socket,0.5,2028,15,0.7333333333333333,1.0,1.0,0.9466666666666667,0.2618555121267653,0.49999949940370725
RE2-TT,socket,0.5,2029,15,0.7333333333333333,1.0,1.0,0.9466666666666667,0.2618555121267653,0.49999949940370725
RE2-TT,socket,0.5,2030,15,0.7333333333333333,1.0,1.0,0.9466666666666667,0.2618555121267653,0.49999949940370725
RE2-TT,socket,0.5,2031,15,0.7333333333333333,1.0,1.0,0.9466666666666667,0.2618555121267653,0.49999949940370725
RE2-TT,socket,0.5,2032,15,0.7333333333333333,1.0,1.0,0.9466666666666667,0.2618555121267653,0.49999949940370725
RE2-TT,socket,0.5,2033,15,0.7333333333333333,1.0,1.0,0.9466666666666667,0.2618555121267653,0.49999949940370725
RE2-TT,socket,0.5,2034,15,0.8,1.0,1.0,0.9600000000000001,0.2618555121267653,0.49999949940370725
RE2-TT,socket,0.5,2035,15,0.7333333333333333,1.0,1.0,0.9466666666666667,0.2618555121267653,0.49999949940370725
RE2-TT,socket,0.75,2026,15,0.7333333333333333,1.0,1.0,0.9466666666666667,0.1309126580954117,0.24996910945776102
RE2-TT,socket,0.75,2027,15,0.7333333333333333,1.0,1.0,0.9466666666666667,0.1309126580954117,0.24996910945776102
RE2-TT,socket,0.75,2028,15,0.7333333333333333,1.0,1.0,0.9466666666666667,0.1309126580954117,0.24996910945776102
RE2-TT,socket,0.75,2029,15,0.7333333333333333,1.0,1.0,0.9466666666666667,0.1309126580954117,0.24996910945776102
RE2-TT,socket,0.75,2030,15,0.7333333333333333,1.0,1.0,0.9466666666666667,0.1309126580954117,0.24996910945776102
RE2-TT,socket,0.75,2031,15,0.7333333333333333,1.0,1.0,0.9466666666666667,0.1309126580954117,0.24996910945776102
RE2-TT,socket,0.75,2032,15,0.7333333333333333,1.0,1.0,0.9466666666666667,0.1309126580954117,0.24996910945776102
RE2-TT,socket,0.75,2033,15,0.7333333333333333,1.0,1.0,0.9466666666666667,0.1309126580954117,0.24996910945776102
RE2-TT,socket,0.75,2034,15,0.7333333333333333,1.0,1.0,0.9466666666666667,0.1309126580954117,0.24996910945776102
RE2-TT,socket,0.75,2035,15,0.7333333333333333,1.0,1.0,0.9466666666666667,0.1309126580954117,0.24996910945776102
RE2-TT,socket,1.0,2026,15,0.7333333333333333,1.0,1.0,0.9466666666666667,0.0,0.0
RE2-TT,socket,1.0,2027,15,0.7333333333333333,1.0,1.0,0.9466666666666667,0.0,0.0
RE2-TT,socket,1.0,2028,15,0.7333333333333333,1.0,1.0,0.9466666666666667,0.0,0.0
RE2-TT,socket,1.0,2029,15,0.7333333333333333,1.0,1.0,0.9466666666666667,0.0,0.0
RE2-TT,socket,1.0,2030,15,0.7333333333333333,1.0,1.0,0.9466666666666667,0.0,0.0
RE2-TT,socket,1.0,2031,15,0.7333333333333333,1.0,1.0,0.9466666666666667,0.0,0.0
RE2-TT,socket,1.0,2032,15,0.7333333333333333,1.0,1.0,0.9466666666666667,0.0,0.0
RE2-TT,socket,1.0,2033,15,0.7333333333333333,1.0,1.0,0.9466666666666667,0.0,0.0
RE2-TT,socket,1.0,2034,15,0.7333333333333333,1.0,1.0,0.9466666666666667,0.0,0.0
RE2-TT,socket,1.0,2035,15,0.7333333333333333,1.0,1.0,0.9466666666666667,0.0,0.0
