case_id,root_service,fault_type,service_family,budget,policy,avg_at_5,top1,top3,top5
dbservice1_cpu_1627429585,dbservice1,cpu,database,0.25,adaptive_corrupted_anchor,1.0,1.0,1.0,1.0
dbservice1_cpu_1627464819,dbservice1,cpu,database,0.25,adaptive_corrupted_anchor,1.0,1.0,1.0,1.0
dbservice1_cpu_1627475651,dbservice1,cpu,database,0.25,adaptive_corrupted_anchor,0.8,0.0,1.0,1.0
dbservice1_cpu_1627486293,dbservice1,cpu,database,0.25,adaptive_corrupted_anchor,0.6,0.0,1.0,1.0
dbservice1_cpu_1627509699,dbservice1,cpu,database,0.25,adaptive_corrupted_anchor,0.8,0.0,1.0,1.0
dbservice1_cpu_1627529324,dbservice1,cpu,database,0.25,adaptive_corrupted_anchor,0.8,0.0,1.0,1.0
dbservice1_cpu_1627572876,dbservice1,cpu,database,0.25,adaptive_corrupted_anchor,1.0,1.0,1.0,1.0
dbservice1_cpu_1627703827,dbservice1,cpu,database,0.25,adaptive_corrupted_anchor,1.0,1.0,1.0,1.0
dbservice1_errno111_1626750606,dbservice1,errno111,database,0.25,adaptive_corrupted_anchor,1.0,1.0,1.0,1.0
dbservice1_errno111_1626750701,dbservice1,errno111,database,0.25,adaptive_corrupted_anchor,0.8,0.0,1.0,1.0
dbservice1_memory_1625140467,dbservice1,memory,database,0.25,adaptive_corrupted_anchor,0.6,0.0,1.0,1.0
dbservice1_memory_1625178785,dbservice1,memory,database,0.25,adaptive_corrupted_anchor,1.0,1.0,1.0,1.0
dbservice1_memory_1625188889,dbservice1,memory,database,0.25,adaptive_corrupted_anchor,0.6,0.0,1.0,1.0
dbservice1_memory_1625231603,dbservice1,memory,database,0.25,adaptive_corrupted_anchor,1.0,1.0,1.0,1.0
dbservice1_memory_1625243441,dbservice1,memory,database,0.25,adaptive_corrupted_anchor,1.0,1.0,1.0,1.0
dbservice1_memory_1625384013,dbservice1,memory,database,0.25,adaptive_corrupted_anchor,1.0,1.0,1.0,1.0
dbservice1_memory_1625411468,dbservice1,memory,database,0.25,adaptive_corrupted_anchor,1.0,1.0,1.0,1.0
dbservice1_memory_1625418705,dbservice1,memory,database,0.25,adaptive_corrupted_anchor,1.0,1.0,1.0,1.0
dbservice1_memory_1625578885,dbservice1,memory,database,0.25,adaptive_corrupted_anchor,1.0,1.0,1.0,1.0
dbservice1_memory_1625582957,dbservice1,memory,database,0.25,adaptive_corrupted_anchor,0.6,0.0,1.0,1.0
dbservice1_memory_1625637896,dbservice1,memory,database,0.25,adaptive_corrupted_anchor,0.6,0.0,1.0,1.0
dbservice1_memory_1625671282,dbservice1,memory,database,0.25,adaptive_corrupted_anchor,0.8,0.0,1.0,1.0
dbservice1_memory_1625675230,dbservice1,memory,database,0.25,adaptive_corrupted_anchor,1.0,1.0,1.0,1.0
dbservice1_memory_1625679820,dbservice1,memory,database,0.25,adaptive_corrupted_anchor,0.8,0.0,1.0,1.0
dbservice1_memory_1625768540,dbservice1,memory,database,0.25,adaptive_corrupted_anchor,0.6,0.0,1.0,1.0
dbservice1_memory_1625849028,dbservice1,memory,database,0.25,adaptive_corrupted_anchor,0.8,0.0,1.0,1.0
dbservice1_memory_1625863841,dbservice1,memory,database,0.25,adaptive_corrupted_anchor,0.6,0.0,1.0,1.0
dbservice1_memory_1625867158,dbservice1,memory,database,0.25,adaptive_corrupted_anchor,0.6,0.0,1.0,1.0
dbservice1_memory_1625870624,dbservice1,memory,database,0.25,adaptive_corrupted_anchor,0.6,0.0,1.0,1.0
dbservice1_memory_1625909033,dbservice1,memory,database,0.25,adaptive_corrupted_anchor,1.0,1.0,1.0,1.0
dbservice1_memory_1625914032,dbservice1,memory,database,0.25,adaptive_corrupted_anchor,0.6,0.0,1.0,1.0
dbservice1_memory_1625964302,dbservice1,memory,database,0.25,adaptive_corrupted_anchor,0.6,0.0,1.0,1.0
dbservice1_memory_1626032238,dbservice1,memory,database,0.25,adaptive_corrupted_anchor,0.8,0.0,1.0,1.0
dbservice1_memory_1626113371,dbservice1,memory,database,0.25,adaptive_corrupted_anchor,1.0,1.0,1.0,1.0
dbservice1_memory_1626178789,dbservice1,memory,database,0.25,adaptive_corrupted_anchor,0.6,0.0,1.0,1.0
dbservice1_memory_1626195234,dbservice1,memory,database,0.25,adaptive_corrupted_anchor,1.0,1.0,1.0,1.0
dbservice1_memory_1626266259,dbservice1,memory,database,0.25,adaptive_corrupted_anchor,1.0,1.0,1.0,1.0
dbservice1_memory_1626306060,dbservice1,memory,database,0.25,adaptive_corrupted_anchor,0.8,0.0,1.0,1.0
dbservice1_memory_1626338404,dbservice1,memory,database,0.25,adaptive_corrupted_anchor,1.0,1.0,1.0,1.0
dbservice1_memory_1626343595,dbservice1,memory,database,0.25,adaptive_corrupted_anchor,1.0,1.0,1.0,1.0
dbservice1_memory_1626393113,dbservice1,memory,database,0.25,adaptive_corrupted_anchor,1.0,1.0,1.0,1.0
dbservice1_memory_1626409893,dbservice1,memory,database,0.25,adaptive_corrupted_anchor,0.8,0.0,1.0,1.0
dbservice1_memory_1626425140,dbservice1,memory,database,0.25,adaptive_corrupted_anchor,0.6,0.0,1.0,1.0
dbservice1_memory_1626473914,dbservice1,memory,database,0.25,adaptive_corrupted_anchor,1.0,1.0,1.0,1.0
dbservice1_memory_1626511514,dbservice1,memory,database,0.25,adaptive_corrupted_anchor,0.6,0.0,1.0,1.0
dbservice1_memory_1626540721,dbservice1,memory,database,0.25,adaptive_corrupted_anchor,0.6,0.0,1.0,1.0
dbservice1_memory_1626552538,dbservice1,memory,database,0.25,adaptive_corrupted_anchor,0.6,0.0,1.0,1.0
dbservice1_memory_1626598508,dbservice1,memory,database,0.25,adaptive_corrupted_anchor,1.0,1.0,1.0,1.0
dbservice1_memory_1626773615,dbservice1,memory,database,0.25,adaptive_corrupted_anchor,1.0,1.0,1.0,1.0
dbservice1_memory_1626788281,dbservice1,memory,database,0.25,adaptive_corrupted_anchor,0.8,0.0,1.0,1.0
dbservice1_memory_1626845470,dbservice1,memory,database,0.25,adaptive_corrupted_anchor,1.0,1.0,1.0,1.0
dbservice1_memory_1626858109,dbservice1,memory,database,0.25,adaptive_corrupted_anchor,0.8,0.0,1.0,1.0
dbservice1_memory_1626912896,dbservice1,memory,database,0.25,adaptive_corrupted_anchor,1.0,1.0,1.0,1.0
dbservice1_memory_1626939313,dbservice1,memory,database,0.25,adaptive_corrupted_anchor,1.0,1.0,1.0,1.0
dbservice1_memory_1627046902,dbservice1,memory,database,0.25,adaptive_corrupted_anchor,0.8,0.0,1.0,1.0
dbservice1_memory_1627098214,dbservice1,memory,database,0.25,adaptive_corrupted_anchor,0.6,0.0,1.0,1.0
dbservice1_memory_1627104046,dbservice1,memory,database,0.25,adaptive_corrupted_anchor,0.8,0.0,1.0,1.0
dbservice1_memory_1627119644,dbservice1,memory,database,0.25,adaptive_corrupted_anchor,1.0,1.0,1.0,1.0
dbservice1_memory_1627157147,dbservice1,memory,database,0.25,adaptive_corrupted_anchor,0.6,0.0,1.0,1.0
dbservice1_memory_1627223200,dbservice1,memory,database,0.25,adaptive_corrupted_anchor,0.6,0.0,1.0,1.0
dbservice1_memory_1627237577,dbservice1,memory,database,0.25,adaptive_corrupted_anchor,0.8,0.0,1.0,1.0
dbservice1_memory_1627255258,dbservice1,memory,database,0.25,adaptive_corrupted_anchor,1.0,1.0,1.0,1.0
dbservice1_memory_1627268672,dbservice1,memory,database,0.25,adaptive_corrupted_anchor,1.0,1.0,1.0,1.0
dbservice1_memory_1627272293,dbservice1,memory,database,0.25,adaptive_corrupted_anchor,0.8,0.0,1.0,1.0
dbservice1_memory_1627283279,dbservice1,memory,database,0.25,adaptive_corrupted_anchor,1.0,1.0,1.0,1.0
dbservice1_memory_1627288593,dbservice1,memory,database,0.25,adaptive_corrupted_anchor,1.0,1.0,1.0,1.0
dbservice1_memory_1627297432,dbservice1,memory,database,0.25,adaptive_corrupted_anchor,0.6,0.0,1.0,1.0
dbservice1_memory_1627316827,dbservice1,memory,database,0.25,adaptive_corrupted_anchor,0.8,0.0,1.0,1.0
dbservice1_memory_1627373850,dbservice1,memory,database,0.25,adaptive_corrupted_anchor,0.8,0.0,1.0,1.0
dbservice1_memory_1627386311,dbservice1,memory,database,0.25,adaptive_corrupted_anchor,1.0,1.0,1.0,1.0
dbservice1_memory_1627400139,dbservice1,memory,database,0.25,adaptive_corrupted_anchor,1.0,1.0,1.0,1.0
dbservice1_memory_1627432587,dbservice1,memory,database,0.25,adaptive_corrupted_anchor,0.8,0.0,1.0,1.0
dbservice1_memory_1627477200,dbservice1,memory,database,0.25,adaptive_corrupted_anchor,1.0,1.0,1.0,1.0
dbservice1_memory_1627502421,dbservice1,memory,database,0.25,adaptive_corrupted_anchor,0.6,0.0,1.0,1.0
dbservice1_memory_1627682718,dbservice1,memory,database,0.25,adaptive_corrupted_anchor,0.8,0.0,1.0,1.0
dbservice1_memory_1627702626,dbservice1,memory,database,0.25,adaptive_corrupted_anchor,0.6,0.0,1.0,1.0
dbservice1_memory_1627773523,dbservice1,memory,database,0.25,adaptive_corrupted_anchor,1.0,1.0,1.0,1.0
dbservice2_errno111_1626750601,dbservice2,errno111,database,0.25,adaptive_corrupted_anchor,0.6,0.0,1.0,1.0
dbservice2_errno111_1626750797,dbservice2,errno111,database,0.25,adaptive_corrupted_anchor,0.8,0.0,1.0,1.0
dbservice2_memory_1625144096,dbservice2,memory,database,0.25,adaptive_corrupted_anchor,1.0,1.0,1.0,1.0
dbservice2_memory_1625152223,dbservice2,memory,database,0.25,adaptive_corrupted_anchor,1.0,1.0,1.0,1.0
dbservice2_memory_1625193002,dbservice2,memory,database,0.25,adaptive_corrupted_anchor,0.8,0.0,1.0,1.0
dbservice2_memory_1625257548,dbservice2,memory,database,0.25,adaptive_corrupted_anchor,1.0,1.0,1.0,1.0
dbservice2_memory_1625269953,dbservice2,memory,database,0.25,adaptive_corrupted_anchor,0.6,0.0,1.0,1.0
dbservice2_memory_1625356783,dbservice2,memory,database,0.25,adaptive_corrupted_anchor,0.6,0.0,1.0,1.0
dbservice2_memory_1625363058,dbservice2,memory,database,0.25,adaptive_corrupted_anchor,0.6,0.0,1.0,1.0
dbservice2_memory_1625459089,dbservice2,memory,database,0.25,adaptive_corrupted_anchor,0.6,0.0,1.0,1.0
dbservice2_memory_1625463515,dbservice2,memory,database,0.25,adaptive_corrupted_anchor,0.6,0.0,1.0,1.0
dbservice2_memory_1625564139,dbservice2,memory,database,0.25,adaptive_corrupted_anchor,1.0,1.0,1.0,1.0
dbservice2_memory_1625579430,dbservice2,memory,database,0.25,adaptive_corrupted_anchor,0.6,0.0,1.0,1.0
dbservice2_memory_1625587157,dbservice2,memory,database,0.25,adaptive_corrupted_anchor,0.8,0.0,1.0,1.0
dbservice2_memory_1625634388,dbservice2,memory,database,0.25,adaptive_corrupted_anchor,0.8,0.0,1.0,1.0
dbservice2_memory_1625656892,dbservice2,memory,database,0.25,adaptive_corrupted_anchor,1.0,1.0,1.0,1.0
dbservice2_memory_1625669580,dbservice2,memory,database,0.25,adaptive_corrupted_anchor,0.8,0.0,1.0,1.0
dbservice2_memory_1625704892,dbservice2,memory,database,0.25,adaptive_corrupted_anchor,0.8,0.0,1.0,1.0
dbservice2_memory_1625711897,dbservice2,memory,database,0.25,adaptive_corrupted_anchor,1.0,1.0,1.0,1.0
dbservice2_memory_1625720058,dbservice2,memory,database,0.25,adaptive_corrupted_anchor,0.6,0.0,1.0,1.0
dbservice2_memory_1625780540,dbservice2,memory,database,0.25,adaptive_corrupted_anchor,0.6,0.0,1.0,1.0
dbservice2_memory_1625944726,dbservice2,memory,database,0.25,adaptive_corrupted_anchor,0.8,0.0,1.0,1.0
dbservice2_memory_1625953237,dbservice2,memory,database,0.25,adaptive_corrupted_anchor,0.8,0.0,1.0,1.0
dbservice2_memory_1625981739,dbservice2,memory,database,0.25,adaptive_corrupted_anchor,1.0,1.0,1.0,1.0
dbservice2_memory_1625988716,dbservice2,memory,database,0.25,adaptive_corrupted_anchor,1.0,1.0,1.0,1.0
dbservice2_memory_1626043439,dbservice2,memory,database,0.25,adaptive_corrupted_anchor,0.8,0.0,1.0,1.0
dbservice2_memory_1626053581,dbservice2,memory,database,0.25,adaptive_corrupted_anchor,1.0,1.0,1.0,1.0
dbservice2_memory_1626066255,dbservice2,memory,database,0.25,adaptive_corrupted_anchor,1.0,1.0,1.0,1.0
dbservice2_memory_1626095808,dbservice2,memory,database,0.25,adaptive_corrupted_anchor,1.0,1.0,1.0,1.0
dbservice2_memory_1626127184,dbservice2,memory,database,0.25,adaptive_corrupted_anchor,0.6,0.0,1.0,1.0
dbservice2_memory_1626130474,dbservice2,memory,database,0.25,adaptive_corrupted_anchor,1.0,1.0,1.0,1.0
dbservice2_memory_1626157165,dbservice2,memory,database,0.25,adaptive_corrupted_anchor,0.8,0.0,1.0,1.0
dbservice2_memory_1626243122,dbservice2,memory,database,0.25,adaptive_corrupted_anchor,0.8,0.0,1.0,1.0
dbservice2_memory_1626298216,dbservice2,memory,database,0.25,adaptive_corrupted_anchor,0.6,0.0,1.0,1.0
dbservice2_memory_1626317541,dbservice2,memory,database,0.25,adaptive_corrupted_anchor,0.8,0.0,1.0,1.0
dbservice2_memory_1626325390,dbservice2,memory,database,0.25,adaptive_corrupted_anchor,1.0,1.0,1.0,1.0
dbservice2_memory_1626334718,dbservice2,memory,database,0.25,adaptive_corrupted_anchor,1.0,1.0,1.0,1.0
dbservice2_memory_1626367699,dbservice2,memory,database,0.25,adaptive_corrupted_anchor,0.6,0.0,1.0,1.0
dbservice2_memory_1626372232,dbservice2,memory,database,0.25,adaptive_corrupted_anchor,1.0,1.0,1.0,1.0
dbservice2_memory_1626415344,dbservice2,memory,database,0.25,adaptive_corrupted_anchor,0.6,0.0,1.0,1.0
dbservice2_memory_1626419131,dbservice2,memory,database,0.25,adaptive_corrupted_anchor,0.8,0.0,1.0,1.0
dbservice2_memory_1626430015,dbservice2,memory,database,0.25,adaptive_corrupted_anchor,1.0,1.0,1.0,1.0
dbservice2_memory_1626442568,dbservice2,memory,database,0.25,adaptive_corrupted_anchor,1.0,1.0,1.0,1.0
dbservice2_memory_1626459595,dbservice2,memory,database,0.25,adaptive_corrupted_anchor,1.0,1.0,1.0,1.0
dbservice2_memory_1626497813,dbservice2,memory,database,0.25,adaptive_corrupted_anchor,0.6,0.0,1.0,1.0
dbservice2_memory_1626585941,dbservice2,memory,database,0.25,adaptive_corrupted_anchor,1.0,1.0,1.0,1.0
dbservice2_memory_1626602315,dbservice2,memory,database,0.25,adaptive_corrupted_anchor,0.6,0.0,1.0,1.0
dbservice2_memory_1626607598,dbservice2,memory,database,0.25,adaptive_corrupted_anchor,1.0,1.0,1.0,1.0
dbservice2_memory_1626647915,dbservice2,memory,database,0.25,adaptive_corrupted_anchor,1.0,1.0,1.0,1.0
dbservice2_memory_1626651683,dbservice2,memory,database,0.25,adaptive_corrupted_anchor,1.0,1.0,1.0,1.0
dbservice2_memory_1626750100,dbservice2,memory,database,0.25,adaptive_corrupted_anchor,1.0,1.0,1.0,1.0
dbservice2_memory_1626760761,dbservice2,memory,database,0.25,adaptive_corrupted_anchor,1.0,1.0,1.0,1.0
dbservice2_memory_1626764016,dbservice2,memory,database,0.25,adaptive_corrupted_anchor,1.0,1.0,1.0,1.0
dbservice2_memory_1626790578,dbservice2,memory,database,0.25,adaptive_corrupted_anchor,1.0,1.0,1.0,1.0
dbservice2_memory_1626799339,dbservice2,memory,database,0.25,adaptive_corrupted_anchor,1.0,1.0,1.0,1.0
dbservice2_memory_1626818990,dbservice2,memory,database,0.25,adaptive_corrupted_anchor,0.8,0.0,1.0,1.0
dbservice2_memory_1626839958,dbservice2,memory,database,0.25,adaptive_corrupted_anchor,1.0,1.0,1.0,1.0
dbservice2_memory_1626876599,dbservice2,memory,database,0.25,adaptive_corrupted_anchor,0.6,0.0,1.0,1.0
dbservice2_memory_1626886884,dbservice2,memory,database,0.25,adaptive_corrupted_anchor,0.6,0.0,1.0,1.0
dbservice2_memory_1626890594,dbservice2,memory,database,0.25,adaptive_corrupted_anchor,1.0,1.0,1.0,1.0
dbservice2_memory_1626962039,dbservice2,memory,database,0.25,adaptive_corrupted_anchor,1.0,1.0,1.0,1.0
dbservice2_memory_1626969117,dbservice2,memory,database,0.25,adaptive_corrupted_anchor,1.0,1.0,1.0,1.0
dbservice2_memory_1627002602,dbservice2,memory,database,0.25,adaptive_corrupted_anchor,0.6,0.0,1.0,1.0
dbservice2_memory_1627039811,dbservice2,memory,database,0.25,adaptive_corrupted_anchor,1.0,1.0,1.0,1.0
dbservice2_memory_1627079656,dbservice2,memory,database,0.25,adaptive_corrupted_anchor,0.6,0.0,1.0,1.0
dbservice2_memory_1627087394,dbservice2,memory,database,0.25,adaptive_corrupted_anchor,0.8,0.0,1.0,1.0
dbservice2_memory_1627100858,dbservice2,memory,database,0.25,adaptive_corrupted_anchor,1.0,1.0,1.0,1.0
dbservice2_memory_1627156737,dbservice2,memory,database,0.25,adaptive_corrupted_anchor,0.6,0.0,1.0,1.0
dbservice2_memory_1627184617,dbservice2,memory,database,0.25,adaptive_corrupted_anchor,0.6,0.0,1.0,1.0
dbservice2_memory_1627207759,dbservice2,memory,database,0.25,adaptive_corrupted_anchor,0.8,0.0,1.0,1.0
dbservice2_memory_1627286946,dbservice2,memory,database,0.25,adaptive_corrupted_anchor,1.0,1.0,1.0,1.0
dbservice2_memory_1627303928,dbservice2,memory,database,0.25,adaptive_corrupted_anchor,0.8,0.0,1.0,1.0
dbservice2_memory_1627325374,dbservice2,memory,database,0.25,adaptive_corrupted_anchor,1.0,1.0,1.0,1.0
dbservice2_memory_1627331922,dbservice2,memory,database,0.25,adaptive_corrupted_anchor,0.8,0.0,1.0,1.0
dbservice2_memory_1627375478,dbservice2,memory,database,0.25,adaptive_corrupted_anchor,1.0,1.0,1.0,1.0
dbservice2_memory_1627379165,dbservice2,memory,database,0.25,adaptive_corrupted_anchor,0.6,0.0,1.0,1.0
dbservice2_memory_1627394588,dbservice2,memory,database,0.25,adaptive_corrupted_anchor,0.8,0.0,1.0,1.0
dbservice2_memory_1627402075,dbservice2,memory,database,0.25,adaptive_corrupted_anchor,0.6,0.0,1.0,1.0
dbservice2_memory_1627425736,dbservice2,memory,database,0.25,adaptive_corrupted_anchor,0.8,0.0,1.0,1.0
dbservice2_memory_1627447589,dbservice2,memory,database,0.25,adaptive_corrupted_anchor,0.8,0.0,1.0,1.0
dbservice2_memory_1627457508,dbservice2,memory,database,0.25,adaptive_corrupted_anchor,1.0,1.0,1.0,1.0
dbservice2_memory_1627493621,dbservice2,memory,database,0.25,adaptive_corrupted_anchor,0.8,0.0,1.0,1.0
dbservice2_memory_1627501550,dbservice2,memory,database,0.25,adaptive_corrupted_anchor,1.0,1.0,1.0,1.0
dbservice2_memory_1627519836,dbservice2,memory,database,0.25,adaptive_corrupted_anchor,1.0,1.0,1.0,1.0
dbservice2_memory_1627545507,dbservice2,memory,database,0.25,adaptive_corrupted_anchor,0.8,0.0,1.0,1.0
dbservice2_memory_1627595898,dbservice2,memory,database,0.25,adaptive_corrupted_anchor,0.6,0.0,1.0,1.0
dbservice2_memory_1627643030,dbservice2,memory,database,0.25,adaptive_corrupted_anchor,1.0,1.0,1.0,1.0
dbservice2_memory_1627657911,dbservice2,memory,database,0.25,adaptive_corrupted_anchor,1.0,1.0,1.0,1.0
dbservice2_memory_1627663155,dbservice2,memory,database,0.25,adaptive_corrupted_anchor,1.0,1.0,1.0,1.0
dbservice2_memory_1627680230,dbservice2,memory,database,0.25,adaptive_corrupted_anchor,1.0,1.0,1.0,1.0
dbservice2_memory_1627699210,dbservice2,memory,database,0.25,adaptive_corrupted_anchor,1.0,1.0,1.0,1.0
logservice1_cpu_1627596597,logservice1,cpu,logging,0.25,adaptive_corrupted_anchor,0.6,0.0,1.0,1.0
logservice1_errno111_1626753001,logservice1,errno111,logging,0.25,adaptive_corrupted_anchor,0.6,0.0,1.0,1.0
logservice1_errno111_1626753227,logservice1,errno111,logging,0.25,adaptive_corrupted_anchor,0.6,0.0,1.0,1.0
logservice1_memory_1625207751,logservice1,memory,logging,0.25,adaptive_corrupted_anchor,0.6,0.0,1.0,1.0
logservice1_memory_1625234459,logservice1,memory,logging,0.25,adaptive_corrupted_anchor,1.0,1.0,1.0,1.0
logservice1_memory_1625285989,logservice1,memory,logging,0.25,adaptive_corrupted_anchor,1.0,1.0,1.0,1.0
logservice1_memory_1625298536,logservice1,memory,logging,0.25,adaptive_corrupted_anchor,0.8,0.0,1.0,1.0
logservice1_memory_1625311435,logservice1,memory,logging,0.25,adaptive_corrupted_anchor,0.8,0.0,1.0,1.0
logservice1_memory_1625360381,logservice1,memory,logging,0.25,adaptive_corrupted_anchor,1.0,1.0,1.0,1.0
logservice1_memory_1625437325,logservice1,memory,logging,0.25,adaptive_corrupted_anchor,0.8,0.0,1.0,1.0
logservice1_memory_1625455375,logservice1,memory,logging,0.25,adaptive_corrupted_anchor,0.6,0.0,1.0,1.0
logservice1_memory_1625474243,logservice1,memory,logging,0.25,adaptive_corrupted_anchor,0.8,0.0,1.0,1.0
logservice1_memory_1625493602,logservice1,memory,logging,0.25,adaptive_corrupted_anchor,1.0,1.0,1.0,1.0
logservice1_memory_1625506342,logservice1,memory,logging,0.25,adaptive_corrupted_anchor,0.8,0.0,1.0,1.0
logservice1_memory_1625519722,logservice1,memory,logging,0.25,adaptive_corrupted_anchor,1.0,1.0,1.0,1.0
logservice1_memory_1625642174,logservice1,memory,logging,0.25,adaptive_corrupted_anchor,1.0,1.0,1.0,1.0
logservice1_memory_1625673674,logservice1,memory,logging,0.25,adaptive_corrupted_anchor,0.6,0.0,1.0,1.0
logservice1_memory_1625715126,logservice1,memory,logging,0.25,adaptive_corrupted_anchor,0.6,0.0,1.0,1.0
logservice1_memory_1625737305,logservice1,memory,logging,0.25,adaptive_corrupted_anchor,0.6,0.0,1.0,1.0
logservice1_memory_1625855415,logservice1,memory,logging,0.25,adaptive_corrupted_anchor,1.0,1.0,1.0,1.0
logservice1_memory_1625874131,logservice1,memory,logging,0.25,adaptive_corrupted_anchor,1.0,1.0,1.0,1.0
logservice1_memory_1625894863,logservice1,memory,logging,0.25,adaptive_corrupted_anchor,0.8,0.0,1.0,1.0
logservice1_memory_1625936756,logservice1,memory,logging,0.25,adaptive_corrupted_anchor,0.8,0.0,1.0,1.0
logservice1_memory_1625950367,logservice1,memory,logging,0.25,adaptive_corrupted_anchor,0.6,0.0,1.0,1.0
logservice1_memory_1625967061,logservice1,memory,logging,0.25,adaptive_corrupted_anchor,1.0,1.0,1.0,1.0
logservice1_memory_1626018993,logservice1,memory,logging,0.25,adaptive_corrupted_anchor,0.8,0.0,1.0,1.0
logservice1_memory_1626043063,logservice1,memory,logging,0.25,adaptive_corrupted_anchor,0.8,0.0,1.0,1.0
logservice1_memory_1626069816,logservice1,memory,logging,0.25,adaptive_corrupted_anchor,0.8,0.0,1.0,1.0
logservice1_memory_1626079498,logservice1,memory,logging,0.25,adaptive_corrupted_anchor,0.6,0.0,1.0,1.0
logservice1_memory_1626086075,logservice1,memory,logging,0.25,adaptive_corrupted_anchor,0.8,0.0,1.0,1.0
logservice1_memory_1626102559,logservice1,memory,logging,0.25,adaptive_corrupted_anchor,1.0,1.0,1.0,1.0
logservice1_memory_1626106208,logservice1,memory,logging,0.25,adaptive_corrupted_anchor,0.6,0.0,1.0,1.0
logservice1_memory_1626125407,logservice1,memory,logging,0.25,adaptive_corrupted_anchor,0.6,0.0,1.0,1.0
logservice1_memory_1626139037,logservice1,memory,logging,0.25,adaptive_corrupted_anchor,1.0,1.0,1.0,1.0
logservice1_memory_1626180388,logservice1,memory,logging,0.25,adaptive_corrupted_anchor,1.0,1.0,1.0,1.0
logservice1_memory_1626208343,logservice1,memory,logging,0.25,adaptive_corrupted_anchor,0.8,0.0,1.0,1.0
logservice1_memory_1626218997,logservice1,memory,logging,0.25,adaptive_corrupted_anchor,0.8,0.0,1.0,1.0
logservice1_memory_1626328055,logservice1,memory,logging,0.25,adaptive_corrupted_anchor,0.6,0.0,1.0,1.0
logservice1_memory_1626336834,logservice1,memory,logging,0.25,adaptive_corrupted_anchor,0.6,0.0,1.0,1.0
logservice1_memory_1626371259,logservice1,memory,logging,0.25,adaptive_corrupted_anchor,0.6,0.0,1.0,1.0
logservice1_memory_1626391352,logservice1,memory,logging,0.25,adaptive_corrupted_anchor,0.8,0.0,1.0,1.0
logservice1_memory_1626419736,logservice1,memory,logging,0.25,adaptive_corrupted_anchor,0.6,0.0,1.0,1.0
logservice1_memory_1626541123,logservice1,memory,logging,0.25,adaptive_corrupted_anchor,0.8,0.0,1.0,1.0
logservice1_memory_1626551793,logservice1,memory,logging,0.25,adaptive_corrupted_anchor,0.6,0.0,1.0,1.0
logservice1_memory_1626571662,logservice1,memory,logging,0.25,adaptive_corrupted_anchor,0.6,0.0,1.0,1.0
logservice1_memory_1626575299,logservice1,memory,logging,0.25,adaptive_corrupted_anchor,0.6,0.0,1.0,1.0
logservice1_memory_1626608283,logservice1,memory,logging,0.25,adaptive_corrupted_anchor,1.0,1.0,1.0,1.0
logservice1_memory_1626632009,logservice1,memory,logging,0.25,adaptive_corrupted_anchor,0.8,0.0,1.0,1.0
logservice1_memory_1626764699,logservice1,memory,logging,0.25,adaptive_corrupted_anchor,1.0,1.0,1.0,1.0
logservice1_memory_1626865404,logservice1,memory,logging,0.25,adaptive_corrupted_anchor,0.6,0.0,1.0,1.0
logservice1_memory_1626926283,logservice1,memory,logging,0.25,adaptive_corrupted_anchor,0.6,0.0,1.0,1.0
logservice1_memory_1627024158,logservice1,memory,logging,0.25,adaptive_corrupted_anchor,0.8,0.0,1.0,1.0
logservice1_memory_1627144173,logservice1,memory,logging,0.25,adaptive_corrupted_anchor,1.0,1.0,1.0,1.0
logservice1_memory_1627165561,logservice1,memory,logging,0.25,adaptive_corrupted_anchor,0.6,0.0,1.0,1.0
logservice1_memory_1627170037,logservice1,memory,logging,0.25,adaptive_corrupted_anchor,1.0,1.0,1.0,1.0
logservice1_memory_1627228703,logservice1,memory,logging,0.25,adaptive_corrupted_anchor,1.0,1.0,1.0,1.0
logservice1_memory_1627243989,logservice1,memory,logging,0.25,adaptive_corrupted_anchor,0.8,0.0,1.0,1.0
logservice1_memory_1627283437,logservice1,memory,logging,0.25,adaptive_corrupted_anchor,1.0,1.0,1.0,1.0
logservice1_memory_1627291476,logservice1,memory,logging,0.25,adaptive_corrupted_anchor,0.8,0.0,1.0,1.0
logservice1_memory_1627299080,logservice1,memory,logging,0.25,adaptive_corrupted_anchor,1.0,1.0,1.0,1.0
logservice1_memory_1627310265,logservice1,memory,logging,0.25,adaptive_corrupted_anchor,0.6,0.0,1.0,1.0
logservice1_memory_1627477200,logservice1,memory,logging,0.25,adaptive_corrupted_anchor,0.8,0.0,1.0,1.0
logservice1_memory_1627522806,logservice1,memory,logging,0.25,adaptive_corrupted_anchor,0.6,0.0,1.0,1.0
logservice1_memory_1627545894,logservice1,memory,logging,0.25,adaptive_corrupted_anchor,1.0,1.0,1.0,1.0
logservice1_memory_1627592904,logservice1,memory,logging,0.25,adaptive_corrupted_anchor,1.0,1.0,1.0,1.0
logservice1_memory_1627619594,logservice1,memory,logging,0.25,adaptive_corrupted_anchor,0.6,0.0,1.0,1.0
logservice1_memory_1627700223,logservice1,memory,logging,0.25,adaptive_corrupted_anchor,0.8,0.0,1.0,1.0
logservice1_memory_1627736494,logservice1,memory,logging,0.25,adaptive_corrupted_anchor,0.8,0.0,1.0,1.0
logservice1_memory_1627762043,logservice1,memory,logging,0.25,adaptive_corrupted_anchor,0.8,0.0,1.0,1.0
logservice2_errno111_1626753001,logservice2,errno111,logging,0.25,adaptive_corrupted_anchor,1.0,1.0,1.0,1.0
logservice2_errno111_1626753269,logservice2,errno111,logging,0.25,adaptive_corrupted_anchor,0.8,0.0,1.0,1.0
logservice2_memory_1625172320,logservice2,memory,logging,0.25,adaptive_corrupted_anchor,0.6,0.0,1.0,1.0
logservice2_memory_1625204004,logservice2,memory,logging,0.25,adaptive_corrupted_anchor,1.0,1.0,1.0,1.0
logservice2_memory_1625221783,logservice2,memory,logging,0.25,adaptive_corrupted_anchor,1.0,1.0,1.0,1.0
logservice2_memory_1625304365,logservice2,memory,logging,0.25,adaptive_corrupted_anchor,0.8,0.0,1.0,1.0
logservice2_memory_1625325873,logservice2,memory,logging,0.25,adaptive_corrupted_anchor,0.6,0.0,1.0,1.0
logservice2_memory_1625379370,logservice2,memory,logging,0.25,adaptive_corrupted_anchor,0.6,0.0,1.0,1.0
logservice2_memory_1625396241,logservice2,memory,logging,0.25,adaptive_corrupted_anchor,0.8,0.0,1.0,1.0
logservice2_memory_1625421899,logservice2,memory,logging,0.25,adaptive_corrupted_anchor,0.6,0.0,1.0,1.0
logservice2_memory_1625425518,logservice2,memory,logging,0.25,adaptive_corrupted_anchor,0.6,0.0,1.0,1.0
logservice2_memory_1625469878,logservice2,memory,logging,0.25,adaptive_corrupted_anchor,1.0,1.0,1.0,1.0
logservice2_memory_1625483091,logservice2,memory,logging,0.25,adaptive_corrupted_anchor,1.0,1.0,1.0,1.0
logservice2_memory_1625511359,logservice2,memory,logging,0.25,adaptive_corrupted_anchor,0.8,0.0,1.0,1.0
logservice2_memory_1625518598,logservice2,memory,logging,0.25,adaptive_corrupted_anchor,0.8,0.0,1.0,1.0
logservice2_memory_1625530676,logservice2,memory,logging,0.25,adaptive_corrupted_anchor,1.0,1.0,1.0,1.0
logservice2_memory_1625537669,logservice2,memory,logging,0.25,adaptive_corrupted_anchor,1.0,1.0,1.0,1.0
logservice2_memory_1625567926,logservice2,memory,logging,0.25,adaptive_corrupted_anchor,0.6,0.0,1.0,1.0
logservice2_memory_1625572292,logservice2,memory,logging,0.25,adaptive_corrupted_anchor,0.6,0.0,1.0,1.0
logservice2_memory_1625617463,logservice2,memory,logging,0.25,adaptive_corrupted_anchor,0.6,0.0,1.0,1.0
logservice2_memory_1625630457,logservice2,memory,logging,0.25,adaptive_corrupted_anchor,0.6,0.0,1.0,1.0
logservice2_memory_1625644104,logservice2,memory,logging,0.25,adaptive_corrupted_anchor,0.8,0.0,1.0,1.0
logservice2_memory_1625732122,logservice2,memory,logging,0.25,adaptive_corrupted_anchor,0.6,0.0,1.0,1.0
logservice2_memory_1625756295,logservice2,memory,logging,0.25,adaptive_corrupted_anchor,0.6,0.0,1.0,1.0
logservice2_memory_1625794522,logservice2,memory,logging,0.25,adaptive_corrupted_anchor,0.8,0.0,1.0,1.0
logservice2_memory_1625804275,logservice2,memory,logging,0.25,adaptive_corrupted_anchor,1.0,1.0,1.0,1.0
logservice2_memory_1625880190,logservice2,memory,logging,0.25,adaptive_corrupted_anchor,0.8,0.0,1.0,1.0
logservice2_memory_1625924296,logservice2,memory,logging,0.25,adaptive_corrupted_anchor,0.8,0.0,1.0,1.0
logservice2_memory_1626013929,logservice2,memory,logging,0.25,adaptive_corrupted_anchor,0.6,0.0,1.0,1.0
logservice2_memory_1626050387,logservice2,memory,logging,0.25,adaptive_corrupted_anchor,0.6,0.0,1.0,1.0
logservice2_memory_1626098044,logservice2,memory,logging,0.25,adaptive_corrupted_anchor,1.0,1.0,1.0,1.0
logservice2_memory_1626109759,logservice2,memory,logging,0.25,adaptive_corrupted_anchor,0.6,0.0,1.0,1.0
logservice2_memory_1626248439,logservice2,memory,logging,0.25,adaptive_corrupted_anchor,0.6,0.0,1.0,1.0
logservice2_memory_1626258183,logservice2,memory,logging,0.25,adaptive_corrupted_anchor,0.6,0.0,1.0,1.0
logservice2_memory_1626325133,logservice2,memory,logging,0.25,adaptive_corrupted_anchor,0.6,0.0,1.0,1.0
logservice2_memory_1626366727,logservice2,memory,logging,0.25,adaptive_corrupted_anchor,1.0,1.0,1.0,1.0
logservice2_memory_1626395096,logservice2,memory,logging,0.25,adaptive_corrupted_anchor,0.8,0.0,1.0,1.0
logservice2_memory_1626412771,logservice2,memory,logging,0.25,adaptive_corrupted_anchor,0.6,0.0,1.0,1.0
logservice2_memory_1626469838,logservice2,memory,logging,0.25,adaptive_corrupted_anchor,0.6,0.0,1.0,1.0
logservice2_memory_1626498816,logservice2,memory,logging,0.25,adaptive_corrupted_anchor,0.8,0.0,1.0,1.0
logservice2_memory_1626568670,logservice2,memory,logging,0.25,adaptive_corrupted_anchor,0.8,0.0,1.0,1.0
logservice2_memory_1626765238,logservice2,memory,logging,0.25,adaptive_corrupted_anchor,1.0,1.0,1.0,1.0
logservice2_memory_1626871639,logservice2,memory,logging,0.25,adaptive_corrupted_anchor,1.0,1.0,1.0,1.0
logservice2_memory_1626880416,logservice2,memory,logging,0.25,adaptive_corrupted_anchor,0.6,0.0,1.0,1.0
logservice2_memory_1626922974,logservice2,memory,logging,0.25,adaptive_corrupted_anchor,0.8,0.0,1.0,1.0
logservice2_memory_1626926412,logservice2,memory,logging,0.25,adaptive_corrupted_anchor,1.0,1.0,1.0,1.0
logservice2_memory_1627052258,logservice2,memory,logging,0.25,adaptive_corrupted_anchor,0.6,0.0,1.0,1.0
logservice2_memory_1627069295,logservice2,memory,logging,0.25,adaptive_corrupted_anchor,0.6,0.0,1.0,1.0
logservice2_memory_1627140613,logservice2,memory,logging,0.25,adaptive_corrupted_anchor,1.0,1.0,1.0,1.0
logservice2_memory_1627227124,logservice2,memory,logging,0.25,adaptive_corrupted_anchor,1.0,1.0,1.0,1.0
logservice2_memory_1627353437,logservice2,memory,logging,0.25,adaptive_corrupted_anchor,0.8,0.0,1.0,1.0
logservice2_memory_1627365342,logservice2,memory,logging,0.25,adaptive_corrupted_anchor,1.0,1.0,1.0,1.0
logservice2_memory_1627396756,logservice2,memory,logging,0.25,adaptive_corrupted_anchor,0.8,0.0,1.0,1.0
logservice2_memory_1627410703,logservice2,memory,logging,0.25,adaptive_corrupted_anchor,0.8,0.0,1.0,1.0
logservice2_memory_1627443936,logservice2,memory,logging,0.25,adaptive_corrupted_anchor,1.0,1.0,1.0,1.0
logservice2_memory_1627464739,logservice2,memory,logging,0.25,adaptive_corrupted_anchor,0.6,0.0,1.0,1.0
logservice2_memory_1627509937,logservice2,memory,logging,0.25,adaptive_corrupted_anchor,1.0,1.0,1.0,1.0
logservice2_memory_1627516510,logservice2,memory,logging,0.25,adaptive_corrupted_anchor,1.0,1.0,1.0,1.0
logservice2_memory_1627567356,logservice2,memory,logging,0.25,adaptive_corrupted_anchor,1.0,1.0,1.0,1.0
logservice2_memory_1627590137,logservice2,memory,logging,0.25,adaptive_corrupted_anchor,0.6,0.0,1.0,1.0
logservice2_memory_1627606370,logservice2,memory,logging,0.25,adaptive_corrupted_anchor,0.8,0.0,1.0,1.0
logservice2_memory_1627648981,logservice2,memory,logging,0.25,adaptive_corrupted_anchor,0.6,0.0,1.0,1.0
logservice2_memory_1627688890,logservice2,memory,logging,0.25,adaptive_corrupted_anchor,1.0,1.0,1.0,1.0
logservice2_memory_1627737420,logservice2,memory,logging,0.25,adaptive_corrupted_anchor,0.8,0.0,1.0,1.0
logservice2_memory_1627769554,logservice2,memory,logging,0.25,adaptive_corrupted_anchor,0.8,0.0,1.0,1.0
mobservice1_errno111_1626752402,mobservice1,errno111,mobile,0.25,adaptive_corrupted_anchor,1.0,1.0,1.0,1.0
mobservice1_errno111_1626752556,mobservice1,errno111,mobile,0.25,adaptive_corrupted_anchor,1.0,1.0,1.0,1.0
mobservice1_memory_1625197067,mobservice1,memory,mobile,0.25,adaptive_corrupted_anchor,1.0,1.0,1.0,1.0
mobservice1_memory_1625224444,mobservice1,memory,mobile,0.25,adaptive_corrupted_anchor,1.0,1.0,1.0,1.0
mobservice1_memory_1625232540,mobservice1,memory,mobile,0.25,adaptive_corrupted_anchor,1.0,1.0,1.0,1.0
mobservice1_memory_1625247576,mobservice1,memory,mobile,0.25,adaptive_corrupted_anchor,1.0,1.0,1.0,1.0
mobservice1_memory_1625353753,mobservice1,memory,mobile,0.25,adaptive_corrupted_anchor,0.8,0.0,1.0,1.0
mobservice1_memory_1625379697,mobservice1,memory,mobile,0.25,adaptive_corrupted_anchor,0.6,0.0,1.0,1.0
mobservice1_memory_1625667742,mobservice1,memory,mobile,0.25,adaptive_corrupted_anchor,0.6,0.0,1.0,1.0
mobservice1_memory_1625703099,mobservice1,memory,mobile,0.25,adaptive_corrupted_anchor,1.0,1.0,1.0,1.0
mobservice1_memory_1625735045,mobservice1,memory,mobile,0.25,adaptive_corrupted_anchor,0.8,0.0,1.0,1.0
mobservice1_memory_1625804210,mobservice1,memory,mobile,0.25,adaptive_corrupted_anchor,1.0,1.0,1.0,1.0
mobservice1_memory_1625827494,mobservice1,memory,mobile,0.25,adaptive_corrupted_anchor,1.0,1.0,1.0,1.0
mobservice1_memory_1625832716,mobservice1,memory,mobile,0.25,adaptive_corrupted_anchor,0.6,0.0,1.0,1.0
mobservice1_memory_1625901292,mobservice1,memory,mobile,0.25,adaptive_corrupted_anchor,0.6,0.0,1.0,1.0
mobservice1_memory_1625941772,mobservice1,memory,mobile,0.25,adaptive_corrupted_anchor,1.0,1.0,1.0,1.0
mobservice1_memory_1625961631,mobservice1,memory,mobile,0.25,adaptive_corrupted_anchor,1.0,1.0,1.0,1.0
mobservice1_memory_1625977908,mobservice1,memory,mobile,0.25,adaptive_corrupted_anchor,1.0,1.0,1.0,1.0
mobservice1_memory_1626011901,mobservice1,memory,mobile,0.25,adaptive_corrupted_anchor,1.0,1.0,1.0,1.0
mobservice1_memory_1626023193,mobservice1,memory,mobile,0.25,adaptive_corrupted_anchor,1.0,1.0,1.0,1.0
mobservice1_memory_1626027400,mobservice1,memory,mobile,0.25,adaptive_corrupted_anchor,1.0,1.0,1.0,1.0
mobservice1_memory_1626054650,mobservice1,memory,mobile,0.25,adaptive_corrupted_anchor,1.0,1.0,1.0,1.0
mobservice1_memory_1626117202,mobservice1,memory,mobile,0.25,adaptive_corrupted_anchor,1.0,1.0,1.0,1.0
mobservice1_memory_1626128984,mobservice1,memory,mobile,0.25,adaptive_corrupted_anchor,1.0,1.0,1.0,1.0
mobservice1_memory_1626159110,mobservice1,memory,mobile,0.25,adaptive_corrupted_anchor,0.8,0.0,1.0,1.0
mobservice1_memory_1626168632,mobservice1,memory,mobile,0.25,adaptive_corrupted_anchor,1.0,1.0,1.0,1.0
mobservice1_memory_1626242718,mobservice1,memory,mobile,0.25,adaptive_corrupted_anchor,1.0,1.0,1.0,1.0
mobservice1_memory_1626282681,mobservice1,memory,mobile,0.25,adaptive_corrupted_anchor,1.0,1.0,1.0,1.0
mobservice1_memory_1626299070,mobservice1,memory,mobile,0.25,adaptive_corrupted_anchor,1.0,1.0,1.0,1.0
mobservice1_memory_1626322156,mobservice1,memory,mobile,0.25,adaptive_corrupted_anchor,0.6,0.0,1.0,1.0
mobservice1_memory_1626326168,mobservice1,memory,mobile,0.25,adaptive_corrupted_anchor,0.8,0.0,1.0,1.0
mobservice1_memory_1626349453,mobservice1,memory,mobile,0.25,adaptive_corrupted_anchor,0.8,0.0,1.0,1.0
mobservice1_memory_1626444105,mobservice1,memory,mobile,0.25,adaptive_corrupted_anchor,0.8,0.0,1.0,1.0
mobservice1_memory_1626448997,mobservice1,memory,mobile,0.25,adaptive_corrupted_anchor,1.0,1.0,1.0,1.0
mobservice1_memory_1626488862,mobservice1,memory,mobile,0.25,adaptive_corrupted_anchor,1.0,1.0,1.0,1.0
mobservice1_memory_1626534607,mobservice1,memory,mobile,0.25,adaptive_corrupted_anchor,1.0,1.0,1.0,1.0
mobservice1_memory_1626538445,mobservice1,memory,mobile,0.25,adaptive_corrupted_anchor,0.8,0.0,1.0,1.0
mobservice1_memory_1626555752,mobservice1,memory,mobile,0.25,adaptive_corrupted_anchor,1.0,1.0,1.0,1.0
mobservice1_memory_1626607827,mobservice1,memory,mobile,0.25,adaptive_corrupted_anchor,0.8,0.0,1.0,1.0
mobservice1_memory_1626635810,mobservice1,memory,mobile,0.25,adaptive_corrupted_anchor,0.8,0.0,1.0,1.0
mobservice1_memory_1626640654,mobservice1,memory,mobile,0.25,adaptive_corrupted_anchor,0.6,0.0,1.0,1.0
mobservice1_memory_1626773018,mobservice1,memory,mobile,0.25,adaptive_corrupted_anchor,0.6,0.0,1.0,1.0
mobservice1_memory_1626850195,mobservice1,memory,mobile,0.25,adaptive_corrupted_anchor,1.0,1.0,1.0,1.0
mobservice1_memory_1626877506,mobservice1,memory,mobile,0.25,adaptive_corrupted_anchor,1.0,1.0,1.0,1.0
mobservice1_memory_1626897069,mobservice1,memory,mobile,0.25,adaptive_corrupted_anchor,1.0,1.0,1.0,1.0
mobservice1_memory_1626913833,mobservice1,memory,mobile,0.25,adaptive_corrupted_anchor,1.0,1.0,1.0,1.0
mobservice1_memory_1626933957,mobservice1,memory,mobile,0.25,adaptive_corrupted_anchor,0.8,0.0,1.0,1.0
mobservice1_memory_1626937894,mobservice1,memory,mobile,0.25,adaptive_corrupted_anchor,1.0,1.0,1.0,1.0
mobservice1_memory_1626954084,mobservice1,memory,mobile,0.25,adaptive_corrupted_anchor,1.0,1.0,1.0,1.0
mobservice1_memory_1626958838,mobservice1,memory,mobile,0.25,adaptive_corrupted_anchor,1.0,1.0,1.0,1.0
mobservice1_memory_1627163076,mobservice1,memory,mobile,0.25,adaptive_corrupted_anchor,0.8,0.0,1.0,1.0
mobservice1_memory_1627200697,mobservice1,memory,mobile,0.25,adaptive_corrupted_anchor,1.0,1.0,1.0,1.0
mobservice1_memory_1627219564,mobservice1,memory,mobile,0.25,adaptive_corrupted_anchor,0.8,0.0,1.0,1.0
mobservice1_memory_1627247170,mobservice1,memory,mobile,0.25,adaptive_corrupted_anchor,0.8,0.0,1.0,1.0
mobservice1_memory_1627279781,mobservice1,memory,mobile,0.25,adaptive_corrupted_anchor,0.8,0.0,1.0,1.0
mobservice1_memory_1627283259,mobservice1,memory,mobile,0.25,adaptive_corrupted_anchor,1.0,1.0,1.0,1.0
mobservice1_memory_1627347382,mobservice1,memory,mobile,0.25,adaptive_corrupted_anchor,0.6,0.0,1.0,1.0
mobservice1_memory_1627382521,mobservice1,memory,mobile,0.25,adaptive_corrupted_anchor,1.0,1.0,1.0,1.0
mobservice1_memory_1627387214,mobservice1,memory,mobile,0.25,adaptive_corrupted_anchor,1.0,1.0,1.0,1.0
mobservice1_memory_1627447409,mobservice1,memory,mobile,0.25,adaptive_corrupted_anchor,0.6,0.0,1.0,1.0
mobservice1_memory_1627484554,mobservice1,memory,mobile,0.25,adaptive_corrupted_anchor,0.8,0.0,1.0,1.0
mobservice1_memory_1627514424,mobservice1,memory,mobile,0.25,adaptive_corrupted_anchor,0.6,0.0,1.0,1.0
mobservice1_memory_1627580206,mobservice1,memory,mobile,0.25,adaptive_corrupted_anchor,1.0,1.0,1.0,1.0
mobservice1_memory_1627612966,mobservice1,memory,mobile,0.25,adaptive_corrupted_anchor,0.8,0.0,1.0,1.0
mobservice1_memory_1627645613,mobservice1,memory,mobile,0.25,adaptive_corrupted_anchor,0.8,0.0,1.0,1.0
mobservice1_memory_1627661901,mobservice1,memory,mobile,0.25,adaptive_corrupted_anchor,0.6,0.0,1.0,1.0
mobservice1_memory_1627701774,mobservice1,memory,mobile,0.25,adaptive_corrupted_anchor,1.0,1.0,1.0,1.0
mobservice1_memory_1627731923,mobservice1,memory,mobile,0.25,adaptive_corrupted_anchor,1.0,1.0,1.0,1.0
mobservice1_qr_expired_1625151823,mobservice1,qr_expired,mobile,0.25,adaptive_corrupted_anchor,0.8,0.0,1.0,1.0
mobservice1_qr_expired_1625182698,mobservice1,qr_expired,mobile,0.25,adaptive_corrupted_anchor,0.8,0.0,1.0,1.0
mobservice1_qr_expired_1625210087,mobservice1,qr_expired,mobile,0.25,adaptive_corrupted_anchor,0.6,0.0,1.0,1.0
mobservice1_qr_expired_1625240727,mobservice1,qr_expired,mobile,0.25,adaptive_corrupted_anchor,1.0,1.0,1.0,1.0
mobservice1_qr_expired_1625271564,mobservice1,qr_expired,mobile,0.25,adaptive_corrupted_anchor,1.0,1.0,1.0,1.0
mobservice1_qr_expired_1625296713,mobservice1,qr_expired,mobile,0.25,adaptive_corrupted_anchor,0.8,0.0,1.0,1.0
mobservice1_qr_expired_1625325200,mobservice1,qr_expired,mobile,0.25,adaptive_corrupted_anchor,0.6,0.0,1.0,1.0
mobservice1_qr_expired_1625355663,mobservice1,qr_expired,mobile,0.25,adaptive_corrupted_anchor,0.8,0.0,1.0,1.0
mobservice1_qr_expired_1625383443,mobservice1,qr_expired,mobile,0.25,adaptive_corrupted_anchor,0.8,0.0,1.0,1.0
mobservice1_qr_expired_1625409300,mobservice1,qr_expired,mobile,0.25,adaptive_corrupted_anchor,0.6,0.0,1.0,1.0
mobservice1_qr_expired_1625436871,mobservice1,qr_expired,mobile,0.25,adaptive_corrupted_anchor,1.0,1.0,1.0,1.0
mobservice1_qr_expired_1625473216,mobservice1,qr_expired,mobile,0.25,adaptive_corrupted_anchor,0.6,0.0,1.0,1.0
mobservice1_qr_expired_1625505879,mobservice1,qr_expired,mobile,0.25,adaptive_corrupted_anchor,1.0,1.0,1.0,1.0
mobservice1_qr_expired_1625542705,mobservice1,qr_expired,mobile,0.25,adaptive_corrupted_anchor,0.8,0.0,1.0,1.0
mobservice1_qr_expired_1625580525,mobservice1,qr_expired,mobile,0.25,adaptive_corrupted_anchor,0.8,0.0,1.0,1.0
mobservice1_qr_expired_1625625195,mobservice1,qr_expired,mobile,0.25,adaptive_corrupted_anchor,0.8,0.0,1.0,1.0
mobservice1_qr_expired_1625667731,mobservice1,qr_expired,mobile,0.25,adaptive_corrupted_anchor,0.6,0.0,1.0,1.0
mobservice1_qr_expired_1625711646,mobservice1,qr_expired,mobile,0.25,adaptive_corrupted_anchor,0.6,0.0,1.0,1.0
mobservice1_qr_expired_1625756698,mobservice1,qr_expired,mobile,0.25,adaptive_corrupted_anchor,0.8,0.0,1.0,1.0
mobservice1_qr_expired_1625794482,mobservice1,qr_expired,mobile,0.25,adaptive_corrupted_anchor,0.6,0.0,1.0,1.0
mobservice1_qr_expired_1625841247,mobservice1,qr_expired,mobile,0.25,adaptive_corrupted_anchor,0.6,0.0,1.0,1.0
mobservice1_qr_expired_1625890187,mobservice1,qr_expired,mobile,0.25,adaptive_corrupted_anchor,0.8,0.0,1.0,1.0
mobservice1_qr_expired_1625930412,mobservice1,qr_expired,mobile,0.25,adaptive_corrupted_anchor,1.0,1.0,1.0,1.0
mobservice1_qr_expired_1625972156,mobservice1,qr_expired,mobile,0.25,adaptive_corrupted_anchor,1.0,1.0,1.0,1.0
mobservice1_qr_expired_1626008252,mobservice1,qr_expired,mobile,0.25,adaptive_corrupted_anchor,1.0,1.0,1.0,1.0
mobservice1_qr_expired_1626040718,mobservice1,qr_expired,mobile,0.25,adaptive_corrupted_anchor,1.0,1.0,1.0,1.0
mobservice1_qr_expired_1626075193,mobservice1,qr_expired,mobile,0.25,adaptive_corrupted_anchor,0.8,0.0,1.0,1.0
mobservice1_qr_expired_1626114894,mobservice1,qr_expired,mobile,0.25,adaptive_corrupted_anchor,0.8,0.0,1.0,1.0
mobservice1_qr_expired_1626159261,mobservice1,qr_expired,mobile,0.25,adaptive_corrupted_anchor,0.6,0.0,1.0,1.0
mobservice1_qr_expired_1626191632,mobservice1,qr_expired,mobile,0.25,adaptive_corrupted_anchor,0.8,0.0,1.0,1.0
mobservice1_qr_expired_1626223304,mobservice1,qr_expired,mobile,0.25,adaptive_corrupted_anchor,1.0,1.0,1.0,1.0
mobservice1_qr_expired_1626255336,mobservice1,qr_expired,mobile,0.25,adaptive_corrupted_anchor,1.0,1.0,1.0,1.0
mobservice1_qr_expired_1626296585,mobservice1,qr_expired,mobile,0.25,adaptive_corrupted_anchor,0.6,0.0,1.0,1.0
mobservice1_qr_expired_1626336309,mobservice1,qr_expired,mobile,0.25,adaptive_corrupted_anchor,1.0,1.0,1.0,1.0
mobservice1_qr_expired_1626368186,mobservice1,qr_expired,mobile,0.25,adaptive_corrupted_anchor,0.6,0.0,1.0,1.0
mobservice1_qr_expired_1626404786,mobservice1,qr_expired,mobile,0.25,adaptive_corrupted_anchor,0.8,0.0,1.0,1.0
mobservice1_qr_expired_1626433510,mobservice1,qr_expired,mobile,0.25,adaptive_corrupted_anchor,0.8,0.0,1.0,1.0
mobservice1_qr_expired_1626462926,mobservice1,qr_expired,mobile,0.25,adaptive_corrupted_anchor,0.8,0.0,1.0,1.0
mobservice1_qr_expired_1626491905,mobservice1,qr_expired,mobile,0.25,adaptive_corrupted_anchor,0.6,0.0,1.0,1.0
mobservice1_qr_expired_1626520267,mobservice1,qr_expired,mobile,0.25,adaptive_corrupted_anchor,0.6,0.0,1.0,1.0
mobservice1_qr_expired_1626551052,mobservice1,qr_expired,mobile,0.25,adaptive_corrupted_anchor,1.0,1.0,1.0,1.0
mobservice1_qr_expired_1626580037,mobservice1,qr_expired,mobile,0.25,adaptive_corrupted_anchor,0.6,0.0,1.0,1.0
mobservice1_qr_expired_1626607583,mobservice1,qr_expired,mobile,0.25,adaptive_corrupted_anchor,1.0,1.0,1.0,1.0
mobservice1_qr_expired_1626632651,mobservice1,qr_expired,mobile,0.25,adaptive_corrupted_anchor,1.0,1.0,1.0,1.0
mobservice1_qr_expired_1626758435,mobservice1,qr_expired,mobile,0.25,adaptive_corrupted_anchor,0.6,0.0,1.0,1.0
mobservice1_qr_expired_1626784630,mobservice1,qr_expired,mobile,0.25,adaptive_corrupted_anchor,1.0,1.0,1.0,1.0
mobservice1_qr_expired_1626821039,mobservice1,qr_expired,mobile,0.25,adaptive_corrupted_anchor,1.0,1.0,1.0,1.0
mobservice1_qr_expired_1626856553,mobservice1,qr_expired,mobile,0.25,adaptive_corrupted_anchor,0.8,0.0,1.0,1.0
mobservice1_qr_expired_1626884682,mobservice1,qr_expired,mobile,0.25,adaptive_corrupted_anchor,1.0,1.0,1.0,1.0
mobservice1_qr_expired_1626917764,mobservice1,qr_expired,mobile,0.25,adaptive_corrupted_anchor,0.8,0.0,1.0,1.0
mobservice1_qr_expired_1626941760,mobservice1,qr_expired,mobile,0.25,adaptive_corrupted_anchor,0.8,0.0,1.0,1.0
mobservice1_qr_expired_1626968701,mobservice1,qr_expired,mobile,0.25,adaptive_corrupted_anchor,0.8,0.0,1.0,1.0
mobservice1_qr_expired_1626999263,mobservice1,qr_expired,mobile,0.25,adaptive_corrupted_anchor,1.0,1.0,1.0,1.0
mobservice1_qr_expired_1627024159,mobservice1,qr_expired,mobile,0.25,adaptive_corrupted_anchor,1.0,1.0,1.0,1.0
mobservice1_qr_expired_1627051613,mobservice1,qr_expired,mobile,0.25,adaptive_corrupted_anchor,0.6,0.0,1.0,1.0
mobservice1_qr_expired_1627083857,mobservice1,qr_expired,mobile,0.25,adaptive_corrupted_anchor,1.0,1.0,1.0,1.0
mobservice1_qr_expired_1627112278,mobservice1,qr_expired,mobile,0.25,adaptive_corrupted_anchor,1.0,1.0,1.0,1.0
mobservice1_qr_expired_1627135285,mobservice1,qr_expired,mobile,0.25,adaptive_corrupted_anchor,0.6,0.0,1.0,1.0
mobservice1_qr_expired_1627157519,mobservice1,qr_expired,mobile,0.25,adaptive_corrupted_anchor,0.8,0.0,1.0,1.0
mobservice1_qr_expired_1627184031,mobservice1,qr_expired,mobile,0.25,adaptive_corrupted_anchor,1.0,1.0,1.0,1.0
mobservice1_qr_expired_1627212755,mobservice1,qr_expired,mobile,0.25,adaptive_corrupted_anchor,1.0,1.0,1.0,1.0
mobservice1_qr_expired_1627238319,mobservice1,qr_expired,mobile,0.25,adaptive_corrupted_anchor,1.0,1.0,1.0,1.0
mobservice1_qr_expired_1627264132,mobservice1,qr_expired,mobile,0.25,adaptive_corrupted_anchor,1.0,1.0,1.0,1.0
mobservice1_qr_expired_1627293860,mobservice1,qr_expired,mobile,0.25,adaptive_corrupted_anchor,1.0,1.0,1.0,1.0
mobservice1_qr_expired_1627322979,mobservice1,qr_expired,mobile,0.25,adaptive_corrupted_anchor,0.6,0.0,1.0,1.0
mobservice1_qr_expired_1627355175,mobservice1,qr_expired,mobile,0.25,adaptive_corrupted_anchor,0.6,0.0,1.0,1.0
mobservice1_qr_expired_1627383377,mobservice1,qr_expired,mobile,0.25,adaptive_corrupted_anchor,0.8,0.0,1.0,1.0
mobservice1_qr_expired_1627410797,mobservice1,qr_expired,mobile,0.25,adaptive_corrupted_anchor,0.8,0.0,1.0,1.0
mobservice1_qr_expired_1627438966,mobservice1,qr_expired,mobile,0.25,adaptive_corrupted_anchor,1.0,1.0,1.0,1.0
mobservice1_qr_expired_1627466564,mobservice1,qr_expired,mobile,0.25,adaptive_corrupted_anchor,0.8,0.0,1.0,1.0
mobservice1_qr_expired_1627500877,mobservice1,qr_expired,mobile,0.25,adaptive_corrupted_anchor,0.8,0.0,1.0,1.0
mobservice1_qr_expired_1627528299,mobservice1,qr_expired,mobile,0.25,adaptive_corrupted_anchor,0.6,0.0,1.0,1.0
mobservice1_qr_expired_1627552119,mobservice1,qr_expired,mobile,0.25,adaptive_corrupted_anchor,0.8,0.0,1.0,1.0
mobservice1_qr_expired_1627579617,mobservice1,qr_expired,mobile,0.25,adaptive_corrupted_anchor,0.6,0.0,1.0,1.0
mobservice1_qr_expired_1627607460,mobservice1,qr_expired,mobile,0.25,adaptive_corrupted_anchor,1.0,1.0,1.0,1.0
mobservice1_qr_expired_1627636467,mobservice1,qr_expired,mobile,0.25,adaptive_corrupted_anchor,0.6,0.0,1.0,1.0
mobservice1_qr_expired_1627666643,mobservice1,qr_expired,mobile,0.25,adaptive_corrupted_anchor,0.8,0.0,1.0,1.0
mobservice1_qr_expired_1627691008,mobservice1,qr_expired,mobile,0.25,adaptive_corrupted_anchor,0.6,0.0,1.0,1.0
mobservice1_qr_expired_1627716967,mobservice1,qr_expired,mobile,0.25,adaptive_corrupted_anchor,0.6,0.0,1.0,1.0
mobservice1_qr_expired_1627738658,mobservice1,qr_expired,mobile,0.25,adaptive_corrupted_anchor,0.8,0.0,1.0,1.0
mobservice2_cpu_1627454420,mobservice2,cpu,mobile,0.25,adaptive_corrupted_anchor,0.6,0.0,1.0,1.0
mobservice2_cpu_1627497596,mobservice2,cpu,mobile,0.25,adaptive_corrupted_anchor,0.6,0.0,1.0,1.0
mobservice2_cpu_1627542736,mobservice2,cpu,mobile,0.25,adaptive_corrupted_anchor,1.0,1.0,1.0,1.0
mobservice2_cpu_1627761644,mobservice2,cpu,mobile,0.25,adaptive_corrupted_anchor,0.6,0.0,1.0,1.0
mobservice2_errno111_1626752406,mobservice2,errno111,mobile,0.25,adaptive_corrupted_anchor,0.8,0.0,1.0,1.0
mobservice2_errno111_1626752504,mobservice2,errno111,mobile,0.25,adaptive_corrupted_anchor,0.6,0.0,1.0,1.0
mobservice2_memory_1625157918,mobservice2,memory,mobile,0.25,adaptive_corrupted_anchor,0.8,0.0,1.0,1.0
mobservice2_memory_1625168598,mobservice2,memory,mobile,0.25,adaptive_corrupted_anchor,0.6,0.0,1.0,1.0
mobservice2_memory_1625200044,mobservice2,memory,mobile,0.25,adaptive_corrupted_anchor,1.0,1.0,1.0,1.0
mobservice2_memory_1625205092,mobservice2,memory,mobile,0.25,adaptive_corrupted_anchor,1.0,1.0,1.0,1.0
mobservice2_memory_1625235821,mobservice2,memory,mobile,0.25,adaptive_corrupted_anchor,1.0,1.0,1.0,1.0
mobservice2_memory_1625240040,mobservice2,memory,mobile,0.25,adaptive_corrupted_anchor,1.0,1.0,1.0,1.0
mobservice2_memory_1625305876,mobservice2,memory,mobile,0.25,adaptive_corrupted_anchor,1.0,1.0,1.0,1.0
mobservice2_memory_1625359712,mobservice2,memory,mobile,0.25,adaptive_corrupted_anchor,1.0,1.0,1.0,1.0
mobservice2_memory_1625527607,mobservice2,memory,mobile,0.25,adaptive_corrupted_anchor,0.8,0.0,1.0,1.0
mobservice2_memory_1625552888,mobservice2,memory,mobile,0.25,adaptive_corrupted_anchor,0.6,0.0,1.0,1.0
mobservice2_memory_1625584788,mobservice2,memory,mobile,0.25,adaptive_corrupted_anchor,0.8,0.0,1.0,1.0
mobservice2_memory_1625676811,mobservice2,memory,mobile,0.25,adaptive_corrupted_anchor,1.0,1.0,1.0,1.0
mobservice2_memory_1625680798,mobservice2,memory,mobile,0.25,adaptive_corrupted_anchor,0.8,0.0,1.0,1.0
mobservice2_memory_1625692971,mobservice2,memory,mobile,0.25,adaptive_corrupted_anchor,0.8,0.0,1.0,1.0
mobservice2_memory_1625697606,mobservice2,memory,mobile,0.25,adaptive_corrupted_anchor,0.6,0.0,1.0,1.0
mobservice2_memory_1625738510,mobservice2,memory,mobile,0.25,adaptive_corrupted_anchor,0.6,0.0,1.0,1.0
mobservice2_memory_1625742099,mobservice2,memory,mobile,0.25,adaptive_corrupted_anchor,1.0,1.0,1.0,1.0
mobservice2_memory_1625771613,mobservice2,memory,mobile,0.25,adaptive_corrupted_anchor,1.0,1.0,1.0,1.0
mobservice2_memory_1625831922,mobservice2,memory,mobile,0.25,adaptive_corrupted_anchor,0.8,0.0,1.0,1.0
mobservice2_memory_1625898199,mobservice2,memory,mobile,0.25,adaptive_corrupted_anchor,0.6,0.0,1.0,1.0
mobservice2_memory_1625987443,mobservice2,memory,mobile,0.25,adaptive_corrupted_anchor,0.6,0.0,1.0,1.0
mobservice2_memory_1626009884,mobservice2,memory,mobile,0.25,adaptive_corrupted_anchor,0.6,0.0,1.0,1.0
mobservice2_memory_1626030275,mobservice2,memory,mobile,0.25,adaptive_corrupted_anchor,0.6,0.0,1.0,1.0
mobservice2_memory_1626061939,mobservice2,memory,mobile,0.25,adaptive_corrupted_anchor,0.8,0.0,1.0,1.0
mobservice2_memory_1626128366,mobservice2,memory,mobile,0.25,adaptive_corrupted_anchor,1.0,1.0,1.0,1.0
mobservice2_memory_1626132020,mobservice2,memory,mobile,0.25,adaptive_corrupted_anchor,0.6,0.0,1.0,1.0
mobservice2_memory_1626157765,mobservice2,memory,mobile,0.25,adaptive_corrupted_anchor,1.0,1.0,1.0,1.0
mobservice2_memory_1626198509,mobservice2,memory,mobile,0.25,adaptive_corrupted_anchor,0.8,0.0,1.0,1.0
mobservice2_memory_1626201727,mobservice2,memory,mobile,0.25,adaptive_corrupted_anchor,1.0,1.0,1.0,1.0
mobservice2_memory_1626240489,mobservice2,memory,mobile,0.25,adaptive_corrupted_anchor,1.0,1.0,1.0,1.0
mobservice2_memory_1626286299,mobservice2,memory,mobile,0.25,adaptive_corrupted_anchor,0.8,0.0,1.0,1.0
mobservice2_memory_1626294885,mobservice2,memory,mobile,0.25,adaptive_corrupted_anchor,0.8,0.0,1.0,1.0
mobservice2_memory_1626323276,mobservice2,memory,mobile,0.25,adaptive_corrupted_anchor,0.6,0.0,1.0,1.0
mobservice2_memory_1626411067,mobservice2,memory,mobile,0.25,adaptive_corrupted_anchor,1.0,1.0,1.0,1.0
mobservice2_memory_1626429148,mobservice2,memory,mobile,0.25,adaptive_corrupted_anchor,0.6,0.0,1.0,1.0
mobservice2_memory_1626439231,mobservice2,memory,mobile,0.25,adaptive_corrupted_anchor,0.8,0.0,1.0,1.0
mobservice2_memory_1626458752,mobservice2,memory,mobile,0.25,adaptive_corrupted_anchor,1.0,1.0,1.0,1.0
mobservice2_memory_1626474951,mobservice2,memory,mobile,0.25,adaptive_corrupted_anchor,0.8,0.0,1.0,1.0
mobservice2_memory_1626520226,mobservice2,memory,mobile,0.25,adaptive_corrupted_anchor,1.0,1.0,1.0,1.0
mobservice2_memory_1626538101,mobservice2,memory,mobile,0.25,adaptive_corrupted_anchor,1.0,1.0,1.0,1.0
mobservice2_memory_1626607047,mobservice2,memory,mobile,0.25,adaptive_corrupted_anchor,0.8,0.0,1.0,1.0
mobservice2_memory_1626757492,mobservice2,memory,mobile,0.25,adaptive_corrupted_anchor,1.0,1.0,1.0,1.0
mobservice2_memory_1626785359,mobservice2,memory,mobile,0.25,adaptive_corrupted_anchor,0.6,0.0,1.0,1.0
mobservice2_memory_1626890346,mobservice2,memory,mobile,0.25,adaptive_corrupted_anchor,1.0,1.0,1.0,1.0
mobservice2_memory_1626935991,mobservice2,memory,mobile,0.25,adaptive_corrupted_anchor,1.0,1.0,1.0,1.0
mobservice2_memory_1626958150,mobservice2,memory,mobile,0.25,adaptive_corrupted_anchor,0.8,0.0,1.0,1.0
mobservice2_memory_1626961197,mobservice2,memory,mobile,0.25,adaptive_corrupted_anchor,0.8,0.0,1.0,1.0
mobservice2_memory_1626985877,mobservice2,memory,mobile,0.25,adaptive_corrupted_anchor,1.0,1.0,1.0,1.0
mobservice2_memory_1627037496,mobservice2,memory,mobile,0.25,adaptive_corrupted_anchor,1.0,1.0,1.0,1.0
mobservice2_memory_1627044227,mobservice2,memory,mobile,0.25,adaptive_corrupted_anchor,0.6,0.0,1.0,1.0
mobservice2_memory_1627065444,mobservice2,memory,mobile,0.25,adaptive_corrupted_anchor,1.0,1.0,1.0,1.0
mobservice2_memory_1627119333,mobservice2,memory,mobile,0.25,adaptive_corrupted_anchor,0.6,0.0,1.0,1.0
mobservice2_memory_1627204060,mobservice2,memory,mobile,0.25,adaptive_corrupted_anchor,0.6,0.0,1.0,1.0
mobservice2_memory_1627230225,mobservice2,memory,mobile,0.25,adaptive_corrupted_anchor,1.0,1.0,1.0,1.0
mobservice2_memory_1627256808,mobservice2,memory,mobile,0.25,adaptive_corrupted_anchor,1.0,1.0,1.0,1.0
mobservice2_memory_1627260359,mobservice2,memory,mobile,0.25,adaptive_corrupted_anchor,1.0,1.0,1.0,1.0
mobservice2_memory_1627296468,mobservice2,memory,mobile,0.25,adaptive_corrupted_anchor,0.6,0.0,1.0,1.0
mobservice2_memory_1627357843,mobservice2,memory,mobile,0.25,adaptive_corrupted_anchor,0.8,0.0,1.0,1.0
mobservice2_memory_1627365277,mobservice2,memory,mobile,0.25,adaptive_corrupted_anchor,1.0,1.0,1.0,1.0
mobservice2_memory_1627374212,mobservice2,memory,mobile,0.25,adaptive_corrupted_anchor,1.0,1.0,1.0,1.0
mobservice2_memory_1627436047,mobservice2,memory,mobile,0.25,adaptive_corrupted_anchor,0.6,0.0,1.0,1.0
mobservice2_memory_1627471954,mobservice2,memory,mobile,0.25,adaptive_corrupted_anchor,0.6,0.0,1.0,1.0
mobservice2_memory_1627514362,mobservice2,memory,mobile,0.25,adaptive_corrupted_anchor,0.8,0.0,1.0,1.0
mobservice2_memory_1627554299,mobservice2,memory,mobile,0.25,adaptive_corrupted_anchor,1.0,1.0,1.0,1.0
mobservice2_memory_1627713570,mobservice2,memory,mobile,0.25,adaptive_corrupted_anchor,0.8,0.0,1.0,1.0
mobservice2_memory_1627731436,mobservice2,memory,mobile,0.25,adaptive_corrupted_anchor,0.8,0.0,1.0,1.0
mobservice2_qr_expired_1625152105,mobservice2,qr_expired,mobile,0.25,adaptive_corrupted_anchor,1.0,1.0,1.0,1.0
mobservice2_qr_expired_1625179967,mobservice2,qr_expired,mobile,0.25,adaptive_corrupted_anchor,0.6,0.0,1.0,1.0
mobservice2_qr_expired_1625210422,mobservice2,qr_expired,mobile,0.25,adaptive_corrupted_anchor,1.0,1.0,1.0,1.0
mobservice2_qr_expired_1625242846,mobservice2,qr_expired,mobile,0.25,adaptive_corrupted_anchor,1.0,1.0,1.0,1.0
mobservice2_qr_expired_1625275953,mobservice2,qr_expired,mobile,0.25,adaptive_corrupted_anchor,1.0,1.0,1.0,1.0
mobservice2_qr_expired_1625302666,mobservice2,qr_expired,mobile,0.25,adaptive_corrupted_anchor,0.8,0.0,1.0,1.0
mobservice2_qr_expired_1625334978,mobservice2,qr_expired,mobile,0.25,adaptive_corrupted_anchor,0.8,0.0,1.0,1.0
mobservice2_qr_expired_1625360218,mobservice2,qr_expired,mobile,0.25,adaptive_corrupted_anchor,1.0,1.0,1.0,1.0
mobservice2_qr_expired_1625390816,mobservice2,qr_expired,mobile,0.25,adaptive_corrupted_anchor,1.0,1.0,1.0,1.0
mobservice2_qr_expired_1625425284,mobservice2,qr_expired,mobile,0.25,adaptive_corrupted_anchor,0.8,0.0,1.0,1.0
mobservice2_qr_expired_1625455022,mobservice2,qr_expired,mobile,0.25,adaptive_corrupted_anchor,1.0,1.0,1.0,1.0
mobservice2_qr_expired_1625489299,mobservice2,qr_expired,mobile,0.25,adaptive_corrupted_anchor,0.8,0.0,1.0,1.0
mobservice2_qr_expired_1625521837,mobservice2,qr_expired,mobile,0.25,adaptive_corrupted_anchor,1.0,1.0,1.0,1.0
mobservice2_qr_expired_1625553275,mobservice2,qr_expired,mobile,0.25,adaptive_corrupted_anchor,1.0,1.0,1.0,1.0
mobservice2_qr_expired_1625586485,mobservice2,qr_expired,mobile,0.25,adaptive_corrupted_anchor,0.8,0.0,1.0,1.0
mobservice2_qr_expired_1625632041,mobservice2,qr_expired,mobile,0.25,adaptive_corrupted_anchor,1.0,1.0,1.0,1.0
mobservice2_qr_expired_1625675866,mobservice2,qr_expired,mobile,0.25,adaptive_corrupted_anchor,1.0,1.0,1.0,1.0
mobservice2_qr_expired_1625722797,mobservice2,qr_expired,mobile,0.25,adaptive_corrupted_anchor,1.0,1.0,1.0,1.0
mobservice2_qr_expired_1625778458,mobservice2,qr_expired,mobile,0.25,adaptive_corrupted_anchor,1.0,1.0,1.0,1.0
mobservice2_qr_expired_1625827086,mobservice2,qr_expired,mobile,0.25,adaptive_corrupted_anchor,0.6,0.0,1.0,1.0
mobservice2_qr_expired_1625871929,mobservice2,qr_expired,mobile,0.25,adaptive_corrupted_anchor,1.0,1.0,1.0,1.0
mobservice2_qr_expired_1625913424,mobservice2,qr_expired,mobile,0.25,adaptive_corrupted_anchor,1.0,1.0,1.0,1.0
mobservice2_qr_expired_1625953921,mobservice2,qr_expired,mobile,0.25,adaptive_corrupted_anchor,1.0,1.0,1.0,1.0
mobservice2_qr_expired_1625991677,mobservice2,qr_expired,mobile,0.25,adaptive_corrupted_anchor,0.8,0.0,1.0,1.0
mobservice2_qr_expired_1626027488,mobservice2,qr_expired,mobile,0.25,adaptive_corrupted_anchor,0.8,0.0,1.0,1.0
mobservice2_qr_expired_1626055588,mobservice2,qr_expired,mobile,0.25,adaptive_corrupted_anchor,0.6,0.0,1.0,1.0
mobservice2_qr_expired_1626092428,mobservice2,qr_expired,mobile,0.25,adaptive_corrupted_anchor,0.6,0.0,1.0,1.0
mobservice2_qr_expired_1626126195,mobservice2,qr_expired,mobile,0.25,adaptive_corrupted_anchor,1.0,1.0,1.0,1.0
mobservice2_qr_expired_1626148468,mobservice2,qr_expired,mobile,0.25,adaptive_corrupted_anchor,1.0,1.0,1.0,1.0
mobservice2_qr_expired_1626179787,mobservice2,qr_expired,mobile,0.25,adaptive_corrupted_anchor,0.8,0.0,1.0,1.0
mobservice2_qr_expired_1626214192,mobservice2,qr_expired,mobile,0.25,adaptive_corrupted_anchor,1.0,1.0,1.0,1.0
mobservice2_qr_expired_1626250092,mobservice2,qr_expired,mobile,0.25,adaptive_corrupted_anchor,0.6,0.0,1.0,1.0
mobservice2_qr_expired_1626285754,mobservice2,qr_expired,mobile,0.25,adaptive_corrupted_anchor,1.0,1.0,1.0,1.0
mobservice2_qr_expired_1626320898,mobservice2,qr_expired,mobile,0.25,adaptive_corrupted_anchor,1.0,1.0,1.0,1.0
mobservice2_qr_expired_1626353097,mobservice2,qr_expired,mobile,0.25,adaptive_corrupted_anchor,0.8,0.0,1.0,1.0
mobservice2_qr_expired_1626386746,mobservice2,qr_expired,mobile,0.25,adaptive_corrupted_anchor,0.6,0.0,1.0,1.0
mobservice2_qr_expired_1626422509,mobservice2,qr_expired,mobile,0.25,adaptive_corrupted_anchor,0.6,0.0,1.0,1.0
mobservice2_qr_expired_1626455756,mobservice2,qr_expired,mobile,0.25,adaptive_corrupted_anchor,1.0,1.0,1.0,1.0
mobservice2_qr_expired_1626488967,mobservice2,qr_expired,mobile,0.25,adaptive_corrupted_anchor,1.0,1.0,1.0,1.0
mobservice2_qr_expired_1626516592,mobservice2,qr_expired,mobile,0.25,adaptive_corrupted_anchor,1.0,1.0,1.0,1.0
mobservice2_qr_expired_1626548205,mobservice2,qr_expired,mobile,0.25,adaptive_corrupted_anchor,1.0,1.0,1.0,1.0
mobservice2_qr_expired_1626576971,mobservice2,qr_expired,mobile,0.25,adaptive_corrupted_anchor,1.0,1.0,1.0,1.0
mobservice2_qr_expired_1626607755,mobservice2,qr_expired,mobile,0.25,adaptive_corrupted_anchor,1.0,1.0,1.0,1.0
mobservice2_qr_expired_1626636652,mobservice2,qr_expired,mobile,0.25,adaptive_corrupted_anchor,0.6,0.0,1.0,1.0
mobservice2_qr_expired_1626763751,mobservice2,qr_expired,mobile,0.25,adaptive_corrupted_anchor,0.8,0.0,1.0,1.0
mobservice2_qr_expired_1626790862,mobservice2,qr_expired,mobile,0.25,adaptive_corrupted_anchor,0.6,0.0,1.0,1.0
mobservice2_qr_expired_1626826499,mobservice2,qr_expired,mobile,0.25,adaptive_corrupted_anchor,0.6,0.0,1.0,1.0
mobservice2_qr_expired_1626855935,mobservice2,qr_expired,mobile,0.25,adaptive_corrupted_anchor,1.0,1.0,1.0,1.0
mobservice2_qr_expired_1626885208,mobservice2,qr_expired,mobile,0.25,adaptive_corrupted_anchor,1.0,1.0,1.0,1.0
mobservice2_qr_expired_1626911607,mobservice2,qr_expired,mobile,0.25,adaptive_corrupted_anchor,1.0,1.0,1.0,1.0
mobservice2_qr_expired_1626942742,mobservice2,qr_expired,mobile,0.25,adaptive_corrupted_anchor,1.0,1.0,1.0,1.0
mobservice2_qr_expired_1626974155,mobservice2,qr_expired,mobile,0.25,adaptive_corrupted_anchor,0.6,0.0,1.0,1.0
mobservice2_qr_expired_1626999471,mobservice2,qr_expired,mobile,0.25,adaptive_corrupted_anchor,1.0,1.0,1.0,1.0
mobservice2_qr_expired_1627030453,mobservice2,qr_expired,mobile,0.25,adaptive_corrupted_anchor,0.8,0.0,1.0,1.0
mobservice2_qr_expired_1627056700,mobservice2,qr_expired,mobile,0.25,adaptive_corrupted_anchor,0.8,0.0,1.0,1.0
mobservice2_qr_expired_1627085196,mobservice2,qr_expired,mobile,0.25,adaptive_corrupted_anchor,0.8,0.0,1.0,1.0
mobservice2_qr_expired_1627113655,mobservice2,qr_expired,mobile,0.25,adaptive_corrupted_anchor,1.0,1.0,1.0,1.0
mobservice2_qr_expired_1627141574,mobservice2,qr_expired,mobile,0.25,adaptive_corrupted_anchor,0.8,0.0,1.0,1.0
mobservice2_qr_expired_1627170090,mobservice2,qr_expired,mobile,0.25,adaptive_corrupted_anchor,1.0,1.0,1.0,1.0
mobservice2_qr_expired_1627194645,mobservice2,qr_expired,mobile,0.25,adaptive_corrupted_anchor,1.0,1.0,1.0,1.0
mobservice2_qr_expired_1627220128,mobservice2,qr_expired,mobile,0.25,adaptive_corrupted_anchor,1.0,1.0,1.0,1.0
mobservice2_qr_expired_1627249800,mobservice2,qr_expired,mobile,0.25,adaptive_corrupted_anchor,1.0,1.0,1.0,1.0
mobservice2_qr_expired_1627279670,mobservice2,qr_expired,mobile,0.25,adaptive_corrupted_anchor,1.0,1.0,1.0,1.0
mobservice2_qr_expired_1627308362,mobservice2,qr_expired,mobile,0.25,adaptive_corrupted_anchor,0.8,0.0,1.0,1.0
mobservice2_qr_expired_1627337234,mobservice2,qr_expired,mobile,0.25,adaptive_corrupted_anchor,0.6,0.0,1.0,1.0
mobservice2_qr_expired_1627363820,mobservice2,qr_expired,mobile,0.25,adaptive_corrupted_anchor,1.0,1.0,1.0,1.0
mobservice2_qr_expired_1627389398,mobservice2,qr_expired,mobile,0.25,adaptive_corrupted_anchor,1.0,1.0,1.0,1.0
mobservice2_qr_expired_1627418217,mobservice2,qr_expired,mobile,0.25,adaptive_corrupted_anchor,0.6,0.0,1.0,1.0
mobservice2_qr_expired_1627450448,mobservice2,qr_expired,mobile,0.25,adaptive_corrupted_anchor,1.0,1.0,1.0,1.0
mobservice2_qr_expired_1627475638,mobservice2,qr_expired,mobile,0.25,adaptive_corrupted_anchor,1.0,1.0,1.0,1.0
mobservice2_qr_expired_1627503713,mobservice2,qr_expired,mobile,0.25,adaptive_corrupted_anchor,1.0,1.0,1.0,1.0
mobservice2_qr_expired_1627532257,mobservice2,qr_expired,mobile,0.25,adaptive_corrupted_anchor,1.0,1.0,1.0,1.0
mobservice2_qr_expired_1627561033,mobservice2,qr_expired,mobile,0.25,adaptive_corrupted_anchor,1.0,1.0,1.0,1.0
mobservice2_qr_expired_1627590661,mobservice2,qr_expired,mobile,0.25,adaptive_corrupted_anchor,0.8,0.0,1.0,1.0
mobservice2_qr_expired_1627615107,mobservice2,qr_expired,mobile,0.25,adaptive_corrupted_anchor,1.0,1.0,1.0,1.0
mobservice2_qr_expired_1627645682,mobservice2,qr_expired,mobile,0.25,adaptive_corrupted_anchor,1.0,1.0,1.0,1.0
mobservice2_qr_expired_1627671327,mobservice2,qr_expired,mobile,0.25,adaptive_corrupted_anchor,0.6,0.0,1.0,1.0
mobservice2_qr_expired_1627694165,mobservice2,qr_expired,mobile,0.25,adaptive_corrupted_anchor,0.6,0.0,1.0,1.0
mobservice2_qr_expired_1627721066,mobservice2,qr_expired,mobile,0.25,adaptive_corrupted_anchor,0.6,0.0,1.0,1.0
mobservice2_qr_expired_1627741589,mobservice2,qr_expired,mobile,0.25,adaptive_corrupted_anchor,0.6,0.0,1.0,1.0
redisservice1_errno111_1626751802,redisservice1,errno111,cache,0.25,adaptive_corrupted_anchor,0.8,0.0,1.0,1.0
redisservice1_errno111_1626752423,redisservice1,errno111,cache,0.25,adaptive_corrupted_anchor,0.6,0.0,1.0,1.0
redisservice1_memory_1625145523,redisservice1,memory,cache,0.25,adaptive_corrupted_anchor,1.0,1.0,1.0,1.0
redisservice1_memory_1625157279,redisservice1,memory,cache,0.25,adaptive_corrupted_anchor,1.0,1.0,1.0,1.0
redisservice1_memory_1625174903,redisservice1,memory,cache,0.25,adaptive_corrupted_anchor,0.8,0.0,1.0,1.0
redisservice1_memory_1625272609,redisservice1,memory,cache,0.25,adaptive_corrupted_anchor,0.6,0.0,1.0,1.0
redisservice1_memory_1625332594,redisservice1,memory,cache,0.25,adaptive_corrupted_anchor,1.0,1.0,1.0,1.0
redisservice1_memory_1625420467,redisservice1,memory,cache,0.25,adaptive_corrupted_anchor,0.6,0.0,1.0,1.0
redisservice1_memory_1625453062,redisservice1,memory,cache,0.25,adaptive_corrupted_anchor,0.8,0.0,1.0,1.0
redisservice1_memory_1625473678,redisservice1,memory,cache,0.25,adaptive_corrupted_anchor,1.0,1.0,1.0,1.0
redisservice1_memory_1625508996,redisservice1,memory,cache,0.25,adaptive_corrupted_anchor,1.0,1.0,1.0,1.0
redisservice1_memory_1625609699,redisservice1,memory,cache,0.25,adaptive_corrupted_anchor,1.0,1.0,1.0,1.0
redisservice1_memory_1625631347,redisservice1,memory,cache,0.25,adaptive_corrupted_anchor,1.0,1.0,1.0,1.0
redisservice1_memory_1625699447,redisservice1,memory,cache,0.25,adaptive_corrupted_anchor,0.6,0.0,1.0,1.0
redisservice1_memory_1625816205,redisservice1,memory,cache,0.25,adaptive_corrupted_anchor,1.0,1.0,1.0,1.0
redisservice1_memory_1625882934,redisservice1,memory,cache,0.25,adaptive_corrupted_anchor,1.0,1.0,1.0,1.0
redisservice1_memory_1625942635,redisservice1,memory,cache,0.25,adaptive_corrupted_anchor,1.0,1.0,1.0,1.0
redisservice1_memory_1626014952,redisservice1,memory,cache,0.25,adaptive_corrupted_anchor,0.8,0.0,1.0,1.0
redisservice1_memory_1626130579,redisservice1,memory,cache,0.25,adaptive_corrupted_anchor,0.8,0.0,1.0,1.0
redisservice1_memory_1626172859,redisservice1,memory,cache,0.25,adaptive_corrupted_anchor,0.8,0.0,1.0,1.0
redisservice1_memory_1626177452,redisservice1,memory,cache,0.25,adaptive_corrupted_anchor,1.0,1.0,1.0,1.0
redisservice1_memory_1626185810,redisservice1,memory,cache,0.25,adaptive_corrupted_anchor,1.0,1.0,1.0,1.0
redisservice1_memory_1626275221,redisservice1,memory,cache,0.25,adaptive_corrupted_anchor,0.8,0.0,1.0,1.0
redisservice1_memory_1626278567,redisservice1,memory,cache,0.25,adaptive_corrupted_anchor,0.8,0.0,1.0,1.0
redisservice1_memory_1626337048,redisservice1,memory,cache,0.25,adaptive_corrupted_anchor,1.0,1.0,1.0,1.0
redisservice1_memory_1626374212,redisservice1,memory,cache,0.25,adaptive_corrupted_anchor,0.6,0.0,1.0,1.0
redisservice1_memory_1626444115,redisservice1,memory,cache,0.25,adaptive_corrupted_anchor,1.0,1.0,1.0,1.0
redisservice1_memory_1626517230,redisservice1,memory,cache,0.25,adaptive_corrupted_anchor,1.0,1.0,1.0,1.0
redisservice1_memory_1626520325,redisservice1,memory,cache,0.25,adaptive_corrupted_anchor,1.0,1.0,1.0,1.0
redisservice1_memory_1626552122,redisservice1,memory,cache,0.25,adaptive_corrupted_anchor,0.6,0.0,1.0,1.0
redisservice1_memory_1626758417,redisservice1,memory,cache,0.25,adaptive_corrupted_anchor,0.6,0.0,1.0,1.0
redisservice1_memory_1626851723,redisservice1,memory,cache,0.25,adaptive_corrupted_anchor,0.6,0.0,1.0,1.0
redisservice1_memory_1626864205,redisservice1,memory,cache,0.25,adaptive_corrupted_anchor,0.6,0.0,1.0,1.0
redisservice1_memory_1626871199,redisservice1,memory,cache,0.25,adaptive_corrupted_anchor,1.0,1.0,1.0,1.0
redisservice1_memory_1626943678,redisservice1,memory,cache,0.25,adaptive_corrupted_anchor,1.0,1.0,1.0,1.0
redisservice1_memory_1626975786,redisservice1,memory,cache,0.25,adaptive_corrupted_anchor,1.0,1.0,1.0,1.0
redisservice1_memory_1626979689,redisservice1,memory,cache,0.25,adaptive_corrupted_anchor,0.8,0.0,1.0,1.0
redisservice1_memory_1627002068,redisservice1,memory,cache,0.25,adaptive_corrupted_anchor,1.0,1.0,1.0,1.0
redisservice1_memory_1627081010,redisservice1,memory,cache,0.25,adaptive_corrupted_anchor,0.8,0.0,1.0,1.0
redisservice1_memory_1627111126,redisservice1,memory,cache,0.25,adaptive_corrupted_anchor,1.0,1.0,1.0,1.0
redisservice1_memory_1627213476,redisservice1,memory,cache,0.25,adaptive_corrupted_anchor,0.6,0.0,1.0,1.0
redisservice1_memory_1627219738,redisservice1,memory,cache,0.25,adaptive_corrupted_anchor,0.6,0.0,1.0,1.0
redisservice1_memory_1627303947,redisservice1,memory,cache,0.25,adaptive_corrupted_anchor,1.0,1.0,1.0,1.0
redisservice1_memory_1627332332,redisservice1,memory,cache,0.25,adaptive_corrupted_anchor,0.8,0.0,1.0,1.0
redisservice1_memory_1627362134,redisservice1,memory,cache,0.25,adaptive_corrupted_anchor,1.0,1.0,1.0,1.0
redisservice1_memory_1627367085,redisservice1,memory,cache,0.25,adaptive_corrupted_anchor,1.0,1.0,1.0,1.0
redisservice1_memory_1627381864,redisservice1,memory,cache,0.25,adaptive_corrupted_anchor,1.0,1.0,1.0,1.0
redisservice1_memory_1627436567,redisservice1,memory,cache,0.25,adaptive_corrupted_anchor,0.8,0.0,1.0,1.0
redisservice1_memory_1627512202,redisservice1,memory,cache,0.25,adaptive_corrupted_anchor,0.8,0.0,1.0,1.0
redisservice1_memory_1627531834,redisservice1,memory,cache,0.25,adaptive_corrupted_anchor,0.6,0.0,1.0,1.0
redisservice1_memory_1627574700,redisservice1,memory,cache,0.25,adaptive_corrupted_anchor,1.0,1.0,1.0,1.0
redisservice1_memory_1627588078,redisservice1,memory,cache,0.25,adaptive_corrupted_anchor,1.0,1.0,1.0,1.0
redisservice1_memory_1627657138,redisservice1,memory,cache,0.25,adaptive_corrupted_anchor,1.0,1.0,1.0,1.0
redisservice1_memory_1627670203,redisservice1,memory,cache,0.25,adaptive_corrupted_anchor,1.0,1.0,1.0,1.0
redisservice1_memory_1627713030,redisservice1,memory,cache,0.25,adaptive_corrupted_anchor,1.0,1.0,1.0,1.0
redisservice1_memory_1627749155,redisservice1,memory,cache,0.25,adaptive_corrupted_anchor,0.6,0.0,1.0,1.0
redisservice1_memory_1627760867,redisservice1,memory,cache,0.25,adaptive_corrupted_anchor,0.8,0.0,1.0,1.0
redisservice2_errno111_1626751801,redisservice2,errno111,cache,0.25,adaptive_corrupted_anchor,1.0,1.0,1.0,1.0
redisservice2_errno111_1626752427,redisservice2,errno111,cache,0.25,adaptive_corrupted_anchor,0.8,0.0,1.0,1.0
redisservice2_memory_1625155035,redisservice2,memory,cache,0.25,adaptive_corrupted_anchor,1.0,1.0,1.0,1.0
redisservice2_memory_1625165701,redisservice2,memory,cache,0.25,adaptive_corrupted_anchor,1.0,1.0,1.0,1.0
redisservice2_memory_1625175011,redisservice2,memory,cache,0.25,adaptive_corrupted_anchor,1.0,1.0,1.0,1.0
redisservice2_memory_1625179202,redisservice2,memory,cache,0.25,adaptive_corrupted_anchor,0.8,0.0,1.0,1.0
redisservice2_memory_1625250114,redisservice2,memory,cache,0.25,adaptive_corrupted_anchor,1.0,1.0,1.0,1.0
redisservice2_memory_1625264600,redisservice2,memory,cache,0.25,adaptive_corrupted_anchor,1.0,1.0,1.0,1.0
redisservice2_memory_1625320792,redisservice2,memory,cache,0.25,adaptive_corrupted_anchor,0.6,0.0,1.0,1.0
redisservice2_memory_1625324488,redisservice2,memory,cache,0.25,adaptive_corrupted_anchor,0.6,0.0,1.0,1.0
redisservice2_memory_1625493529,redisservice2,memory,cache,0.25,adaptive_corrupted_anchor,1.0,1.0,1.0,1.0
redisservice2_memory_1625512043,redisservice2,memory,cache,0.25,adaptive_corrupted_anchor,0.8,0.0,1.0,1.0
redisservice2_memory_1625620800,redisservice2,memory,cache,0.25,adaptive_corrupted_anchor,0.6,0.0,1.0,1.0
redisservice2_memory_1625692590,redisservice2,memory,cache,0.25,adaptive_corrupted_anchor,1.0,1.0,1.0,1.0
redisservice2_memory_1625733844,redisservice2,memory,cache,0.25,adaptive_corrupted_anchor,0.6,0.0,1.0,1.0
redisservice2_memory_1625752669,redisservice2,memory,cache,0.25,adaptive_corrupted_anchor,0.8,0.0,1.0,1.0
redisservice2_memory_1625768486,redisservice2,memory,cache,0.25,adaptive_corrupted_anchor,0.8,0.0,1.0,1.0
redisservice2_memory_1625790000,redisservice2,memory,cache,0.25,adaptive_corrupted_anchor,1.0,1.0,1.0,1.0
redisservice2_memory_1625819320,redisservice2,memory,cache,0.25,adaptive_corrupted_anchor,1.0,1.0,1.0,1.0
redisservice2_memory_1625845367,redisservice2,memory,cache,0.25,adaptive_corrupted_anchor,0.8,0.0,1.0,1.0
redisservice2_memory_1625874853,redisservice2,memory,cache,0.25,adaptive_corrupted_anchor,0.6,0.0,1.0,1.0
redisservice2_memory_1625882839,redisservice2,memory,cache,0.25,adaptive_corrupted_anchor,0.6,0.0,1.0,1.0
redisservice2_memory_1625954379,redisservice2,memory,cache,0.25,adaptive_corrupted_anchor,1.0,1.0,1.0,1.0
redisservice2_memory_1625985172,redisservice2,memory,cache,0.25,adaptive_corrupted_anchor,0.8,0.0,1.0,1.0
redisservice2_memory_1626048164,redisservice2,memory,cache,0.25,adaptive_corrupted_anchor,0.8,0.0,1.0,1.0
redisservice2_memory_1626074288,redisservice2,memory,cache,0.25,adaptive_corrupted_anchor,1.0,1.0,1.0,1.0
redisservice2_memory_1626096553,redisservice2,memory,cache,0.25,adaptive_corrupted_anchor,0.8,0.0,1.0,1.0
redisservice2_memory_1626127643,redisservice2,memory,cache,0.25,adaptive_corrupted_anchor,1.0,1.0,1.0,1.0
redisservice2_memory_1626131951,redisservice2,memory,cache,0.25,adaptive_corrupted_anchor,1.0,1.0,1.0,1.0
redisservice2_memory_1626178417,redisservice2,memory,cache,0.25,adaptive_corrupted_anchor,1.0,1.0,1.0,1.0
redisservice2_memory_1626247718,redisservice2,memory,cache,0.25,adaptive_corrupted_anchor,1.0,1.0,1.0,1.0
redisservice2_memory_1626307296,redisservice2,memory,cache,0.25,adaptive_corrupted_anchor,0.8,0.0,1.0,1.0
redisservice2_memory_1626319731,redisservice2,memory,cache,0.25,adaptive_corrupted_anchor,0.8,0.0,1.0,1.0
redisservice2_memory_1626375654,redisservice2,memory,cache,0.25,adaptive_corrupted_anchor,1.0,1.0,1.0,1.0
redisservice2_memory_1626410429,redisservice2,memory,cache,0.25,adaptive_corrupted_anchor,0.8,0.0,1.0,1.0
redisservice2_memory_1626496139,redisservice2,memory,cache,0.25,adaptive_corrupted_anchor,0.6,0.0,1.0,1.0
redisservice2_memory_1626741618,redisservice2,memory,cache,0.25,adaptive_corrupted_anchor,1.0,1.0,1.0,1.0
redisservice2_memory_1626765949,redisservice2,memory,cache,0.25,adaptive_corrupted_anchor,1.0,1.0,1.0,1.0
redisservice2_memory_1626783759,redisservice2,memory,cache,0.25,adaptive_corrupted_anchor,0.8,0.0,1.0,1.0
redisservice2_memory_1626847510,redisservice2,memory,cache,0.25,adaptive_corrupted_anchor,0.8,0.0,1.0,1.0
redisservice2_memory_1626861594,redisservice2,memory,cache,0.25,adaptive_corrupted_anchor,0.8,0.0,1.0,1.0
redisservice2_memory_1626934034,redisservice2,memory,cache,0.25,adaptive_corrupted_anchor,0.6,0.0,1.0,1.0
redisservice2_memory_1627016217,redisservice2,memory,cache,0.25,adaptive_corrupted_anchor,0.8,0.0,1.0,1.0
redisservice2_memory_1627022600,redisservice2,memory,cache,0.25,adaptive_corrupted_anchor,0.8,0.0,1.0,1.0
redisservice2_memory_1627063787,redisservice2,memory,cache,0.25,adaptive_corrupted_anchor,1.0,1.0,1.0,1.0
redisservice2_memory_1627072253,redisservice2,memory,cache,0.25,adaptive_corrupted_anchor,0.8,0.0,1.0,1.0
redisservice2_memory_1627115108,redisservice2,memory,cache,0.25,adaptive_corrupted_anchor,0.8,0.0,1.0,1.0
redisservice2_memory_1627140541,redisservice2,memory,cache,0.25,adaptive_corrupted_anchor,1.0,1.0,1.0,1.0
redisservice2_memory_1627269946,redisservice2,memory,cache,0.25,adaptive_corrupted_anchor,1.0,1.0,1.0,1.0
redisservice2_memory_1627293263,redisservice2,memory,cache,0.25,adaptive_corrupted_anchor,0.8,0.0,1.0,1.0
redisservice2_memory_1627386167,redisservice2,memory,cache,0.25,adaptive_corrupted_anchor,0.8,0.0,1.0,1.0
redisservice2_memory_1627409250,redisservice2,memory,cache,0.25,adaptive_corrupted_anchor,0.6,0.0,1.0,1.0
redisservice2_memory_1627454973,redisservice2,memory,cache,0.25,adaptive_corrupted_anchor,1.0,1.0,1.0,1.0
redisservice2_memory_1627585056,redisservice2,memory,cache,0.25,adaptive_corrupted_anchor,1.0,1.0,1.0,1.0
redisservice2_memory_1627613855,redisservice2,memory,cache,0.25,adaptive_corrupted_anchor,0.6,0.0,1.0,1.0
redisservice2_memory_1627629714,redisservice2,memory,cache,0.25,adaptive_corrupted_anchor,1.0,1.0,1.0,1.0
redisservice2_memory_1627738678,redisservice2,memory,cache,0.25,adaptive_corrupted_anchor,0.8,0.0,1.0,1.0
redisservice2_memory_1627745580,redisservice2,memory,cache,0.25,adaptive_corrupted_anchor,0.8,0.0,1.0,1.0
redisservice2_memory_1627748697,redisservice2,memory,cache,0.25,adaptive_corrupted_anchor,1.0,1.0,1.0,1.0
webservice1_cpu_1627724616,webservice1,cpu,web,0.25,adaptive_corrupted_anchor,0.8,0.0,1.0,1.0
webservice1_errno111_1626750601,webservice1,errno111,web,0.25,adaptive_corrupted_anchor,0.8,0.0,1.0,1.0
webservice1_errno111_1626750732,webservice1,errno111,web,0.25,adaptive_corrupted_anchor,0.8,0.0,1.0,1.0
webservice1_file_move_1625256600,webservice1,file_move,web,0.25,adaptive_corrupted_anchor,1.0,1.0,1.0,1.0
webservice1_file_move_1625371800,webservice1,file_move,web,0.25,adaptive_corrupted_anchor,1.0,1.0,1.0,1.0
webservice1_file_move_1625400601,webservice1,file_move,web,0.25,adaptive_corrupted_anchor,1.0,1.0,1.0,1.0
webservice1_file_move_1625631001,webservice1,file_move,web,0.25,adaptive_corrupted_anchor,1.0,1.0,1.0,1.0
webservice1_file_move_1625706600,webservice1,file_move,web,0.25,adaptive_corrupted_anchor,0.8,0.0,1.0,1.0
webservice1_file_move_1625775000,webservice1,file_move,web,0.25,adaptive_corrupted_anchor,0.8,0.0,1.0,1.0
webservice1_file_move_1625890201,webservice1,file_move,web,0.25,adaptive_corrupted_anchor,0.8,0.0,1.0,1.0
webservice1_file_move_1625933400,webservice1,file_move,web,0.25,adaptive_corrupted_anchor,1.0,1.0,1.0,1.0
webservice1_file_move_1626149400,webservice1,file_move,web,0.25,adaptive_corrupted_anchor,1.0,1.0,1.0,1.0
webservice1_file_move_1626264600,webservice1,file_move,web,0.25,adaptive_corrupted_anchor,1.0,1.0,1.0,1.0
webservice1_file_move_1626351000,webservice1,file_move,web,0.25,adaptive_corrupted_anchor,0.8,0.0,1.0,1.0
webservice1_file_move_1626509400,webservice1,file_move,web,0.25,adaptive_corrupted_anchor,1.0,1.0,1.0,1.0
webservice1_file_move_1626797400,webservice1,file_move,web,0.25,adaptive_corrupted_anchor,1.0,1.0,1.0,1.0
webservice1_file_move_1626840600,webservice1,file_move,web,0.25,adaptive_corrupted_anchor,0.8,0.0,1.0,1.0
webservice1_file_move_1626916200,webservice1,file_move,web,0.25,adaptive_corrupted_anchor,1.0,1.0,1.0,1.0
webservice1_file_move_1627114200,webservice1,file_move,web,0.25,adaptive_corrupted_anchor,0.8,0.0,1.0,1.0
webservice1_file_move_1627503000,webservice1,file_move,web,0.25,adaptive_corrupted_anchor,1.0,1.0,1.0,1.0
webservice1_file_move_1627521000,webservice1,file_move,web,0.25,adaptive_corrupted_anchor,1.0,1.0,1.0,1.0
webservice1_file_move_1627531800,webservice1,file_move,web,0.25,adaptive_corrupted_anchor,1.0,1.0,1.0,1.0
webservice1_file_move_1627607400,webservice1,file_move,web,0.25,adaptive_corrupted_anchor,1.0,1.0,1.0,1.0
webservice1_file_move_1627632600,webservice1,file_move,web,0.25,adaptive_corrupted_anchor,1.0,1.0,1.0,1.0
webservice1_file_move_1627661400,webservice1,file_move,web,0.25,adaptive_corrupted_anchor,1.0,1.0,1.0,1.0
webservice1_memory_1625222072,webservice1,memory,web,0.25,adaptive_corrupted_anchor,0.6,0.0,1.0,1.0
webservice1_memory_1625373179,webservice1,memory,web,0.25,adaptive_corrupted_anchor,1.0,1.0,1.0,1.0
webservice1_memory_1625380916,webservice1,memory,web,0.25,adaptive_corrupted_anchor,0.6,0.0,1.0,1.0
webservice1_memory_1625415630,webservice1,memory,web,0.25,adaptive_corrupted_anchor,0.8,0.0,1.0,1.0
webservice1_memory_1625506658,webservice1,memory,web,0.25,adaptive_corrupted_anchor,0.6,0.0,1.0,1.0
webservice1_memory_1625522955,webservice1,memory,web,0.25,adaptive_corrupted_anchor,0.6,0.0,1.0,1.0
webservice1_memory_1625546136,webservice1,memory,web,0.25,adaptive_corrupted_anchor,0.8,0.0,1.0,1.0
webservice1_memory_1625607930,webservice1,memory,web,0.25,adaptive_corrupted_anchor,0.6,0.0,1.0,1.0
webservice1_memory_1625662559,webservice1,memory,web,0.25,adaptive_corrupted_anchor,0.8,0.0,1.0,1.0
webservice1_memory_1625715729,webservice1,memory,web,0.25,adaptive_corrupted_anchor,0.8,0.0,1.0,1.0
webservice1_memory_1625744233,webservice1,memory,web,0.25,adaptive_corrupted_anchor,0.8,0.0,1.0,1.0
webservice1_memory_1625777703,webservice1,memory,web,0.25,adaptive_corrupted_anchor,1.0,1.0,1.0,1.0
webservice1_memory_1625820924,webservice1,memory,web,0.25,adaptive_corrupted_anchor,0.6,0.0,1.0,1.0
webservice1_memory_1625860918,webservice1,memory,web,0.25,adaptive_corrupted_anchor,0.8,0.0,1.0,1.0
webservice1_memory_1625881257,webservice1,memory,web,0.25,adaptive_corrupted_anchor,0.6,0.0,1.0,1.0
webservice1_memory_1625903663,webservice1,memory,web,0.25,adaptive_corrupted_anchor,0.8,0.0,1.0,1.0
webservice1_memory_1625957279,webservice1,memory,web,0.25,adaptive_corrupted_anchor,0.6,0.0,1.0,1.0
webservice1_memory_1625991808,webservice1,memory,web,0.25,adaptive_corrupted_anchor,0.6,0.0,1.0,1.0
webservice1_memory_1626079674,webservice1,memory,web,0.25,adaptive_corrupted_anchor,1.0,1.0,1.0,1.0
webservice1_memory_1626111467,webservice1,memory,web,0.25,adaptive_corrupted_anchor,0.8,0.0,1.0,1.0
webservice1_memory_1626198054,webservice1,memory,web,0.25,adaptive_corrupted_anchor,0.8,0.0,1.0,1.0
webservice1_memory_1626236265,webservice1,memory,web,0.25,adaptive_corrupted_anchor,1.0,1.0,1.0,1.0
webservice1_memory_1626258904,webservice1,memory,web,0.25,adaptive_corrupted_anchor,0.6,0.0,1.0,1.0
webservice1_memory_1626322165,webservice1,memory,web,0.25,adaptive_corrupted_anchor,0.8,0.0,1.0,1.0
webservice1_memory_1626371978,webservice1,memory,web,0.25,adaptive_corrupted_anchor,1.0,1.0,1.0,1.0
webservice1_memory_1626406508,webservice1,memory,web,0.25,adaptive_corrupted_anchor,0.8,0.0,1.0,1.0
webservice1_memory_1626434165,webservice1,memory,web,0.25,adaptive_corrupted_anchor,0.6,0.0,1.0,1.0
webservice1_memory_1626498601,webservice1,memory,web,0.25,adaptive_corrupted_anchor,0.8,0.0,1.0,1.0
webservice1_memory_1626548045,webservice1,memory,web,0.25,adaptive_corrupted_anchor,0.8,0.0,1.0,1.0
webservice1_memory_1626605103,webservice1,memory,web,0.25,adaptive_corrupted_anchor,0.6,0.0,1.0,1.0
webservice1_memory_1626759297,webservice1,memory,web,0.25,adaptive_corrupted_anchor,1.0,1.0,1.0,1.0
webservice1_memory_1626806854,webservice1,memory,web,0.25,adaptive_corrupted_anchor,0.8,0.0,1.0,1.0
webservice1_memory_1626829989,webservice1,memory,web,0.25,adaptive_corrupted_anchor,0.6,0.0,1.0,1.0
webservice1_memory_1626881411,webservice1,memory,web,0.25,adaptive_corrupted_anchor,0.6,0.0,1.0,1.0
webservice1_memory_1626888666,webservice1,memory,web,0.25,adaptive_corrupted_anchor,1.0,1.0,1.0,1.0
webservice1_memory_1626917861,webservice1,memory,web,0.25,adaptive_corrupted_anchor,0.6,0.0,1.0,1.0
webservice1_memory_1626933556,webservice1,memory,web,0.25,adaptive_corrupted_anchor,0.6,0.0,1.0,1.0
webservice1_memory_1626956223,webservice1,memory,web,0.25,adaptive_corrupted_anchor,0.8,0.0,1.0,1.0
webservice1_memory_1626992148,webservice1,memory,web,0.25,adaptive_corrupted_anchor,0.8,0.0,1.0,1.0
webservice1_memory_1627046678,webservice1,memory,web,0.25,adaptive_corrupted_anchor,0.6,0.0,1.0,1.0
webservice1_memory_1627057566,webservice1,memory,web,0.25,adaptive_corrupted_anchor,0.8,0.0,1.0,1.0
webservice1_memory_1627079078,webservice1,memory,web,0.25,adaptive_corrupted_anchor,0.6,0.0,1.0,1.0
webservice1_memory_1627100569,webservice1,memory,web,0.25,adaptive_corrupted_anchor,0.6,0.0,1.0,1.0
webservice1_memory_1627122542,webservice1,memory,web,0.25,adaptive_corrupted_anchor,0.6,0.0,1.0,1.0
webservice1_memory_1627157039,webservice1,memory,web,0.25,adaptive_corrupted_anchor,0.6,0.0,1.0,1.0
webservice1_memory_1627174739,webservice1,memory,web,0.25,adaptive_corrupted_anchor,0.6,0.0,1.0,1.0
webservice1_memory_1627194266,webservice1,memory,web,0.25,adaptive_corrupted_anchor,0.8,0.0,1.0,1.0
webservice1_memory_1627218977,webservice1,memory,web,0.25,adaptive_corrupted_anchor,0.6,0.0,1.0,1.0
webservice1_memory_1627316277,webservice1,memory,web,0.25,adaptive_corrupted_anchor,0.8,0.0,1.0,1.0
webservice1_memory_1627330168,webservice1,memory,web,0.25,adaptive_corrupted_anchor,0.6,0.0,1.0,1.0
webservice1_memory_1627342282,webservice1,memory,web,0.25,adaptive_corrupted_anchor,0.6,0.0,1.0,1.0
webservice1_memory_1627361744,webservice1,memory,web,0.25,adaptive_corrupted_anchor,0.8,0.0,1.0,1.0
webservice1_memory_1627381040,webservice1,memory,web,0.25,adaptive_corrupted_anchor,0.6,0.0,1.0,1.0
webservice1_memory_1627399949,webservice1,memory,web,0.25,adaptive_corrupted_anchor,0.6,0.0,1.0,1.0
webservice1_memory_1627427700,webservice1,memory,web,0.25,adaptive_corrupted_anchor,0.6,0.0,1.0,1.0
webservice1_memory_1627539698,webservice1,memory,web,0.25,adaptive_corrupted_anchor,1.0,1.0,1.0,1.0
webservice1_memory_1627672100,webservice1,memory,web,0.25,adaptive_corrupted_anchor,0.8,0.0,1.0,1.0
webservice1_memory_1627708025,webservice1,memory,web,0.25,adaptive_corrupted_anchor,0.6,0.0,1.0,1.0
webservice1_memory_1627724870,webservice1,memory,web,0.25,adaptive_corrupted_anchor,1.0,1.0,1.0,1.0
webservice1_memory_1627750701,webservice1,memory,web,0.25,adaptive_corrupted_anchor,1.0,1.0,1.0,1.0
webservice2_cpu_1627270294,webservice2,cpu,web,0.25,adaptive_corrupted_anchor,1.0,1.0,1.0,1.0
webservice2_errno111_1626750601,webservice2,errno111,web,0.25,adaptive_corrupted_anchor,0.8,0.0,1.0,1.0
webservice2_errno111_1626750706,webservice2,errno111,web,0.25,adaptive_corrupted_anchor,0.6,0.0,1.0,1.0
webservice2_file_move_1625361000,webservice2,file_move,web,0.25,adaptive_corrupted_anchor,1.0,1.0,1.0,1.0
webservice2_file_move_1625386200,webservice2,file_move,web,0.25,adaptive_corrupted_anchor,0.8,0.0,1.0,1.0
webservice2_file_move_1625501400,webservice2,file_move,web,0.25,adaptive_corrupted_anchor,0.8,0.0,1.0,1.0
webservice2_file_move_1625559000,webservice2,file_move,web,0.25,adaptive_corrupted_anchor,0.6,0.0,1.0,1.0
webservice2_file_move_1625587800,webservice2,file_move,web,0.25,adaptive_corrupted_anchor,0.6,0.0,1.0,1.0
webservice2_file_move_1625793000,webservice2,file_move,web,0.25,adaptive_corrupted_anchor,0.8,0.0,1.0,1.0
webservice2_file_move_1626163800,webservice2,file_move,web,0.25,adaptive_corrupted_anchor,0.8,0.0,1.0,1.0
webservice2_file_move_1626264600,webservice2,file_move,web,0.25,adaptive_corrupted_anchor,1.0,1.0,1.0,1.0
webservice2_file_move_1626869400,webservice2,file_move,web,0.25,adaptive_corrupted_anchor,1.0,1.0,1.0,1.0
webservice2_file_move_1626883800,webservice2,file_move,web,0.25,adaptive_corrupted_anchor,0.8,0.0,1.0,1.0
webservice2_file_move_1626927000,webservice2,file_move,web,0.25,adaptive_corrupted_anchor,1.0,1.0,1.0,1.0
webservice2_file_move_1626955800,webservice2,file_move,web,0.25,adaptive_corrupted_anchor,0.8,0.0,1.0,1.0
webservice2_file_move_1627071001,webservice2,file_move,web,0.25,adaptive_corrupted_anchor,0.8,0.0,1.0,1.0
webservice2_file_move_1627089000,webservice2,file_move,web,0.25,adaptive_corrupted_anchor,0.8,0.0,1.0,1.0
webservice2_file_move_1627215000,webservice2,file_move,web,0.25,adaptive_corrupted_anchor,1.0,1.0,1.0,1.0
webservice2_file_move_1627488601,webservice2,file_move,web,0.25,adaptive_corrupted_anchor,0.8,0.0,1.0,1.0
webservice2_file_move_1627503000,webservice2,file_move,web,0.25,adaptive_corrupted_anchor,1.0,1.0,1.0,1.0
webservice2_file_move_1627575000,webservice2,file_move,web,0.25,adaptive_corrupted_anchor,1.0,1.0,1.0,1.0
webservice2_file_move_1627607400,webservice2,file_move,web,0.25,adaptive_corrupted_anchor,1.0,1.0,1.0,1.0
webservice2_file_move_1627632600,webservice2,file_move,web,0.25,adaptive_corrupted_anchor,1.0,1.0,1.0,1.0
webservice2_file_move_1627704600,webservice2,file_move,web,0.25,adaptive_corrupted_anchor,1.0,1.0,1.0,1.0
webservice2_memory_1625138212,webservice2,memory,web,0.25,adaptive_corrupted_anchor,0.6,0.0,1.0,1.0
webservice2_memory_1625154530,webservice2,memory,web,0.25,adaptive_corrupted_anchor,0.6,0.0,1.0,1.0
webservice2_memory_1625212312,webservice2,memory,web,0.25,adaptive_corrupted_anchor,0.6,0.0,1.0,1.0
webservice2_memory_1625325487,webservice2,memory,web,0.25,adaptive_corrupted_anchor,0.8,0.0,1.0,1.0
webservice2_memory_1625367620,webservice2,memory,web,0.25,adaptive_corrupted_anchor,1.0,1.0,1.0,1.0
webservice2_memory_1625381030,webservice2,memory,web,0.25,adaptive_corrupted_anchor,0.8,0.0,1.0,1.0
webservice2_memory_1625418006,webservice2,memory,web,0.25,adaptive_corrupted_anchor,1.0,1.0,1.0,1.0
webservice2_memory_1625424557,webservice2,memory,web,0.25,adaptive_corrupted_anchor,0.8,0.0,1.0,1.0
webservice2_memory_1625614232,webservice2,memory,web,0.25,adaptive_corrupted_anchor,0.8,0.0,1.0,1.0
webservice2_memory_1625649699,webservice2,memory,web,0.25,adaptive_corrupted_anchor,1.0,1.0,1.0,1.0
webservice2_memory_1625734162,webservice2,memory,web,0.25,adaptive_corrupted_anchor,0.6,0.0,1.0,1.0
webservice2_memory_1625744497,webservice2,memory,web,0.25,adaptive_corrupted_anchor,0.8,0.0,1.0,1.0
webservice2_memory_1625747511,webservice2,memory,web,0.25,adaptive_corrupted_anchor,0.8,0.0,1.0,1.0
webservice2_memory_1625777099,webservice2,memory,web,0.25,adaptive_corrupted_anchor,0.6,0.0,1.0,1.0
webservice2_memory_1625806048,webservice2,memory,web,0.25,adaptive_corrupted_anchor,0.8,0.0,1.0,1.0
webservice2_memory_1625856842,webservice2,memory,web,0.25,adaptive_corrupted_anchor,0.6,0.0,1.0,1.0
webservice2_memory_1625890558,webservice2,memory,web,0.25,adaptive_corrupted_anchor,0.8,0.0,1.0,1.0
webservice2_memory_1625896703,webservice2,memory,web,0.25,adaptive_corrupted_anchor,1.0,1.0,1.0,1.0
webservice2_memory_1626003242,webservice2,memory,web,0.25,adaptive_corrupted_anchor,0.8,0.0,1.0,1.0
webservice2_memory_1626007446,webservice2,memory,web,0.25,adaptive_corrupted_anchor,1.0,1.0,1.0,1.0
webservice2_memory_1626018521,webservice2,memory,web,0.25,adaptive_corrupted_anchor,1.0,1.0,1.0,1.0
webservice2_memory_1626030740,webservice2,memory,web,0.25,adaptive_corrupted_anchor,0.6,0.0,1.0,1.0
webservice2_memory_1626052978,webservice2,memory,web,0.25,adaptive_corrupted_anchor,0.6,0.0,1.0,1.0
webservice2_memory_1626097343,webservice2,memory,web,0.25,adaptive_corrupted_anchor,0.6,0.0,1.0,1.0
webservice2_memory_1626104516,webservice2,memory,web,0.25,adaptive_corrupted_anchor,1.0,1.0,1.0,1.0
webservice2_memory_1626204647,webservice2,memory,web,0.25,adaptive_corrupted_anchor,0.6,0.0,1.0,1.0
webservice2_memory_1626267308,webservice2,memory,web,0.25,adaptive_corrupted_anchor,1.0,1.0,1.0,1.0
webservice2_memory_1626284568,webservice2,memory,web,0.25,adaptive_corrupted_anchor,0.6,0.0,1.0,1.0
webservice2_memory_1626288105,webservice2,memory,web,0.25,adaptive_corrupted_anchor,0.8,0.0,1.0,1.0
webservice2_memory_1626314797,webservice2,memory,web,0.25,adaptive_corrupted_anchor,0.6,0.0,1.0,1.0
webservice2_memory_1626374035,webservice2,memory,web,0.25,adaptive_corrupted_anchor,0.6,0.0,1.0,1.0
webservice2_memory_1626417018,webservice2,memory,web,0.25,adaptive_corrupted_anchor,0.6,0.0,1.0,1.0
webservice2_memory_1626427252,webservice2,memory,web,0.25,adaptive_corrupted_anchor,0.8,0.0,1.0,1.0
webservice2_memory_1626506288,webservice2,memory,web,0.25,adaptive_corrupted_anchor,0.6,0.0,1.0,1.0
webservice2_memory_1626525063,webservice2,memory,web,0.25,adaptive_corrupted_anchor,0.6,0.0,1.0,1.0
webservice2_memory_1626589456,webservice2,memory,web,0.25,adaptive_corrupted_anchor,0.8,0.0,1.0,1.0
webservice2_memory_1626787776,webservice2,memory,web,0.25,adaptive_corrupted_anchor,1.0,1.0,1.0,1.0
webservice2_memory_1626817432,webservice2,memory,web,0.25,adaptive_corrupted_anchor,0.6,0.0,1.0,1.0
webservice2_memory_1626850836,webservice2,memory,web,0.25,adaptive_corrupted_anchor,0.6,0.0,1.0,1.0
webservice2_memory_1626869243,webservice2,memory,web,0.25,adaptive_corrupted_anchor,1.0,1.0,1.0,1.0
webservice2_memory_1626905392,webservice2,memory,web,0.25,adaptive_corrupted_anchor,0.8,0.0,1.0,1.0
webservice2_memory_1626939504,webservice2,memory,web,0.25,adaptive_corrupted_anchor,0.6,0.0,1.0,1.0
webservice2_memory_1627032836,webservice2,memory,web,0.25,adaptive_corrupted_anchor,0.6,0.0,1.0,1.0
webservice2_memory_1627085325,webservice2,memory,web,0.25,adaptive_corrupted_anchor,0.6,0.0,1.0,1.0
webservice2_memory_1627091294,webservice2,memory,web,0.25,adaptive_corrupted_anchor,0.6,0.0,1.0,1.0
webservice2_memory_1627100690,webservice2,memory,web,0.25,adaptive_corrupted_anchor,0.6,0.0,1.0,1.0
webservice2_memory_1627119052,webservice2,memory,web,0.25,adaptive_corrupted_anchor,0.6,0.0,1.0,1.0
webservice2_memory_1627196935,webservice2,memory,web,0.25,adaptive_corrupted_anchor,0.6,0.0,1.0,1.0
webservice2_memory_1627217059,webservice2,memory,web,0.25,adaptive_corrupted_anchor,0.6,0.0,1.0,1.0
webservice2_memory_1627286385,webservice2,memory,web,0.25,adaptive_corrupted_anchor,0.6,0.0,1.0,1.0
webservice2_memory_1627323573,webservice2,memory,web,0.25,adaptive_corrupted_anchor,0.6,0.0,1.0,1.0
webservice2_memory_1627354358,webservice2,memory,web,0.25,adaptive_corrupted_anchor,0.6,0.0,1.0,1.0
webservice2_memory_1627372277,webservice2,memory,web,0.25,adaptive_corrupted_anchor,0.6,0.0,1.0,1.0
webservice2_memory_1627423928,webservice2,memory,web,0.25,adaptive_corrupted_anchor,0.6,0.0,1.0,1.0
webservice2_memory_1627432266,webservice2,memory,web,0.25,adaptive_corrupted_anchor,0.6,0.0,1.0,1.0
webservice2_memory_1627459375,webservice2,memory,web,0.25,adaptive_corrupted_anchor,1.0,1.0,1.0,1.0
webservice2_memory_1627485396,webservice2,memory,web,0.25,adaptive_corrupted_anchor,0.6,0.0,1.0,1.0
webservice2_memory_1627546421,webservice2,memory,web,0.25,adaptive_corrupted_anchor,0.8,0.0,1.0,1.0
webservice2_memory_1627570264,webservice2,memory,web,0.25,adaptive_corrupted_anchor,1.0,1.0,1.0,1.0
webservice2_memory_1627718583,webservice2,memory,web,0.25,adaptive_corrupted_anchor,0.8,0.0,1.0,1.0
webservice2_memory_1627731038,webservice2,memory,web,0.25,adaptive_corrupted_anchor,0.8,0.0,1.0,1.0
webservice2_memory_1627742508,webservice2,memory,web,0.25,adaptive_corrupted_anchor,1.0,1.0,1.0,1.0
webservice2_memory_1627752181,webservice2,memory,web,0.25,adaptive_corrupted_anchor,0.8,0.0,1.0,1.0
dbservice1_cpu_1627429585,dbservice1,cpu,database,0.25,anchored_random_rest,0.8800000000000001,0.4,1.0,1.0
dbservice1_cpu_1627464819,dbservice1,cpu,database,0.25,anchored_random_rest,0.9199999999999999,0.6,1.0,1.0
dbservice1_cpu_1627475651,dbservice1,cpu,database,0.25,anchored_random_rest,0.8800000000000001,0.6,1.0,1.0
dbservice1_cpu_1627486293,dbservice1,cpu,database,0.25,anchored_random_rest,0.6,0.0,1.0,1.0
dbservice1_cpu_1627509699,dbservice1,cpu,database,0.25,anchored_random_rest,0.9199999999999999,0.6,1.0,1.0
dbservice1_cpu_1627529324,dbservice1,cpu,database,0.25,anchored_random_rest,0.9199999999999999,0.8,1.0,1.0
dbservice1_cpu_1627572876,dbservice1,cpu,database,0.25,anchored_random_rest,0.96,0.8,1.0,1.0
dbservice1_cpu_1627703827,dbservice1,cpu,database,0.25,anchored_random_rest,0.96,0.8,1.0,1.0
dbservice1_errno111_1626750606,dbservice1,errno111,database,0.25,anchored_random_rest,0.9199999999999999,0.6,1.0,1.0
dbservice1_errno111_1626750701,dbservice1,errno111,database,0.25,anchored_random_rest,0.8800000000000001,0.4,1.0,1.0
dbservice1_memory_1625140467,dbservice1,memory,database,0.25,anchored_random_rest,0.8400000000000001,0.4,1.0,1.0
dbservice1_memory_1625178785,dbservice1,memory,database,0.25,anchored_random_rest,0.8,0.2,1.0,1.0
dbservice1_memory_1625188889,dbservice1,memory,database,0.25,anchored_random_rest,0.6799999999999999,0.0,1.0,1.0
dbservice1_memory_1625231603,dbservice1,memory,database,0.25,anchored_random_rest,0.8400000000000001,0.4,1.0,1.0
dbservice1_memory_1625243441,dbservice1,memory,database,0.25,anchored_random_rest,0.8800000000000001,0.6,1.0,1.0
dbservice1_memory_1625384013,dbservice1,memory,database,0.25,anchored_random_rest,0.9199999999999999,0.6,1.0,1.0
dbservice1_memory_1625411468,dbservice1,memory,database,0.25,anchored_random_rest,0.96,0.8,1.0,1.0
dbservice1_memory_1625418705,dbservice1,memory,database,0.25,anchored_random_rest,0.96,0.8,1.0,1.0
dbservice1_memory_1625578885,dbservice1,memory,database,0.25,anchored_random_rest,0.64,0.0,1.0,1.0
dbservice1_memory_1625582957,dbservice1,memory,database,0.25,anchored_random_rest,0.76,0.0,1.0,1.0
dbservice1_memory_1625637896,dbservice1,memory,database,0.25,anchored_random_rest,0.8,0.4,1.0,1.0
dbservice1_memory_1625671282,dbservice1,memory,database,0.25,anchored_random_rest,0.6799999999999999,0.0,1.0,1.0
dbservice1_memory_1625675230,dbservice1,memory,database,0.25,anchored_random_rest,0.8800000000000001,0.4,1.0,1.0
dbservice1_memory_1625679820,dbservice1,memory,database,0.25,anchored_random_rest,0.72,0.2,1.0,1.0
dbservice1_memory_1625768540,dbservice1,memory,database,0.25,anchored_random_rest,0.96,0.8,1.0,1.0
dbservice1_memory_1625849028,dbservice1,memory,database,0.25,anchored_random_rest,0.72,0.2,1.0,1.0
dbservice1_memory_1625863841,dbservice1,memory,database,0.25,anchored_random_rest,0.72,0.2,1.0,1.0
dbservice1_memory_1625867158,dbservice1,memory,database,0.25,anchored_random_rest,0.72,0.2,1.0,1.0
dbservice1_memory_1625870624,dbservice1,memory,database,0.25,anchored_random_rest,0.8,0.0,1.0,1.0
dbservice1_memory_1625909033,dbservice1,memory,database,0.25,anchored_random_rest,0.8800000000000001,0.6,1.0,1.0
dbservice1_memory_1625914032,dbservice1,memory,database,0.25,anchored_random_rest,0.6,0.0,1.0,1.0
dbservice1_memory_1625964302,dbservice1,memory,database,0.25,anchored_random_rest,0.8400000000000001,0.4,1.0,1.0
dbservice1_memory_1626032238,dbservice1,memory,database,0.25,anchored_random_rest,0.8400000000000001,0.6,1.0,1.0
dbservice1_memory_1626113371,dbservice1,memory,database,0.25,anchored_random_rest,0.8,0.2,1.0,1.0
dbservice1_memory_1626178789,dbservice1,memory,database,0.25,anchored_random_rest,0.72,0.2,1.0,1.0
dbservice1_memory_1626195234,dbservice1,memory,database,0.25,anchored_random_rest,0.8400000000000001,0.4,1.0,1.0
dbservice1_memory_1626266259,dbservice1,memory,database,0.25,anchored_random_rest,0.9199999999999999,0.8,1.0,1.0
dbservice1_memory_1626306060,dbservice1,memory,database,0.25,anchored_random_rest,0.8,0.2,1.0,1.0
dbservice1_memory_1626338404,dbservice1,memory,database,0.25,anchored_random_rest,0.8800000000000001,0.6,1.0,1.0
dbservice1_memory_1626343595,dbservice1,memory,database,0.25,anchored_random_rest,0.76,0.0,1.0,1.0
dbservice1_memory_1626393113,dbservice1,memory,database,0.25,anchored_random_rest,1.0,1.0,1.0,1.0
dbservice1_memory_1626409893,dbservice1,memory,database,0.25,anchored_random_rest,0.9199999999999999,0.6,1.0,1.0
dbservice1_memory_1626425140,dbservice1,memory,database,0.25,anchored_random_rest,0.6799999999999999,0.0,1.0,1.0
dbservice1_memory_1626473914,dbservice1,memory,database,0.25,anchored_random_rest,0.72,0.2,1.0,1.0
dbservice1_memory_1626511514,dbservice1,memory,database,0.25,anchored_random_rest,1.0,1.0,1.0,1.0
dbservice1_memory_1626540721,dbservice1,memory,database,0.25,anchored_random_rest,0.72,0.0,1.0,1.0
dbservice1_memory_1626552538,dbservice1,memory,database,0.25,anchored_random_rest,0.8,0.4,1.0,1.0
dbservice1_memory_1626598508,dbservice1,memory,database,0.25,anchored_random_rest,0.8,0.4,1.0,1.0
dbservice1_memory_1626773615,dbservice1,memory,database,0.25,anchored_random_rest,0.8400000000000001,0.4,1.0,1.0
dbservice1_memory_1626788281,dbservice1,memory,database,0.25,anchored_random_rest,0.6,0.0,1.0,1.0
dbservice1_memory_1626845470,dbservice1,memory,database,0.25,anchored_random_rest,0.8800000000000001,0.6,1.0,1.0
dbservice1_memory_1626858109,dbservice1,memory,database,0.25,anchored_random_rest,0.76,0.4,1.0,1.0
dbservice1_memory_1626912896,dbservice1,memory,database,0.25,anchored_random_rest,0.9199999999999999,0.6,1.0,1.0
dbservice1_memory_1626939313,dbservice1,memory,database,0.25,anchored_random_rest,0.96,0.8,1.0,1.0
dbservice1_memory_1627046902,dbservice1,memory,database,0.25,anchored_random_rest,1.0,1.0,1.0,1.0
dbservice1_memory_1627098214,dbservice1,memory,database,0.25,anchored_random_rest,0.9199999999999999,0.6,1.0,1.0
dbservice1_memory_1627104046,dbservice1,memory,database,0.25,anchored_random_rest,0.8,0.2,1.0,1.0
dbservice1_memory_1627119644,dbservice1,memory,database,0.25,anchored_random_rest,0.8800000000000001,0.6,1.0,1.0
dbservice1_memory_1627157147,dbservice1,memory,database,0.25,anchored_random_rest,0.8,0.4,1.0,1.0
dbservice1_memory_1627223200,dbservice1,memory,database,0.25,anchored_random_rest,0.8,0.4,1.0,1.0
dbservice1_memory_1627237577,dbservice1,memory,database,0.25,anchored_random_rest,0.9199999999999999,0.6,1.0,1.0
dbservice1_memory_1627255258,dbservice1,memory,database,0.25,anchored_random_rest,0.8800000000000001,0.6,1.0,1.0
dbservice1_memory_1627268672,dbservice1,memory,database,0.25,anchored_random_rest,0.76,0.2,1.0,1.0
dbservice1_memory_1627272293,dbservice1,memory,database,0.25,anchored_random_rest,0.8400000000000001,0.2,1.0,1.0
dbservice1_memory_1627283279,dbservice1,memory,database,0.25,anchored_random_rest,0.8,0.4,1.0,1.0
dbservice1_memory_1627288593,dbservice1,memory,database,0.25,anchored_random_rest,0.76,0.2,1.0,1.0
dbservice1_memory_1627297432,dbservice1,memory,database,0.25,anchored_random_rest,0.76,0.2,1.0,1.0
dbservice1_memory_1627316827,dbservice1,memory,database,0.25,anchored_random_rest,0.8,0.4,1.0,1.0
dbservice1_memory_1627373850,dbservice1,memory,database,0.25,anchored_random_rest,0.8800000000000001,0.6,1.0,1.0
dbservice1_memory_1627386311,dbservice1,memory,database,0.25,anchored_random_rest,0.76,0.2,1.0,1.0
dbservice1_memory_1627400139,dbservice1,memory,database,0.25,anchored_random_rest,0.8800000000000001,0.4,1.0,1.0
dbservice1_memory_1627432587,dbservice1,memory,database,0.25,anchored_random_rest,0.8,0.4,1.0,1.0
dbservice1_memory_1627477200,dbservice1,memory,database,0.25,anchored_random_rest,0.8400000000000001,0.4,1.0,1.0
dbservice1_memory_1627502421,dbservice1,memory,database,0.25,anchored_random_rest,0.72,0.2,1.0,1.0
dbservice1_memory_1627682718,dbservice1,memory,database,0.25,anchored_random_rest,0.76,0.2,1.0,1.0
dbservice1_memory_1627702626,dbservice1,memory,database,0.25,anchored_random_rest,0.64,0.0,1.0,1.0
dbservice1_memory_1627773523,dbservice1,memory,database,0.25,anchored_random_rest,0.8800000000000001,0.4,1.0,1.0
dbservice2_errno111_1626750601,dbservice2,errno111,database,0.25,anchored_random_rest,0.8800000000000001,0.6,1.0,1.0
dbservice2_errno111_1626750797,dbservice2,errno111,database,0.25,anchored_random_rest,0.64,0.0,1.0,1.0
dbservice2_memory_1625144096,dbservice2,memory,database,0.25,anchored_random_rest,0.72,0.0,1.0,1.0
dbservice2_memory_1625152223,dbservice2,memory,database,0.25,anchored_random_rest,0.8,0.2,1.0,1.0
dbservice2_memory_1625193002,dbservice2,memory,database,0.25,anchored_random_rest,0.8400000000000001,0.4,1.0,1.0
dbservice2_memory_1625257548,dbservice2,memory,database,0.25,anchored_random_rest,0.72,0.2,1.0,1.0
dbservice2_memory_1625269953,dbservice2,memory,database,0.25,anchored_random_rest,0.64,0.0,1.0,1.0
dbservice2_memory_1625356783,dbservice2,memory,database,0.25,anchored_random_rest,0.64,0.0,1.0,1.0
dbservice2_memory_1625363058,dbservice2,memory,database,0.25,anchored_random_rest,0.6799999999999999,0.0,1.0,1.0
dbservice2_memory_1625459089,dbservice2,memory,database,0.25,anchored_random_rest,0.6799999999999999,0.0,1.0,1.0
dbservice2_memory_1625463515,dbservice2,memory,database,0.25,anchored_random_rest,0.8800000000000001,0.6,1.0,1.0
dbservice2_memory_1625564139,dbservice2,memory,database,0.25,anchored_random_rest,0.96,0.8,1.0,1.0
dbservice2_memory_1625579430,dbservice2,memory,database,0.25,anchored_random_rest,0.8400000000000001,0.2,1.0,1.0
dbservice2_memory_1625587157,dbservice2,memory,database,0.25,anchored_random_rest,0.8400000000000001,0.4,1.0,1.0
dbservice2_memory_1625634388,dbservice2,memory,database,0.25,anchored_random_rest,0.8400000000000001,0.4,1.0,1.0
dbservice2_memory_1625656892,dbservice2,memory,database,0.25,anchored_random_rest,0.8,0.4,1.0,1.0
dbservice2_memory_1625669580,dbservice2,memory,database,0.25,anchored_random_rest,0.8,0.4,1.0,1.0
dbservice2_memory_1625704892,dbservice2,memory,database,0.25,anchored_random_rest,0.72,0.2,1.0,1.0
dbservice2_memory_1625711897,dbservice2,memory,database,0.25,anchored_random_rest,0.76,0.0,1.0,1.0
dbservice2_memory_1625720058,dbservice2,memory,database,0.25,anchored_random_rest,0.96,0.8,1.0,1.0
dbservice2_memory_1625780540,dbservice2,memory,database,0.25,anchored_random_rest,0.76,0.2,1.0,1.0
dbservice2_memory_1625944726,dbservice2,memory,database,0.25,anchored_random_rest,0.8800000000000001,0.6,1.0,1.0
dbservice2_memory_1625953237,dbservice2,memory,database,0.25,anchored_random_rest,0.76,0.2,1.0,1.0
dbservice2_memory_1625981739,dbservice2,memory,database,0.25,anchored_random_rest,0.72,0.0,1.0,1.0
dbservice2_memory_1625988716,dbservice2,memory,database,0.25,anchored_random_rest,0.64,0.0,1.0,1.0
dbservice2_memory_1626043439,dbservice2,memory,database,0.25,anchored_random_rest,0.72,0.0,1.0,1.0
dbservice2_memory_1626053581,dbservice2,memory,database,0.25,anchored_random_rest,0.8800000000000001,0.6,1.0,1.0
dbservice2_memory_1626066255,dbservice2,memory,database,0.25,anchored_random_rest,0.8400000000000001,0.4,1.0,1.0
dbservice2_memory_1626095808,dbservice2,memory,database,0.25,anchored_random_rest,0.9199999999999999,0.6,1.0,1.0
dbservice2_memory_1626127184,dbservice2,memory,database,0.25,anchored_random_rest,0.8400000000000001,0.4,1.0,1.0
dbservice2_memory_1626130474,dbservice2,memory,database,0.25,anchored_random_rest,0.8400000000000001,0.6,1.0,1.0
dbservice2_memory_1626157165,dbservice2,memory,database,0.25,anchored_random_rest,0.8,0.2,1.0,1.0
dbservice2_memory_1626243122,dbservice2,memory,database,0.25,anchored_random_rest,0.76,0.4,1.0,1.0
dbservice2_memory_1626298216,dbservice2,memory,database,0.25,anchored_random_rest,0.76,0.4,1.0,1.0
dbservice2_memory_1626317541,dbservice2,memory,database,0.25,anchored_random_rest,0.76,0.4,1.0,1.0
dbservice2_memory_1626325390,dbservice2,memory,database,0.25,anchored_random_rest,0.8400000000000001,0.4,1.0,1.0
dbservice2_memory_1626334718,dbservice2,memory,database,0.25,anchored_random_rest,0.9199999999999999,0.8,1.0,1.0
dbservice2_memory_1626367699,dbservice2,memory,database,0.25,anchored_random_rest,0.8,0.2,1.0,1.0
dbservice2_memory_1626372232,dbservice2,memory,database,0.25,anchored_random_rest,0.76,0.2,1.0,1.0
dbservice2_memory_1626415344,dbservice2,memory,database,0.25,anchored_random_rest,0.8,0.0,1.0,1.0
dbservice2_memory_1626419131,dbservice2,memory,database,0.25,anchored_random_rest,0.6799999999999999,0.0,1.0,1.0
dbservice2_memory_1626430015,dbservice2,memory,database,0.25,anchored_random_rest,0.8,0.2,1.0,1.0
dbservice2_memory_1626442568,dbservice2,memory,database,0.25,anchored_random_rest,0.8,0.0,1.0,1.0
dbservice2_memory_1626459595,dbservice2,memory,database,0.25,anchored_random_rest,0.9199999999999999,0.6,1.0,1.0
dbservice2_memory_1626497813,dbservice2,memory,database,0.25,anchored_random_rest,0.8800000000000001,0.6,1.0,1.0
dbservice2_memory_1626585941,dbservice2,memory,database,0.25,anchored_random_rest,0.64,0.0,1.0,1.0
dbservice2_memory_1626602315,dbservice2,memory,database,0.25,anchored_random_rest,0.8,0.2,1.0,1.0
dbservice2_memory_1626607598,dbservice2,memory,database,0.25,anchored_random_rest,0.64,0.0,1.0,1.0
dbservice2_memory_1626647915,dbservice2,memory,database,0.25,anchored_random_rest,0.8800000000000001,0.6,1.0,1.0
dbservice2_memory_1626651683,dbservice2,memory,database,0.25,anchored_random_rest,0.8800000000000001,0.4,1.0,1.0
dbservice2_memory_1626750100,dbservice2,memory,database,0.25,anchored_random_rest,0.8400000000000001,0.6,1.0,1.0
dbservice2_memory_1626760761,dbservice2,memory,database,0.25,anchored_random_rest,0.8400000000000001,0.4,1.0,1.0
dbservice2_memory_1626764016,dbservice2,memory,database,0.25,anchored_random_rest,0.8400000000000001,0.6,1.0,1.0
dbservice2_memory_1626790578,dbservice2,memory,database,0.25,anchored_random_rest,0.9199999999999999,0.8,1.0,1.0
dbservice2_memory_1626799339,dbservice2,memory,database,0.25,anchored_random_rest,0.96,0.8,1.0,1.0
dbservice2_memory_1626818990,dbservice2,memory,database,0.25,anchored_random_rest,0.72,0.0,1.0,1.0
dbservice2_memory_1626839958,dbservice2,memory,database,0.25,anchored_random_rest,0.8400000000000001,0.6,1.0,1.0
dbservice2_memory_1626876599,dbservice2,memory,database,0.25,anchored_random_rest,0.8400000000000001,0.4,1.0,1.0
dbservice2_memory_1626886884,dbservice2,memory,database,0.25,anchored_random_rest,0.6799999999999999,0.0,1.0,1.0
dbservice2_memory_1626890594,dbservice2,memory,database,0.25,anchored_random_rest,0.9199999999999999,0.8,1.0,1.0
dbservice2_memory_1626962039,dbservice2,memory,database,0.25,anchored_random_rest,0.8400000000000001,0.2,1.0,1.0
dbservice2_memory_1626969117,dbservice2,memory,database,0.25,anchored_random_rest,0.8,0.4,1.0,1.0
dbservice2_memory_1627002602,dbservice2,memory,database,0.25,anchored_random_rest,0.6799999999999999,0.0,1.0,1.0
dbservice2_memory_1627039811,dbservice2,memory,database,0.25,anchored_random_rest,0.8800000000000001,0.4,1.0,1.0
dbservice2_memory_1627079656,dbservice2,memory,database,0.25,anchored_random_rest,0.8,0.4,1.0,1.0
dbservice2_memory_1627087394,dbservice2,memory,database,0.25,anchored_random_rest,0.72,0.0,1.0,1.0
dbservice2_memory_1627100858,dbservice2,memory,database,0.25,anchored_random_rest,1.0,1.0,1.0,1.0
dbservice2_memory_1627156737,dbservice2,memory,database,0.25,anchored_random_rest,0.6,0.0,1.0,1.0
dbservice2_memory_1627184617,dbservice2,memory,database,0.25,anchored_random_rest,0.6,0.0,1.0,1.0
dbservice2_memory_1627207759,dbservice2,memory,database,0.25,anchored_random_rest,0.8,0.2,1.0,1.0
dbservice2_memory_1627286946,dbservice2,memory,database,0.25,anchored_random_rest,0.9199999999999999,0.6,1.0,1.0
dbservice2_memory_1627303928,dbservice2,memory,database,0.25,anchored_random_rest,0.6799999999999999,0.2,1.0,1.0
dbservice2_memory_1627325374,dbservice2,memory,database,0.25,anchored_random_rest,0.8800000000000001,0.4,1.0,1.0
dbservice2_memory_1627331922,dbservice2,memory,database,0.25,anchored_random_rest,0.8,0.2,1.0,1.0
dbservice2_memory_1627375478,dbservice2,memory,database,0.25,anchored_random_rest,1.0,1.0,1.0,1.0
dbservice2_memory_1627379165,dbservice2,memory,database,0.25,anchored_random_rest,0.8800000000000001,0.6,1.0,1.0
dbservice2_memory_1627394588,dbservice2,memory,database,0.25,anchored_random_rest,0.8400000000000001,0.4,1.0,1.0
dbservice2_memory_1627402075,dbservice2,memory,database,0.25,anchored_random_rest,0.9199999999999999,0.8,1.0,1.0
dbservice2_memory_1627425736,dbservice2,memory,database,0.25,anchored_random_rest,0.72,0.2,1.0,1.0
dbservice2_memory_1627447589,dbservice2,memory,database,0.25,anchored_random_rest,0.9199999999999999,0.8,1.0,1.0
dbservice2_memory_1627457508,dbservice2,memory,database,0.25,anchored_random_rest,0.76,0.4,1.0,1.0
dbservice2_memory_1627493621,dbservice2,memory,database,0.25,anchored_random_rest,0.8,0.2,1.0,1.0
dbservice2_memory_1627501550,dbservice2,memory,database,0.25,anchored_random_rest,0.8800000000000001,0.4,1.0,1.0
dbservice2_memory_1627519836,dbservice2,memory,database,0.25,anchored_random_rest,0.9199999999999999,0.6,1.0,1.0
dbservice2_memory_1627545507,dbservice2,memory,database,0.25,anchored_random_rest,0.8800000000000001,0.6,1.0,1.0
dbservice2_memory_1627595898,dbservice2,memory,database,0.25,anchored_random_rest,0.9199999999999999,0.8,1.0,1.0
dbservice2_memory_1627643030,dbservice2,memory,database,0.25,anchored_random_rest,0.64,0.0,1.0,1.0
dbservice2_memory_1627657911,dbservice2,memory,database,0.25,anchored_random_rest,0.8400000000000001,0.4,1.0,1.0
dbservice2_memory_1627663155,dbservice2,memory,database,0.25,anchored_random_rest,0.6799999999999999,0.0,1.0,1.0
dbservice2_memory_1627680230,dbservice2,memory,database,0.25,anchored_random_rest,0.96,0.8,1.0,1.0
dbservice2_memory_1627699210,dbservice2,memory,database,0.25,anchored_random_rest,0.8400000000000001,0.4,1.0,1.0
logservice1_cpu_1627596597,logservice1,cpu,logging,0.25,anchored_random_rest,0.72,0.0,1.0,1.0
logservice1_errno111_1626753001,logservice1,errno111,logging,0.25,anchored_random_rest,0.72,0.2,1.0,1.0
logservice1_errno111_1626753227,logservice1,errno111,logging,0.25,anchored_random_rest,0.64,0.0,1.0,1.0
logservice1_memory_1625207751,logservice1,memory,logging,0.25,anchored_random_rest,0.64,0.0,1.0,1.0
logservice1_memory_1625234459,logservice1,memory,logging,0.25,anchored_random_rest,0.8800000000000001,0.4,1.0,1.0
logservice1_memory_1625285989,logservice1,memory,logging,0.25,anchored_random_rest,0.8400000000000001,0.2,1.0,1.0
logservice1_memory_1625298536,logservice1,memory,logging,0.25,anchored_random_rest,0.8,0.2,1.0,1.0
logservice1_memory_1625311435,logservice1,memory,logging,0.25,anchored_random_rest,0.76,0.0,1.0,1.0
logservice1_memory_1625360381,logservice1,memory,logging,0.25,anchored_random_rest,0.72,0.0,1.0,1.0
logservice1_memory_1625437325,logservice1,memory,logging,0.25,anchored_random_rest,0.8,0.4,1.0,1.0
logservice1_memory_1625455375,logservice1,memory,logging,0.25,anchored_random_rest,0.8800000000000001,0.6,1.0,1.0
logservice1_memory_1625474243,logservice1,memory,logging,0.25,anchored_random_rest,0.8,0.2,1.0,1.0
logservice1_memory_1625493602,logservice1,memory,logging,0.25,anchored_random_rest,0.72,0.0,1.0,1.0
logservice1_memory_1625506342,logservice1,memory,logging,0.25,anchored_random_rest,0.8400000000000001,0.4,1.0,1.0
logservice1_memory_1625519722,logservice1,memory,logging,0.25,anchored_random_rest,0.8400000000000001,0.4,1.0,1.0
logservice1_memory_1625642174,logservice1,memory,logging,0.25,anchored_random_rest,0.8800000000000001,0.4,1.0,1.0
logservice1_memory_1625673674,logservice1,memory,logging,0.25,anchored_random_rest,0.76,0.4,1.0,1.0
logservice1_memory_1625715126,logservice1,memory,logging,0.25,anchored_random_rest,0.8400000000000001,0.4,1.0,1.0
logservice1_memory_1625737305,logservice1,memory,logging,0.25,anchored_random_rest,0.76,0.2,1.0,1.0
logservice1_memory_1625855415,logservice1,memory,logging,0.25,anchored_random_rest,0.8,0.4,1.0,1.0
logservice1_memory_1625874131,logservice1,memory,logging,0.25,anchored_random_rest,0.9199999999999999,0.6,1.0,1.0
logservice1_memory_1625894863,logservice1,memory,logging,0.25,anchored_random_rest,0.76,0.2,1.0,1.0
logservice1_memory_1625936756,logservice1,memory,logging,0.25,anchored_random_rest,0.8,0.0,1.0,1.0
logservice1_memory_1625950367,logservice1,memory,logging,0.25,anchored_random_rest,0.72,0.0,1.0,1.0
logservice1_memory_1625967061,logservice1,memory,logging,0.25,anchored_random_rest,0.76,0.4,1.0,1.0
logservice1_memory_1626018993,logservice1,memory,logging,0.25,anchored_random_rest,0.6799999999999999,0.0,1.0,1.0
logservice1_memory_1626043063,logservice1,memory,logging,0.25,anchored_random_rest,0.72,0.0,1.0,1.0
logservice1_memory_1626069816,logservice1,memory,logging,0.25,anchored_random_rest,0.8400000000000001,0.4,1.0,1.0
logservice1_memory_1626079498,logservice1,memory,logging,0.25,anchored_random_rest,0.72,0.0,1.0,1.0
logservice1_memory_1626086075,logservice1,memory,logging,0.25,anchored_random_rest,0.72,0.0,1.0,1.0
logservice1_memory_1626102559,logservice1,memory,logging,0.25,anchored_random_rest,0.76,0.2,1.0,1.0
logservice1_memory_1626106208,logservice1,memory,logging,0.25,anchored_random_rest,0.72,0.0,1.0,1.0
logservice1_memory_1626125407,logservice1,memory,logging,0.25,anchored_random_rest,0.8400000000000001,0.6,1.0,1.0
logservice1_memory_1626139037,logservice1,memory,logging,0.25,anchored_random_rest,0.64,0.0,1.0,1.0
logservice1_memory_1626180388,logservice1,memory,logging,0.25,anchored_random_rest,0.64,0.0,1.0,1.0
logservice1_memory_1626208343,logservice1,memory,logging,0.25,anchored_random_rest,0.76,0.2,1.0,1.0
logservice1_memory_1626218997,logservice1,memory,logging,0.25,anchored_random_rest,0.8400000000000001,0.4,1.0,1.0
logservice1_memory_1626328055,logservice1,memory,logging,0.25,anchored_random_rest,0.6799999999999999,0.0,1.0,1.0
logservice1_memory_1626336834,logservice1,memory,logging,0.25,anchored_random_rest,0.72,0.2,1.0,1.0
logservice1_memory_1626371259,logservice1,memory,logging,0.25,anchored_random_rest,0.72,0.2,1.0,1.0
logservice1_memory_1626391352,logservice1,memory,logging,0.25,anchored_random_rest,0.96,0.8,1.0,1.0
logservice1_memory_1626419736,logservice1,memory,logging,0.25,anchored_random_rest,0.64,0.0,1.0,1.0
logservice1_memory_1626541123,logservice1,memory,logging,0.25,anchored_random_rest,0.8800000000000001,0.6,1.0,1.0
logservice1_memory_1626551793,logservice1,memory,logging,0.25,anchored_random_rest,1.0,1.0,1.0,1.0
logservice1_memory_1626571662,logservice1,memory,logging,0.25,anchored_random_rest,0.76,0.0,1.0,1.0
logservice1_memory_1626575299,logservice1,memory,logging,0.25,anchored_random_rest,0.76,0.4,1.0,1.0
logservice1_memory_1626608283,logservice1,memory,logging,0.25,anchored_random_rest,0.76,0.4,1.0,1.0
logservice1_memory_1626632009,logservice1,memory,logging,0.25,anchored_random_rest,0.72,0.2,1.0,1.0
logservice1_memory_1626764699,logservice1,memory,logging,0.25,anchored_random_rest,0.6799999999999999,0.0,1.0,1.0
logservice1_memory_1626865404,logservice1,memory,logging,0.25,anchored_random_rest,0.96,0.8,1.0,1.0
logservice1_memory_1626926283,logservice1,memory,logging,0.25,anchored_random_rest,0.8,0.2,1.0,1.0
logservice1_memory_1627024158,logservice1,memory,logging,0.25,anchored_random_rest,0.8,0.2,1.0,1.0
logservice1_memory_1627144173,logservice1,memory,logging,0.25,anchored_random_rest,0.8800000000000001,0.6,1.0,1.0
logservice1_memory_1627165561,logservice1,memory,logging,0.25,anchored_random_rest,0.76,0.2,1.0,1.0
logservice1_memory_1627170037,logservice1,memory,logging,0.25,anchored_random_rest,0.6,0.0,1.0,1.0
logservice1_memory_1627228703,logservice1,memory,logging,0.25,anchored_random_rest,0.8400000000000001,0.4,1.0,1.0
logservice1_memory_1627243989,logservice1,memory,logging,0.25,anchored_random_rest,0.96,0.8,1.0,1.0
logservice1_memory_1627283437,logservice1,memory,logging,0.25,anchored_random_rest,0.72,0.0,1.0,1.0
logservice1_memory_1627291476,logservice1,memory,logging,0.25,anchored_random_rest,0.8,0.2,1.0,1.0
logservice1_memory_1627299080,logservice1,memory,logging,0.25,anchored_random_rest,0.9199999999999999,0.8,1.0,1.0
logservice1_memory_1627310265,logservice1,memory,logging,0.25,anchored_random_rest,0.6799999999999999,0.0,1.0,1.0
logservice1_memory_1627477200,logservice1,memory,logging,0.25,anchored_random_rest,0.8800000000000001,0.4,1.0,1.0
logservice1_memory_1627522806,logservice1,memory,logging,0.25,anchored_random_rest,0.6799999999999999,0.0,1.0,1.0
logservice1_memory_1627545894,logservice1,memory,logging,0.25,anchored_random_rest,0.72,0.0,1.0,1.0
logservice1_memory_1627592904,logservice1,memory,logging,0.25,anchored_random_rest,0.6799999999999999,0.0,1.0,1.0
logservice1_memory_1627619594,logservice1,memory,logging,0.25,anchored_random_rest,0.76,0.2,1.0,1.0
logservice1_memory_1627700223,logservice1,memory,logging,0.25,anchored_random_rest,0.8400000000000001,0.4,1.0,1.0
logservice1_memory_1627736494,logservice1,memory,logging,0.25,anchored_random_rest,0.64,0.0,1.0,1.0
logservice1_memory_1627762043,logservice1,memory,logging,0.25,anchored_random_rest,0.76,0.2,1.0,1.0
logservice2_errno111_1626753001,logservice2,errno111,logging,0.25,anchored_random_rest,0.8,0.4,1.0,1.0
logservice2_errno111_1626753269,logservice2,errno111,logging,0.25,anchored_random_rest,0.76,0.2,1.0,1.0
logservice2_memory_1625172320,logservice2,memory,logging,0.25,anchored_random_rest,0.9199999999999999,0.6,1.0,1.0
logservice2_memory_1625204004,logservice2,memory,logging,0.25,anchored_random_rest,0.76,0.2,1.0,1.0
logservice2_memory_1625221783,logservice2,memory,logging,0.25,anchored_random_rest,0.8,0.2,1.0,1.0
logservice2_memory_1625304365,logservice2,memory,logging,0.25,anchored_random_rest,0.6799999999999999,0.0,1.0,1.0
logservice2_memory_1625325873,logservice2,memory,logging,0.25,anchored_random_rest,0.64,0.0,1.0,1.0
logservice2_memory_1625379370,logservice2,memory,logging,0.25,anchored_random_rest,0.72,0.0,1.0,1.0
logservice2_memory_1625396241,logservice2,memory,logging,0.25,anchored_random_rest,0.64,0.0,1.0,1.0
logservice2_memory_1625421899,logservice2,memory,logging,0.25,anchored_random_rest,0.6799999999999999,0.0,1.0,1.0
logservice2_memory_1625425518,logservice2,memory,logging,0.25,anchored_random_rest,0.64,0.0,1.0,1.0
logservice2_memory_1625469878,logservice2,memory,logging,0.25,anchored_random_rest,0.72,0.0,1.0,1.0
logservice2_memory_1625483091,logservice2,memory,logging,0.25,anchored_random_rest,0.72,0.2,1.0,1.0
logservice2_memory_1625511359,logservice2,memory,logging,0.25,anchored_random_rest,0.9199999999999999,0.6,1.0,1.0
logservice2_memory_1625518598,logservice2,memory,logging,0.25,anchored_random_rest,0.8400000000000001,0.2,1.0,1.0
logservice2_memory_1625530676,logservice2,memory,logging,0.25,anchored_random_rest,0.9199999999999999,0.8,1.0,1.0
logservice2_memory_1625537669,logservice2,memory,logging,0.25,anchored_random_rest,0.96,0.8,1.0,1.0
logservice2_memory_1625567926,logservice2,memory,logging,0.25,anchored_random_rest,0.6799999999999999,0.0,1.0,1.0
logservice2_memory_1625572292,logservice2,memory,logging,0.25,anchored_random_rest,0.8,0.2,1.0,1.0
logservice2_memory_1625617463,logservice2,memory,logging,0.25,anchored_random_rest,0.8400000000000001,0.6,1.0,1.0
logservice2_memory_1625630457,logservice2,memory,logging,0.25,anchored_random_rest,0.76,0.2,1.0,1.0
logservice2_memory_1625644104,logservice2,memory,logging,0.25,anchored_random_rest,0.6,0.0,1.0,1.0
logservice2_memory_1625732122,logservice2,memory,logging,0.25,anchored_random_rest,0.8400000000000001,0.4,1.0,1.0
logservice2_memory_1625756295,logservice2,memory,logging,0.25,anchored_random_rest,0.8400000000000001,0.2,1.0,1.0
logservice2_memory_1625794522,logservice2,memory,logging,0.25,anchored_random_rest,0.72,0.2,1.0,1.0
logservice2_memory_1625804275,logservice2,memory,logging,0.25,anchored_random_rest,0.72,0.2,1.0,1.0
logservice2_memory_1625880190,logservice2,memory,logging,0.25,anchored_random_rest,0.76,0.2,1.0,1.0
logservice2_memory_1625924296,logservice2,memory,logging,0.25,anchored_random_rest,0.64,0.0,1.0,1.0
logservice2_memory_1626013929,logservice2,memory,logging,0.25,anchored_random_rest,0.64,0.0,1.0,1.0
logservice2_memory_1626050387,logservice2,memory,logging,0.25,anchored_random_rest,0.6,0.0,1.0,1.0
logservice2_memory_1626098044,logservice2,memory,logging,0.25,anchored_random_rest,0.72,0.2,1.0,1.0
logservice2_memory_1626109759,logservice2,memory,logging,0.25,anchored_random_rest,0.8,0.4,1.0,1.0
logservice2_memory_1626248439,logservice2,memory,logging,0.25,anchored_random_rest,0.64,0.0,1.0,1.0
logservice2_memory_1626258183,logservice2,memory,logging,0.25,anchored_random_rest,0.6799999999999999,0.0,1.0,1.0
logservice2_memory_1626325133,logservice2,memory,logging,0.25,anchored_random_rest,0.8,0.2,1.0,1.0
logservice2_memory_1626366727,logservice2,memory,logging,0.25,anchored_random_rest,0.96,0.8,1.0,1.0
logservice2_memory_1626395096,logservice2,memory,logging,0.25,anchored_random_rest,0.76,0.2,1.0,1.0
logservice2_memory_1626412771,logservice2,memory,logging,0.25,anchored_random_rest,0.72,0.0,1.0,1.0
logservice2_memory_1626469838,logservice2,memory,logging,0.25,anchored_random_rest,0.96,0.8,1.0,1.0
logservice2_memory_1626498816,logservice2,memory,logging,0.25,anchored_random_rest,0.64,0.0,1.0,1.0
logservice2_memory_1626568670,logservice2,memory,logging,0.25,anchored_random_rest,0.9199999999999999,0.6,1.0,1.0
logservice2_memory_1626765238,logservice2,memory,logging,0.25,anchored_random_rest,0.8800000000000001,0.4,1.0,1.0
logservice2_memory_1626871639,logservice2,memory,logging,0.25,anchored_random_rest,0.76,0.2,1.0,1.0
logservice2_memory_1626880416,logservice2,memory,logging,0.25,anchored_random_rest,0.72,0.2,1.0,1.0
logservice2_memory_1626922974,logservice2,memory,logging,0.25,anchored_random_rest,0.9199999999999999,0.6,1.0,1.0
logservice2_memory_1626926412,logservice2,memory,logging,0.25,anchored_random_rest,0.8800000000000001,0.6,1.0,1.0
logservice2_memory_1627052258,logservice2,memory,logging,0.25,anchored_random_rest,0.76,0.2,1.0,1.0
logservice2_memory_1627069295,logservice2,memory,logging,0.25,anchored_random_rest,0.64,0.0,1.0,1.0
logservice2_memory_1627140613,logservice2,memory,logging,0.25,anchored_random_rest,0.72,0.0,1.0,1.0
logservice2_memory_1627227124,logservice2,memory,logging,0.25,anchored_random_rest,0.8,0.2,1.0,1.0
logservice2_memory_1627353437,logservice2,memory,logging,0.25,anchored_random_rest,0.6799999999999999,0.2,1.0,1.0
logservice2_memory_1627365342,logservice2,memory,logging,0.25,anchored_random_rest,0.9199999999999999,0.6,1.0,1.0
logservice2_memory_1627396756,logservice2,memory,logging,0.25,anchored_random_rest,0.6,0.0,1.0,1.0
logservice2_memory_1627410703,logservice2,memory,logging,0.25,anchored_random_rest,0.72,0.2,1.0,1.0
logservice2_memory_1627443936,logservice2,memory,logging,0.25,anchored_random_rest,0.72,0.2,1.0,1.0
logservice2_memory_1627464739,logservice2,memory,logging,0.25,anchored_random_rest,0.8800000000000001,0.6,1.0,1.0
logservice2_memory_1627509937,logservice2,memory,logging,0.25,anchored_random_rest,0.76,0.4,1.0,1.0
logservice2_memory_1627516510,logservice2,memory,logging,0.25,anchored_random_rest,0.8800000000000001,0.6,1.0,1.0
logservice2_memory_1627567356,logservice2,memory,logging,0.25,anchored_random_rest,0.8,0.2,1.0,1.0
logservice2_memory_1627590137,logservice2,memory,logging,0.25,anchored_random_rest,0.8,0.4,1.0,1.0
logservice2_memory_1627606370,logservice2,memory,logging,0.25,anchored_random_rest,0.76,0.2,1.0,1.0
logservice2_memory_1627648981,logservice2,memory,logging,0.25,anchored_random_rest,0.72,0.0,1.0,1.0
logservice2_memory_1627688890,logservice2,memory,logging,0.25,anchored_random_rest,0.8,0.4,1.0,1.0
logservice2_memory_1627737420,logservice2,memory,logging,0.25,anchored_random_rest,0.6799999999999999,0.0,1.0,1.0
logservice2_memory_1627769554,logservice2,memory,logging,0.25,anchored_random_rest,0.8800000000000001,0.6,1.0,1.0
mobservice1_errno111_1626752402,mobservice1,errno111,mobile,0.25,anchored_random_rest,0.8,0.2,1.0,1.0
mobservice1_errno111_1626752556,mobservice1,errno111,mobile,0.25,anchored_random_rest,0.9199999999999999,0.6,1.0,1.0
mobservice1_memory_1625197067,mobservice1,memory,mobile,0.25,anchored_random_rest,0.8800000000000001,0.6,1.0,1.0
mobservice1_memory_1625224444,mobservice1,memory,mobile,0.25,anchored_random_rest,0.6799999999999999,0.0,1.0,1.0
mobservice1_memory_1625232540,mobservice1,memory,mobile,0.25,anchored_random_rest,0.6799999999999999,0.0,1.0,1.0
mobservice1_memory_1625247576,mobservice1,memory,mobile,0.25,anchored_random_rest,0.64,0.0,1.0,1.0
mobservice1_memory_1625353753,mobservice1,memory,mobile,0.25,anchored_random_rest,0.8800000000000001,0.4,1.0,1.0
mobservice1_memory_1625379697,mobservice1,memory,mobile,0.25,anchored_random_rest,0.6,0.0,1.0,1.0
mobservice1_memory_1625667742,mobservice1,memory,mobile,0.25,anchored_random_rest,0.72,0.0,1.0,1.0
mobservice1_memory_1625703099,mobservice1,memory,mobile,0.25,anchored_random_rest,0.8800000000000001,0.6,1.0,1.0
mobservice1_memory_1625735045,mobservice1,memory,mobile,0.25,anchored_random_rest,0.6799999999999999,0.0,1.0,1.0
mobservice1_memory_1625804210,mobservice1,memory,mobile,0.25,anchored_random_rest,0.96,0.8,1.0,1.0
mobservice1_memory_1625827494,mobservice1,memory,mobile,0.25,anchored_random_rest,0.96,0.8,1.0,1.0
mobservice1_memory_1625832716,mobservice1,memory,mobile,0.25,anchored_random_rest,0.8400000000000001,0.4,1.0,1.0
mobservice1_memory_1625901292,mobservice1,memory,mobile,0.25,anchored_random_rest,0.8400000000000001,0.4,1.0,1.0
mobservice1_memory_1625941772,mobservice1,memory,mobile,0.25,anchored_random_rest,0.8800000000000001,0.4,1.0,1.0
mobservice1_memory_1625961631,mobservice1,memory,mobile,0.25,anchored_random_rest,0.8400000000000001,0.4,1.0,1.0
mobservice1_memory_1625977908,mobservice1,memory,mobile,0.25,anchored_random_rest,0.9199999999999999,0.6,1.0,1.0
mobservice1_memory_1626011901,mobservice1,memory,mobile,0.25,anchored_random_rest,0.6799999999999999,0.0,1.0,1.0
mobservice1_memory_1626023193,mobservice1,memory,mobile,0.25,anchored_random_rest,0.8,0.4,1.0,1.0
mobservice1_memory_1626027400,mobservice1,memory,mobile,0.25,anchored_random_rest,0.96,0.8,1.0,1.0
mobservice1_memory_1626054650,mobservice1,memory,mobile,0.25,anchored_random_rest,0.72,0.0,1.0,1.0
mobservice1_memory_1626117202,mobservice1,memory,mobile,0.25,anchored_random_rest,0.9199999999999999,0.6,1.0,1.0
mobservice1_memory_1626128984,mobservice1,memory,mobile,0.25,anchored_random_rest,0.72,0.2,1.0,1.0
mobservice1_memory_1626159110,mobservice1,memory,mobile,0.25,anchored_random_rest,0.72,0.2,1.0,1.0
mobservice1_memory_1626168632,mobservice1,memory,mobile,0.25,anchored_random_rest,0.9199999999999999,0.6,1.0,1.0
mobservice1_memory_1626242718,mobservice1,memory,mobile,0.25,anchored_random_rest,0.96,0.8,1.0,1.0
mobservice1_memory_1626282681,mobservice1,memory,mobile,0.25,anchored_random_rest,0.8,0.2,1.0,1.0
mobservice1_memory_1626299070,mobservice1,memory,mobile,0.25,anchored_random_rest,0.8,0.4,1.0,1.0
mobservice1_memory_1626322156,mobservice1,memory,mobile,0.25,anchored_random_rest,0.72,0.0,1.0,1.0
mobservice1_memory_1626326168,mobservice1,memory,mobile,0.25,anchored_random_rest,0.96,0.8,1.0,1.0
mobservice1_memory_1626349453,mobservice1,memory,mobile,0.25,anchored_random_rest,0.96,0.8,1.0,1.0
mobservice1_memory_1626444105,mobservice1,memory,mobile,0.25,anchored_random_rest,0.72,0.2,1.0,1.0
mobservice1_memory_1626448997,mobservice1,memory,mobile,0.25,anchored_random_rest,0.76,0.2,1.0,1.0
mobservice1_memory_1626488862,mobservice1,memory,mobile,0.25,anchored_random_rest,0.8800000000000001,0.6,1.0,1.0
mobservice1_memory_1626534607,mobservice1,memory,mobile,0.25,anchored_random_rest,0.8800000000000001,0.4,1.0,1.0
mobservice1_memory_1626538445,mobservice1,memory,mobile,0.25,anchored_random_rest,0.8800000000000001,0.6,1.0,1.0
mobservice1_memory_1626555752,mobservice1,memory,mobile,0.25,anchored_random_rest,0.8400000000000001,0.2,1.0,1.0
mobservice1_memory_1626607827,mobservice1,memory,mobile,0.25,anchored_random_rest,0.72,0.0,1.0,1.0
mobservice1_memory_1626635810,mobservice1,memory,mobile,0.25,anchored_random_rest,0.8400000000000001,0.4,1.0,1.0
mobservice1_memory_1626640654,mobservice1,memory,mobile,0.25,anchored_random_rest,0.8800000000000001,0.6,1.0,1.0
mobservice1_memory_1626773018,mobservice1,memory,mobile,0.25,anchored_random_rest,0.72,0.2,1.0,1.0
mobservice1_memory_1626850195,mobservice1,memory,mobile,0.25,anchored_random_rest,0.9199999999999999,0.6,1.0,1.0
mobservice1_memory_1626877506,mobservice1,memory,mobile,0.25,anchored_random_rest,0.8,0.2,1.0,1.0
mobservice1_memory_1626897069,mobservice1,memory,mobile,0.25,anchored_random_rest,0.8400000000000001,0.6,1.0,1.0
mobservice1_memory_1626913833,mobservice1,memory,mobile,0.25,anchored_random_rest,0.8400000000000001,0.2,1.0,1.0
mobservice1_memory_1626933957,mobservice1,memory,mobile,0.25,anchored_random_rest,0.9199999999999999,0.8,1.0,1.0
mobservice1_memory_1626937894,mobservice1,memory,mobile,0.25,anchored_random_rest,0.8,0.4,1.0,1.0
mobservice1_memory_1626954084,mobservice1,memory,mobile,0.25,anchored_random_rest,0.9199999999999999,0.6,1.0,1.0
mobservice1_memory_1626958838,mobservice1,memory,mobile,0.25,anchored_random_rest,0.8400000000000001,0.4,1.0,1.0
mobservice1_memory_1627163076,mobservice1,memory,mobile,0.25,anchored_random_rest,0.8400000000000001,0.2,1.0,1.0
mobservice1_memory_1627200697,mobservice1,memory,mobile,0.25,anchored_random_rest,0.9199999999999999,0.6,1.0,1.0
mobservice1_memory_1627219564,mobservice1,memory,mobile,0.25,anchored_random_rest,0.96,0.8,1.0,1.0
mobservice1_memory_1627247170,mobservice1,memory,mobile,0.25,anchored_random_rest,0.8800000000000001,0.6,1.0,1.0
mobservice1_memory_1627279781,mobservice1,memory,mobile,0.25,anchored_random_rest,0.8,0.2,1.0,1.0
mobservice1_memory_1627283259,mobservice1,memory,mobile,0.25,anchored_random_rest,0.8400000000000001,0.6,1.0,1.0
mobservice1_memory_1627347382,mobservice1,memory,mobile,0.25,anchored_random_rest,0.9199999999999999,0.6,1.0,1.0
mobservice1_memory_1627382521,mobservice1,memory,mobile,0.25,anchored_random_rest,0.8,0.2,1.0,1.0
mobservice1_memory_1627387214,mobservice1,memory,mobile,0.25,anchored_random_rest,0.9199999999999999,0.6,1.0,1.0
mobservice1_memory_1627447409,mobservice1,memory,mobile,0.25,anchored_random_rest,0.8400000000000001,0.4,1.0,1.0
mobservice1_memory_1627484554,mobservice1,memory,mobile,0.25,anchored_random_rest,0.8800000000000001,0.4,1.0,1.0
mobservice1_memory_1627514424,mobservice1,memory,mobile,0.25,anchored_random_rest,0.6799999999999999,0.0,1.0,1.0
mobservice1_memory_1627580206,mobservice1,memory,mobile,0.25,anchored_random_rest,0.8,0.4,1.0,1.0
mobservice1_memory_1627612966,mobservice1,memory,mobile,0.25,anchored_random_rest,0.6799999999999999,0.0,1.0,1.0
mobservice1_memory_1627645613,mobservice1,memory,mobile,0.25,anchored_random_rest,1.0,1.0,1.0,1.0
mobservice1_memory_1627661901,mobservice1,memory,mobile,0.25,anchored_random_rest,0.96,0.8,1.0,1.0
mobservice1_memory_1627701774,mobservice1,memory,mobile,0.25,anchored_random_rest,0.8400000000000001,0.4,1.0,1.0
mobservice1_memory_1627731923,mobservice1,memory,mobile,0.25,anchored_random_rest,0.9199999999999999,0.6,1.0,1.0
mobservice1_qr_expired_1625151823,mobservice1,qr_expired,mobile,0.25,anchored_random_rest,0.76,0.2,1.0,1.0
mobservice1_qr_expired_1625182698,mobservice1,qr_expired,mobile,0.25,anchored_random_rest,0.8,0.2,1.0,1.0
mobservice1_qr_expired_1625210087,mobservice1,qr_expired,mobile,0.25,anchored_random_rest,0.8,0.2,1.0,1.0
mobservice1_qr_expired_1625240727,mobservice1,qr_expired,mobile,0.25,anchored_random_rest,0.8,0.2,1.0,1.0
mobservice1_qr_expired_1625271564,mobservice1,qr_expired,mobile,0.25,anchored_random_rest,1.0,1.0,1.0,1.0
mobservice1_qr_expired_1625296713,mobservice1,qr_expired,mobile,0.25,anchored_random_rest,1.0,1.0,1.0,1.0
mobservice1_qr_expired_1625325200,mobservice1,qr_expired,mobile,0.25,anchored_random_rest,0.72,0.0,1.0,1.0
mobservice1_qr_expired_1625355663,mobservice1,qr_expired,mobile,0.25,anchored_random_rest,0.8400000000000001,0.4,1.0,1.0
mobservice1_qr_expired_1625383443,mobservice1,qr_expired,mobile,0.25,anchored_random_rest,0.76,0.2,1.0,1.0
mobservice1_qr_expired_1625409300,mobservice1,qr_expired,mobile,0.25,anchored_random_rest,0.6,0.0,1.0,1.0
mobservice1_qr_expired_1625436871,mobservice1,qr_expired,mobile,0.25,anchored_random_rest,0.8,0.4,1.0,1.0
mobservice1_qr_expired_1625473216,mobservice1,qr_expired,mobile,0.25,anchored_random_rest,0.6,0.0,1.0,1.0
mobservice1_qr_expired_1625505879,mobservice1,qr_expired,mobile,0.25,anchored_random_rest,0.8400000000000001,0.2,1.0,1.0
mobservice1_qr_expired_1625542705,mobservice1,qr_expired,mobile,0.25,anchored_random_rest,0.8,0.0,1.0,1.0
mobservice1_qr_expired_1625580525,mobservice1,qr_expired,mobile,0.25,anchored_random_rest,0.72,0.2,1.0,1.0
mobservice1_qr_expired_1625625195,mobservice1,qr_expired,mobile,0.25,anchored_random_rest,0.6799999999999999,0.0,1.0,1.0
mobservice1_qr_expired_1625667731,mobservice1,qr_expired,mobile,0.25,anchored_random_rest,0.76,0.0,1.0,1.0
mobservice1_qr_expired_1625711646,mobservice1,qr_expired,mobile,0.25,anchored_random_rest,0.6,0.0,1.0,1.0
mobservice1_qr_expired_1625756698,mobservice1,qr_expired,mobile,0.25,anchored_random_rest,0.6799999999999999,0.0,1.0,1.0
mobservice1_qr_expired_1625794482,mobservice1,qr_expired,mobile,0.25,anchored_random_rest,0.6,0.0,1.0,1.0
mobservice1_qr_expired_1625841247,mobservice1,qr_expired,mobile,0.25,anchored_random_rest,0.6,0.0,1.0,1.0
mobservice1_qr_expired_1625890187,mobservice1,qr_expired,mobile,0.25,anchored_random_rest,0.76,0.4,1.0,1.0
mobservice1_qr_expired_1625930412,mobservice1,qr_expired,mobile,0.25,anchored_random_rest,1.0,1.0,1.0,1.0
mobservice1_qr_expired_1625972156,mobservice1,qr_expired,mobile,0.25,anchored_random_rest,0.76,0.2,1.0,1.0
mobservice1_qr_expired_1626008252,mobservice1,qr_expired,mobile,0.25,anchored_random_rest,0.9199999999999999,0.6,1.0,1.0
mobservice1_qr_expired_1626040718,mobservice1,qr_expired,mobile,0.25,anchored_random_rest,0.8400000000000001,0.2,1.0,1.0
mobservice1_qr_expired_1626075193,mobservice1,qr_expired,mobile,0.25,anchored_random_rest,0.8,0.2,1.0,1.0
mobservice1_qr_expired_1626114894,mobservice1,qr_expired,mobile,0.25,anchored_random_rest,0.76,0.0,1.0,1.0
mobservice1_qr_expired_1626159261,mobservice1,qr_expired,mobile,0.25,anchored_random_rest,0.72,0.0,1.0,1.0
mobservice1_qr_expired_1626191632,mobservice1,qr_expired,mobile,0.25,anchored_random_rest,0.72,0.2,1.0,1.0
mobservice1_qr_expired_1626223304,mobservice1,qr_expired,mobile,0.25,anchored_random_rest,0.8400000000000001,0.2,1.0,1.0
mobservice1_qr_expired_1626255336,mobservice1,qr_expired,mobile,0.25,anchored_random_rest,0.8800000000000001,0.4,1.0,1.0
mobservice1_qr_expired_1626296585,mobservice1,qr_expired,mobile,0.25,anchored_random_rest,0.64,0.0,1.0,1.0
mobservice1_qr_expired_1626336309,mobservice1,qr_expired,mobile,0.25,anchored_random_rest,0.9199999999999999,0.6,1.0,1.0
mobservice1_qr_expired_1626368186,mobservice1,qr_expired,mobile,0.25,anchored_random_rest,0.76,0.0,1.0,1.0
mobservice1_qr_expired_1626404786,mobservice1,qr_expired,mobile,0.25,anchored_random_rest,0.8,0.2,1.0,1.0
mobservice1_qr_expired_1626433510,mobservice1,qr_expired,mobile,0.25,anchored_random_rest,0.8,0.2,1.0,1.0
mobservice1_qr_expired_1626462926,mobservice1,qr_expired,mobile,0.25,anchored_random_rest,1.0,1.0,1.0,1.0
mobservice1_qr_expired_1626491905,mobservice1,qr_expired,mobile,0.25,anchored_random_rest,0.64,0.0,1.0,1.0
mobservice1_qr_expired_1626520267,mobservice1,qr_expired,mobile,0.25,anchored_random_rest,0.6,0.0,1.0,1.0
mobservice1_qr_expired_1626551052,mobservice1,qr_expired,mobile,0.25,anchored_random_rest,1.0,1.0,1.0,1.0
mobservice1_qr_expired_1626580037,mobservice1,qr_expired,mobile,0.25,anchored_random_rest,0.8400000000000001,0.4,1.0,1.0
mobservice1_qr_expired_1626607583,mobservice1,qr_expired,mobile,0.25,anchored_random_rest,1.0,1.0,1.0,1.0
mobservice1_qr_expired_1626632651,mobservice1,qr_expired,mobile,0.25,anchored_random_rest,1.0,1.0,1.0,1.0
mobservice1_qr_expired_1626758435,mobservice1,qr_expired,mobile,0.25,anchored_random_rest,0.6799999999999999,0.0,1.0,1.0
mobservice1_qr_expired_1626784630,mobservice1,qr_expired,mobile,0.25,anchored_random_rest,0.8,0.2,1.0,1.0
mobservice1_qr_expired_1626821039,mobservice1,qr_expired,mobile,0.25,anchored_random_rest,0.76,0.2,1.0,1.0
mobservice1_qr_expired_1626856553,mobservice1,qr_expired,mobile,0.25,anchored_random_rest,0.9199999999999999,0.6,1.0,1.0
mobservice1_qr_expired_1626884682,mobservice1,qr_expired,mobile,0.25,anchored_random_rest,0.76,0.2,1.0,1.0
mobservice1_qr_expired_1626917764,mobservice1,qr_expired,mobile,0.25,anchored_random_rest,0.6,0.0,1.0,1.0
mobservice1_qr_expired_1626941760,mobservice1,qr_expired,mobile,0.25,anchored_random_rest,0.8800000000000001,0.4,1.0,1.0
mobservice1_qr_expired_1626968701,mobservice1,qr_expired,mobile,0.25,anchored_random_rest,0.8,0.2,1.0,1.0
mobservice1_qr_expired_1626999263,mobservice1,qr_expired,mobile,0.25,anchored_random_rest,0.96,0.8,1.0,1.0
mobservice1_qr_expired_1627024159,mobservice1,qr_expired,mobile,0.25,anchored_random_rest,0.96,0.8,1.0,1.0
mobservice1_qr_expired_1627051613,mobservice1,qr_expired,mobile,0.25,anchored_random_rest,0.72,0.2,1.0,1.0
mobservice1_qr_expired_1627083857,mobservice1,qr_expired,mobile,0.25,anchored_random_rest,1.0,1.0,1.0,1.0
mobservice1_qr_expired_1627112278,mobservice1,qr_expired,mobile,0.25,anchored_random_rest,0.64,0.0,1.0,1.0
mobservice1_qr_expired_1627135285,mobservice1,qr_expired,mobile,0.25,anchored_random_rest,0.72,0.0,1.0,1.0
mobservice1_qr_expired_1627157519,mobservice1,qr_expired,mobile,0.25,anchored_random_rest,0.8,0.2,1.0,1.0
mobservice1_qr_expired_1627184031,mobservice1,qr_expired,mobile,0.25,anchored_random_rest,0.8800000000000001,0.4,1.0,1.0
mobservice1_qr_expired_1627212755,mobservice1,qr_expired,mobile,0.25,anchored_random_rest,0.8400000000000001,0.6,1.0,1.0
mobservice1_qr_expired_1627238319,mobservice1,qr_expired,mobile,0.25,anchored_random_rest,1.0,1.0,1.0,1.0
mobservice1_qr_expired_1627264132,mobservice1,qr_expired,mobile,0.25,anchored_random_rest,0.64,0.0,1.0,1.0
mobservice1_qr_expired_1627293860,mobservice1,qr_expired,mobile,0.25,anchored_random_rest,0.9199999999999999,0.6,1.0,1.0
mobservice1_qr_expired_1627322979,mobservice1,qr_expired,mobile,0.25,anchored_random_rest,0.6799999999999999,0.2,1.0,1.0
mobservice1_qr_expired_1627355175,mobservice1,qr_expired,mobile,0.25,anchored_random_rest,0.72,0.0,1.0,1.0
mobservice1_qr_expired_1627383377,mobservice1,qr_expired,mobile,0.25,anchored_random_rest,0.8,0.2,1.0,1.0
mobservice1_qr_expired_1627410797,mobservice1,qr_expired,mobile,0.25,anchored_random_rest,0.8400000000000001,0.4,1.0,1.0
mobservice1_qr_expired_1627438966,mobservice1,qr_expired,mobile,0.25,anchored_random_rest,0.8400000000000001,0.4,1.0,1.0
mobservice1_qr_expired_1627466564,mobservice1,qr_expired,mobile,0.25,anchored_random_rest,0.8400000000000001,0.2,1.0,1.0
mobservice1_qr_expired_1627500877,mobservice1,qr_expired,mobile,0.25,anchored_random_rest,0.8,0.4,1.0,1.0
mobservice1_qr_expired_1627528299,mobservice1,qr_expired,mobile,0.25,anchored_random_rest,0.8800000000000001,0.6,1.0,1.0
mobservice1_qr_expired_1627552119,mobservice1,qr_expired,mobile,0.25,anchored_random_rest,0.9199999999999999,0.6,1.0,1.0
mobservice1_qr_expired_1627579617,mobservice1,qr_expired,mobile,0.25,anchored_random_rest,0.6,0.0,1.0,1.0
mobservice1_qr_expired_1627607460,mobservice1,qr_expired,mobile,0.25,anchored_random_rest,1.0,1.0,1.0,1.0
mobservice1_qr_expired_1627636467,mobservice1,qr_expired,mobile,0.25,anchored_random_rest,0.64,0.0,1.0,1.0
mobservice1_qr_expired_1627666643,mobservice1,qr_expired,mobile,0.25,anchored_random_rest,0.72,0.0,1.0,1.0
mobservice1_qr_expired_1627691008,mobservice1,qr_expired,mobile,0.25,anchored_random_rest,0.6799999999999999,0.0,1.0,1.0
mobservice1_qr_expired_1627716967,mobservice1,qr_expired,mobile,0.25,anchored_random_rest,0.72,0.0,1.0,1.0
mobservice1_qr_expired_1627738658,mobservice1,qr_expired,mobile,0.25,anchored_random_rest,0.8,0.2,1.0,1.0
mobservice2_cpu_1627454420,mobservice2,cpu,mobile,0.25,anchored_random_rest,0.6,0.0,1.0,1.0
mobservice2_cpu_1627497596,mobservice2,cpu,mobile,0.25,anchored_random_rest,0.64,0.0,1.0,1.0
mobservice2_cpu_1627542736,mobservice2,cpu,mobile,0.25,anchored_random_rest,0.96,0.8,1.0,1.0
mobservice2_cpu_1627761644,mobservice2,cpu,mobile,0.25,anchored_random_rest,0.6,0.0,1.0,1.0
mobservice2_errno111_1626752406,mobservice2,errno111,mobile,0.25,anchored_random_rest,0.8800000000000001,0.6,1.0,1.0
mobservice2_errno111_1626752504,mobservice2,errno111,mobile,0.25,anchored_random_rest,0.8400000000000001,0.4,1.0,1.0
mobservice2_memory_1625157918,mobservice2,memory,mobile,0.25,anchored_random_rest,0.8,0.4,1.0,1.0
mobservice2_memory_1625168598,mobservice2,memory,mobile,0.25,anchored_random_rest,0.8800000000000001,0.6,1.0,1.0
mobservice2_memory_1625200044,mobservice2,memory,mobile,0.25,anchored_random_rest,0.96,0.8,1.0,1.0
mobservice2_memory_1625205092,mobservice2,memory,mobile,0.25,anchored_random_rest,0.9199999999999999,0.6,1.0,1.0
mobservice2_memory_1625235821,mobservice2,memory,mobile,0.25,anchored_random_rest,0.9199999999999999,0.8,1.0,1.0
mobservice2_memory_1625240040,mobservice2,memory,mobile,0.25,anchored_random_rest,1.0,1.0,1.0,1.0
mobservice2_memory_1625305876,mobservice2,memory,mobile,0.25,anchored_random_rest,0.8800000000000001,0.4,1.0,1.0
mobservice2_memory_1625359712,mobservice2,memory,mobile,0.25,anchored_random_rest,1.0,1.0,1.0,1.0
mobservice2_memory_1625527607,mobservice2,memory,mobile,0.25,anchored_random_rest,0.8800000000000001,0.4,1.0,1.0
mobservice2_memory_1625552888,mobservice2,memory,mobile,0.25,anchored_random_rest,0.9199999999999999,0.6,1.0,1.0
mobservice2_memory_1625584788,mobservice2,memory,mobile,0.25,anchored_random_rest,0.76,0.4,1.0,1.0
mobservice2_memory_1625676811,mobservice2,memory,mobile,0.25,anchored_random_rest,0.8,0.4,1.0,1.0
mobservice2_memory_1625680798,mobservice2,memory,mobile,0.25,anchored_random_rest,0.64,0.0,1.0,1.0
mobservice2_memory_1625692971,mobservice2,memory,mobile,0.25,anchored_random_rest,0.8800000000000001,0.6,1.0,1.0
mobservice2_memory_1625697606,mobservice2,memory,mobile,0.25,anchored_random_rest,0.72,0.2,1.0,1.0
mobservice2_memory_1625738510,mobservice2,memory,mobile,0.25,anchored_random_rest,0.8,0.2,1.0,1.0
mobservice2_memory_1625742099,mobservice2,memory,mobile,0.25,anchored_random_rest,0.96,0.8,1.0,1.0
mobservice2_memory_1625771613,mobservice2,memory,mobile,0.25,anchored_random_rest,0.76,0.4,1.0,1.0
mobservice2_memory_1625831922,mobservice2,memory,mobile,0.25,anchored_random_rest,0.8800000000000001,0.6,1.0,1.0
mobservice2_memory_1625898199,mobservice2,memory,mobile,0.25,anchored_random_rest,0.6799999999999999,0.0,1.0,1.0
mobservice2_memory_1625987443,mobservice2,memory,mobile,0.25,anchored_random_rest,0.76,0.2,1.0,1.0
mobservice2_memory_1626009884,mobservice2,memory,mobile,0.25,anchored_random_rest,0.72,0.2,1.0,1.0
mobservice2_memory_1626030275,mobservice2,memory,mobile,0.25,anchored_random_rest,0.8800000000000001,0.6,1.0,1.0
mobservice2_memory_1626061939,mobservice2,memory,mobile,0.25,anchored_random_rest,0.9199999999999999,0.6,1.0,1.0
mobservice2_memory_1626128366,mobservice2,memory,mobile,0.25,anchored_random_rest,0.9199999999999999,0.6,1.0,1.0
mobservice2_memory_1626132020,mobservice2,memory,mobile,0.25,anchored_random_rest,0.76,0.2,1.0,1.0
mobservice2_memory_1626157765,mobservice2,memory,mobile,0.25,anchored_random_rest,0.8400000000000001,0.4,1.0,1.0
mobservice2_memory_1626198509,mobservice2,memory,mobile,0.25,anchored_random_rest,0.8800000000000001,0.6,1.0,1.0
mobservice2_memory_1626201727,mobservice2,memory,mobile,0.25,anchored_random_rest,0.96,0.8,1.0,1.0
mobservice2_memory_1626240489,mobservice2,memory,mobile,0.25,anchored_random_rest,0.72,0.2,1.0,1.0
mobservice2_memory_1626286299,mobservice2,memory,mobile,0.25,anchored_random_rest,0.9199999999999999,0.8,1.0,1.0
mobservice2_memory_1626294885,mobservice2,memory,mobile,0.25,anchored_random_rest,0.96,0.8,1.0,1.0
mobservice2_memory_1626323276,mobservice2,memory,mobile,0.25,anchored_random_rest,0.8400000000000001,0.6,1.0,1.0
mobservice2_memory_1626411067,mobservice2,memory,mobile,0.25,anchored_random_rest,0.8400000000000001,0.2,1.0,1.0
mobservice2_memory_1626429148,mobservice2,memory,mobile,0.25,anchored_random_rest,0.76,0.2,1.0,1.0
mobservice2_memory_1626439231,mobservice2,memory,mobile,0.25,anchored_random_rest,0.8400000000000001,0.2,1.0,1.0
mobservice2_memory_1626458752,mobservice2,memory,mobile,0.25,anchored_random_rest,0.8800000000000001,0.6,1.0,1.0
mobservice2_memory_1626474951,mobservice2,memory,mobile,0.25,anchored_random_rest,0.6799999999999999,0.0,1.0,1.0
mobservice2_memory_1626520226,mobservice2,memory,mobile,0.25,anchored_random_rest,0.8400000000000001,0.6,1.0,1.0
mobservice2_memory_1626538101,mobservice2,memory,mobile,0.25,anchored_random_rest,0.8800000000000001,0.6,1.0,1.0
mobservice2_memory_1626607047,mobservice2,memory,mobile,0.25,anchored_random_rest,0.72,0.2,1.0,1.0
mobservice2_memory_1626757492,mobservice2,memory,mobile,0.25,anchored_random_rest,0.8400000000000001,0.6,1.0,1.0
mobservice2_memory_1626785359,mobservice2,memory,mobile,0.25,anchored_random_rest,0.9199999999999999,0.6,1.0,1.0
mobservice2_memory_1626890346,mobservice2,memory,mobile,0.25,anchored_random_rest,0.96,0.8,1.0,1.0
mobservice2_memory_1626935991,mobservice2,memory,mobile,0.25,anchored_random_rest,0.8400000000000001,0.4,1.0,1.0
mobservice2_memory_1626958150,mobservice2,memory,mobile,0.25,anchored_random_rest,0.8800000000000001,0.6,1.0,1.0
mobservice2_memory_1626961197,mobservice2,memory,mobile,0.25,anchored_random_rest,0.76,0.2,1.0,1.0
mobservice2_memory_1626985877,mobservice2,memory,mobile,0.25,anchored_random_rest,0.8400000000000001,0.2,1.0,1.0
mobservice2_memory_1627037496,mobservice2,memory,mobile,0.25,anchored_random_rest,0.8,0.4,1.0,1.0
mobservice2_memory_1627044227,mobservice2,memory,mobile,0.25,anchored_random_rest,0.76,0.4,1.0,1.0
mobservice2_memory_1627065444,mobservice2,memory,mobile,0.25,anchored_random_rest,0.8800000000000001,0.4,1.0,1.0
mobservice2_memory_1627119333,mobservice2,memory,mobile,0.25,anchored_random_rest,0.76,0.2,1.0,1.0
mobservice2_memory_1627204060,mobservice2,memory,mobile,0.25,anchored_random_rest,0.8400000000000001,0.4,1.0,1.0
mobservice2_memory_1627230225,mobservice2,memory,mobile,0.25,anchored_random_rest,0.96,0.8,1.0,1.0
mobservice2_memory_1627256808,mobservice2,memory,mobile,0.25,anchored_random_rest,0.96,0.8,1.0,1.0
mobservice2_memory_1627260359,mobservice2,memory,mobile,0.25,anchored_random_rest,0.8400000000000001,0.6,1.0,1.0
mobservice2_memory_1627296468,mobservice2,memory,mobile,0.25,anchored_random_rest,0.8,0.4,1.0,1.0
mobservice2_memory_1627357843,mobservice2,memory,mobile,0.25,anchored_random_rest,0.8800000000000001,0.4,1.0,1.0
mobservice2_memory_1627365277,mobservice2,memory,mobile,0.25,anchored_random_rest,0.8,0.4,1.0,1.0
mobservice2_memory_1627374212,mobservice2,memory,mobile,0.25,anchored_random_rest,0.96,0.8,1.0,1.0
mobservice2_memory_1627436047,mobservice2,memory,mobile,0.25,anchored_random_rest,0.72,0.2,1.0,1.0
mobservice2_memory_1627471954,mobservice2,memory,mobile,0.25,anchored_random_rest,0.6799999999999999,0.2,1.0,1.0
mobservice2_memory_1627514362,mobservice2,memory,mobile,0.25,anchored_random_rest,0.9199999999999999,0.8,1.0,1.0
mobservice2_memory_1627554299,mobservice2,memory,mobile,0.25,anchored_random_rest,0.72,0.2,1.0,1.0
mobservice2_memory_1627713570,mobservice2,memory,mobile,0.25,anchored_random_rest,0.72,0.2,1.0,1.0
mobservice2_memory_1627731436,mobservice2,memory,mobile,0.25,anchored_random_rest,0.96,0.8,1.0,1.0
mobservice2_qr_expired_1625152105,mobservice2,qr_expired,mobile,0.25,anchored_random_rest,0.8800000000000001,0.4,1.0,1.0
mobservice2_qr_expired_1625179967,mobservice2,qr_expired,mobile,0.25,anchored_random_rest,0.6,0.0,1.0,1.0
mobservice2_qr_expired_1625210422,mobservice2,qr_expired,mobile,0.25,anchored_random_rest,0.8800000000000001,0.4,1.0,1.0
mobservice2_qr_expired_1625242846,mobservice2,qr_expired,mobile,0.25,anchored_random_rest,0.8400000000000001,0.4,1.0,1.0
mobservice2_qr_expired_1625275953,mobservice2,qr_expired,mobile,0.25,anchored_random_rest,0.9199999999999999,0.6,1.0,1.0
mobservice2_qr_expired_1625302666,mobservice2,qr_expired,mobile,0.25,anchored_random_rest,0.8800000000000001,0.4,1.0,1.0
mobservice2_qr_expired_1625334978,mobservice2,qr_expired,mobile,0.25,anchored_random_rest,0.8400000000000001,0.4,1.0,1.0
mobservice2_qr_expired_1625360218,mobservice2,qr_expired,mobile,0.25,anchored_random_rest,1.0,1.0,1.0,1.0
mobservice2_qr_expired_1625390816,mobservice2,qr_expired,mobile,0.25,anchored_random_rest,0.96,0.8,1.0,1.0
mobservice2_qr_expired_1625425284,mobservice2,qr_expired,mobile,0.25,anchored_random_rest,0.9199999999999999,0.6,1.0,1.0
mobservice2_qr_expired_1625455022,mobservice2,qr_expired,mobile,0.25,anchored_random_rest,1.0,1.0,1.0,1.0
mobservice2_qr_expired_1625489299,mobservice2,qr_expired,mobile,0.25,anchored_random_rest,0.8800000000000001,0.4,1.0,1.0
mobservice2_qr_expired_1625521837,mobservice2,qr_expired,mobile,0.25,anchored_random_rest,0.6799999999999999,0.0,1.0,1.0
mobservice2_qr_expired_1625553275,mobservice2,qr_expired,mobile,0.25,anchored_random_rest,0.96,0.8,1.0,1.0
mobservice2_qr_expired_1625586485,mobservice2,qr_expired,mobile,0.25,anchored_random_rest,0.8800000000000001,0.4,1.0,1.0
mobservice2_qr_expired_1625632041,mobservice2,qr_expired,mobile,0.25,anchored_random_rest,0.76,0.0,1.0,1.0
mobservice2_qr_expired_1625675866,mobservice2,qr_expired,mobile,0.25,anchored_random_rest,0.76,0.4,1.0,1.0
mobservice2_qr_expired_1625722797,mobservice2,qr_expired,mobile,0.25,anchored_random_rest,0.8,0.4,1.0,1.0
mobservice2_qr_expired_1625778458,mobservice2,qr_expired,mobile,0.25,anchored_random_rest,0.8800000000000001,0.4,1.0,1.0
mobservice2_qr_expired_1625827086,mobservice2,qr_expired,mobile,0.25,anchored_random_rest,0.6,0.0,1.0,1.0
mobservice2_qr_expired_1625871929,mobservice2,qr_expired,mobile,0.25,anchored_random_rest,0.8800000000000001,0.4,1.0,1.0
mobservice2_qr_expired_1625913424,mobservice2,qr_expired,mobile,0.25,anchored_random_rest,0.8,0.2,1.0,1.0
mobservice2_qr_expired_1625953921,mobservice2,qr_expired,mobile,0.25,anchored_random_rest,1.0,1.0,1.0,1.0
mobservice2_qr_expired_1625991677,mobservice2,qr_expired,mobile,0.25,anchored_random_rest,0.6799999999999999,0.0,1.0,1.0
mobservice2_qr_expired_1626027488,mobservice2,qr_expired,mobile,0.25,anchored_random_rest,0.8800000000000001,0.4,1.0,1.0
mobservice2_qr_expired_1626055588,mobservice2,qr_expired,mobile,0.25,anchored_random_rest,0.6,0.0,1.0,1.0
mobservice2_qr_expired_1626092428,mobservice2,qr_expired,mobile,0.25,anchored_random_rest,0.6,0.0,1.0,1.0
mobservice2_qr_expired_1626126195,mobservice2,qr_expired,mobile,0.25,anchored_random_rest,0.76,0.2,1.0,1.0
mobservice2_qr_expired_1626148468,mobservice2,qr_expired,mobile,0.25,anchored_random_rest,0.8800000000000001,0.4,1.0,1.0
mobservice2_qr_expired_1626179787,mobservice2,qr_expired,mobile,0.25,anchored_random_rest,0.8800000000000001,0.6,1.0,1.0
mobservice2_qr_expired_1626214192,mobservice2,qr_expired,mobile,0.25,anchored_random_rest,0.8400000000000001,0.2,1.0,1.0
mobservice2_qr_expired_1626250092,mobservice2,qr_expired,mobile,0.25,anchored_random_rest,0.6,0.0,1.0,1.0
mobservice2_qr_expired_1626285754,mobservice2,qr_expired,mobile,0.25,anchored_random_rest,0.6799999999999999,0.2,1.0,1.0
mobservice2_qr_expired_1626320898,mobservice2,qr_expired,mobile,0.25,anchored_random_rest,0.96,0.8,1.0,1.0
mobservice2_qr_expired_1626353097,mobservice2,qr_expired,mobile,0.25,anchored_random_rest,0.8400000000000001,0.2,1.0,1.0
mobservice2_qr_expired_1626386746,mobservice2,qr_expired,mobile,0.25,anchored_random_rest,0.9199999999999999,0.8,1.0,1.0
mobservice2_qr_expired_1626422509,mobservice2,qr_expired,mobile,0.25,anchored_random_rest,0.76,0.0,1.0,1.0
mobservice2_qr_expired_1626455756,mobservice2,qr_expired,mobile,0.25,anchored_random_rest,0.6799999999999999,0.0,1.0,1.0
mobservice2_qr_expired_1626488967,mobservice2,qr_expired,mobile,0.25,anchored_random_rest,0.96,0.8,1.0,1.0
mobservice2_qr_expired_1626516592,mobservice2,qr_expired,mobile,0.25,anchored_random_rest,0.9199999999999999,0.6,1.0,1.0
mobservice2_qr_expired_1626548205,mobservice2,qr_expired,mobile,0.25,anchored_random_rest,1.0,1.0,1.0,1.0
mobservice2_qr_expired_1626576971,mobservice2,qr_expired,mobile,0.25,anchored_random_rest,0.9199999999999999,0.6,1.0,1.0
mobservice2_qr_expired_1626607755,mobservice2,qr_expired,mobile,0.25,anchored_random_rest,1.0,1.0,1.0,1.0
mobservice2_qr_expired_1626636652,mobservice2,qr_expired,mobile,0.25,anchored_random_rest,0.6799999999999999,0.0,1.0,1.0
mobservice2_qr_expired_1626763751,mobservice2,qr_expired,mobile,0.25,anchored_random_rest,0.6799999999999999,0.0,1.0,1.0
mobservice2_qr_expired_1626790862,mobservice2,qr_expired,mobile,0.25,anchored_random_rest,0.6,0.0,1.0,1.0
mobservice2_qr_expired_1626826499,mobservice2,qr_expired,mobile,0.25,anchored_random_rest,0.72,0.2,1.0,1.0
mobservice2_qr_expired_1626855935,mobservice2,qr_expired,mobile,0.25,anchored_random_rest,0.8400000000000001,0.2,1.0,1.0
mobservice2_qr_expired_1626885208,mobservice2,qr_expired,mobile,0.25,anchored_random_rest,1.0,1.0,1.0,1.0
mobservice2_qr_expired_1626911607,mobservice2,qr_expired,mobile,0.25,anchored_random_rest,0.8,0.2,1.0,1.0
mobservice2_qr_expired_1626942742,mobservice2,qr_expired,mobile,0.25,anchored_random_rest,0.9199999999999999,0.6,1.0,1.0
mobservice2_qr_expired_1626974155,mobservice2,qr_expired,mobile,0.25,anchored_random_rest,0.76,0.4,1.0,1.0
mobservice2_qr_expired_1626999471,mobservice2,qr_expired,mobile,0.25,anchored_random_rest,0.8400000000000001,0.4,1.0,1.0
mobservice2_qr_expired_1627030453,mobservice2,qr_expired,mobile,0.25,anchored_random_rest,0.8800000000000001,0.4,1.0,1.0
mobservice2_qr_expired_1627056700,mobservice2,qr_expired,mobile,0.25,anchored_random_rest,0.76,0.2,1.0,1.0
mobservice2_qr_expired_1627085196,mobservice2,qr_expired,mobile,0.25,anchored_random_rest,0.96,0.8,1.0,1.0
mobservice2_qr_expired_1627113655,mobservice2,qr_expired,mobile,0.25,anchored_random_rest,0.8800000000000001,0.4,1.0,1.0
mobservice2_qr_expired_1627141574,mobservice2,qr_expired,mobile,0.25,anchored_random_rest,0.8800000000000001,0.6,1.0,1.0
mobservice2_qr_expired_1627170090,mobservice2,qr_expired,mobile,0.25,anchored_random_rest,0.72,0.0,1.0,1.0
mobservice2_qr_expired_1627194645,mobservice2,qr_expired,mobile,0.25,anchored_random_rest,0.8,0.2,1.0,1.0
mobservice2_qr_expired_1627220128,mobservice2,qr_expired,mobile,0.25,anchored_random_rest,0.9199999999999999,0.6,1.0,1.0
mobservice2_qr_expired_1627249800,mobservice2,qr_expired,mobile,0.25,anchored_random_rest,1.0,1.0,1.0,1.0
mobservice2_qr_expired_1627279670,mobservice2,qr_expired,mobile,0.25,anchored_random_rest,0.6799999999999999,0.0,1.0,1.0
mobservice2_qr_expired_1627308362,mobservice2,qr_expired,mobile,0.25,anchored_random_rest,0.9199999999999999,0.6,1.0,1.0
mobservice2_qr_expired_1627337234,mobservice2,qr_expired,mobile,0.25,anchored_random_rest,0.6,0.0,1.0,1.0
mobservice2_qr_expired_1627363820,mobservice2,qr_expired,mobile,0.25,anchored_random_rest,0.6799999999999999,0.0,1.0,1.0
mobservice2_qr_expired_1627389398,mobservice2,qr_expired,mobile,0.25,anchored_random_rest,0.8400000000000001,0.2,1.0,1.0
mobservice2_qr_expired_1627418217,mobservice2,qr_expired,mobile,0.25,anchored_random_rest,0.72,0.0,1.0,1.0
mobservice2_qr_expired_1627450448,mobservice2,qr_expired,mobile,0.25,anchored_random_rest,1.0,1.0,1.0,1.0
mobservice2_qr_expired_1627475638,mobservice2,qr_expired,mobile,0.25,anchored_random_rest,0.9199999999999999,0.6,1.0,1.0
mobservice2_qr_expired_1627503713,mobservice2,qr_expired,mobile,0.25,anchored_random_rest,0.8,0.2,1.0,1.0
mobservice2_qr_expired_1627532257,mobservice2,qr_expired,mobile,0.25,anchored_random_rest,1.0,1.0,1.0,1.0
mobservice2_qr_expired_1627561033,mobservice2,qr_expired,mobile,0.25,anchored_random_rest,1.0,1.0,1.0,1.0
mobservice2_qr_expired_1627590661,mobservice2,qr_expired,mobile,0.25,anchored_random_rest,0.8400000000000001,0.2,1.0,1.0
mobservice2_qr_expired_1627615107,mobservice2,qr_expired,mobile,0.25,anchored_random_rest,1.0,1.0,1.0,1.0
mobservice2_qr_expired_1627645682,mobservice2,qr_expired,mobile,0.25,anchored_random_rest,1.0,1.0,1.0,1.0
mobservice2_qr_expired_1627671327,mobservice2,qr_expired,mobile,0.25,anchored_random_rest,0.8,0.2,1.0,1.0
mobservice2_qr_expired_1627694165,mobservice2,qr_expired,mobile,0.25,anchored_random_rest,0.72,0.0,1.0,1.0
mobservice2_qr_expired_1627721066,mobservice2,qr_expired,mobile,0.25,anchored_random_rest,0.72,0.0,1.0,1.0
mobservice2_qr_expired_1627741589,mobservice2,qr_expired,mobile,0.25,anchored_random_rest,0.6,0.0,1.0,1.0
redisservice1_errno111_1626751802,redisservice1,errno111,cache,0.25,anchored_random_rest,0.72,0.2,1.0,1.0
redisservice1_errno111_1626752423,redisservice1,errno111,cache,0.25,anchored_random_rest,0.76,0.4,1.0,1.0
redisservice1_memory_1625145523,redisservice1,memory,cache,0.25,anchored_random_rest,0.8400000000000001,0.4,1.0,1.0
redisservice1_memory_1625157279,redisservice1,memory,cache,0.25,anchored_random_rest,0.8800000000000001,0.4,1.0,1.0
redisservice1_memory_1625174903,redisservice1,memory,cache,0.25,anchored_random_rest,0.76,0.2,1.0,1.0
redisservice1_memory_1625272609,redisservice1,memory,cache,0.25,anchored_random_rest,0.64,0.0,1.0,1.0
redisservice1_memory_1625332594,redisservice1,memory,cache,0.25,anchored_random_rest,0.8400000000000001,0.4,1.0,1.0
redisservice1_memory_1625420467,redisservice1,memory,cache,0.25,anchored_random_rest,0.72,0.0,1.0,1.0
redisservice1_memory_1625453062,redisservice1,memory,cache,0.25,anchored_random_rest,0.8400000000000001,0.6,1.0,1.0
redisservice1_memory_1625473678,redisservice1,memory,cache,0.25,anchored_random_rest,0.8,0.0,1.0,1.0
redisservice1_memory_1625508996,redisservice1,memory,cache,0.25,anchored_random_rest,0.8400000000000001,0.4,1.0,1.0
redisservice1_memory_1625609699,redisservice1,memory,cache,0.25,anchored_random_rest,0.8400000000000001,0.6,1.0,1.0
redisservice1_memory_1625631347,redisservice1,memory,cache,0.25,anchored_random_rest,0.96,0.8,1.0,1.0
redisservice1_memory_1625699447,redisservice1,memory,cache,0.25,anchored_random_rest,0.64,0.0,1.0,1.0
redisservice1_memory_1625816205,redisservice1,memory,cache,0.25,anchored_random_rest,0.8,0.2,1.0,1.0
redisservice1_memory_1625882934,redisservice1,memory,cache,0.25,anchored_random_rest,0.9199999999999999,0.6,1.0,1.0
redisservice1_memory_1625942635,redisservice1,memory,cache,0.25,anchored_random_rest,0.9199999999999999,0.8,1.0,1.0
redisservice1_memory_1626014952,redisservice1,memory,cache,0.25,anchored_random_rest,0.8400000000000001,0.4,1.0,1.0
redisservice1_memory_1626130579,redisservice1,memory,cache,0.25,anchored_random_rest,0.8400000000000001,0.4,1.0,1.0
redisservice1_memory_1626172859,redisservice1,memory,cache,0.25,anchored_random_rest,0.8,0.4,1.0,1.0
redisservice1_memory_1626177452,redisservice1,memory,cache,0.25,anchored_random_rest,0.72,0.2,1.0,1.0
redisservice1_memory_1626185810,redisservice1,memory,cache,0.25,anchored_random_rest,0.76,0.2,1.0,1.0
redisservice1_memory_1626275221,redisservice1,memory,cache,0.25,anchored_random_rest,0.76,0.4,1.0,1.0
redisservice1_memory_1626278567,redisservice1,memory,cache,0.25,anchored_random_rest,0.8,0.2,1.0,1.0
redisservice1_memory_1626337048,redisservice1,memory,cache,0.25,anchored_random_rest,0.96,0.8,1.0,1.0
redisservice1_memory_1626374212,redisservice1,memory,cache,0.25,anchored_random_rest,0.8400000000000001,0.6,1.0,1.0
redisservice1_memory_1626444115,redisservice1,memory,cache,0.25,anchored_random_rest,0.8,0.4,1.0,1.0
redisservice1_memory_1626517230,redisservice1,memory,cache,0.25,anchored_random_rest,0.8400000000000001,0.4,1.0,1.0
redisservice1_memory_1626520325,redisservice1,memory,cache,0.25,anchored_random_rest,0.76,0.2,1.0,1.0
redisservice1_memory_1626552122,redisservice1,memory,cache,0.25,anchored_random_rest,0.6799999999999999,0.0,1.0,1.0
redisservice1_memory_1626758417,redisservice1,memory,cache,0.25,anchored_random_rest,0.8,0.4,1.0,1.0
redisservice1_memory_1626851723,redisservice1,memory,cache,0.25,anchored_random_rest,0.76,0.2,1.0,1.0
redisservice1_memory_1626864205,redisservice1,memory,cache,0.25,anchored_random_rest,0.72,0.2,1.0,1.0
redisservice1_memory_1626871199,redisservice1,memory,cache,0.25,anchored_random_rest,0.8800000000000001,0.6,1.0,1.0
redisservice1_memory_1626943678,redisservice1,memory,cache,0.25,anchored_random_rest,0.9199999999999999,0.6,1.0,1.0
redisservice1_memory_1626975786,redisservice1,memory,cache,0.25,anchored_random_rest,0.8800000000000001,0.6,1.0,1.0
redisservice1_memory_1626979689,redisservice1,memory,cache,0.25,anchored_random_rest,0.96,0.8,1.0,1.0
redisservice1_memory_1627002068,redisservice1,memory,cache,0.25,anchored_random_rest,0.9199999999999999,0.6,1.0,1.0
redisservice1_memory_1627081010,redisservice1,memory,cache,0.25,anchored_random_rest,0.6799999999999999,0.0,1.0,1.0
redisservice1_memory_1627111126,redisservice1,memory,cache,0.25,anchored_random_rest,0.9199999999999999,0.6,1.0,1.0
redisservice1_memory_1627213476,redisservice1,memory,cache,0.25,anchored_random_rest,0.64,0.0,1.0,1.0
redisservice1_memory_1627219738,redisservice1,memory,cache,0.25,anchored_random_rest,0.6799999999999999,0.0,1.0,1.0
redisservice1_memory_1627303947,redisservice1,memory,cache,0.25,anchored_random_rest,0.9199999999999999,0.6,1.0,1.0
redisservice1_memory_1627332332,redisservice1,memory,cache,0.25,anchored_random_rest,0.76,0.2,1.0,1.0
redisservice1_memory_1627362134,redisservice1,memory,cache,0.25,anchored_random_rest,0.8400000000000001,0.4,1.0,1.0
redisservice1_memory_1627367085,redisservice1,memory,cache,0.25,anchored_random_rest,0.8800000000000001,0.6,1.0,1.0
redisservice1_memory_1627381864,redisservice1,memory,cache,0.25,anchored_random_rest,0.96,0.8,1.0,1.0
redisservice1_memory_1627436567,redisservice1,memory,cache,0.25,anchored_random_rest,0.76,0.2,1.0,1.0
redisservice1_memory_1627512202,redisservice1,memory,cache,0.25,anchored_random_rest,0.76,0.2,1.0,1.0
redisservice1_memory_1627531834,redisservice1,memory,cache,0.25,anchored_random_rest,0.76,0.2,1.0,1.0
redisservice1_memory_1627574700,redisservice1,memory,cache,0.25,anchored_random_rest,0.6799999999999999,0.0,1.0,1.0
redisservice1_memory_1627588078,redisservice1,memory,cache,0.25,anchored_random_rest,0.76,0.2,1.0,1.0
redisservice1_memory_1627657138,redisservice1,memory,cache,0.25,anchored_random_rest,0.72,0.2,1.0,1.0
redisservice1_memory_1627670203,redisservice1,memory,cache,0.25,anchored_random_rest,0.9199999999999999,0.6,1.0,1.0
redisservice1_memory_1627713030,redisservice1,memory,cache,0.25,anchored_random_rest,0.9199999999999999,0.6,1.0,1.0
redisservice1_memory_1627749155,redisservice1,memory,cache,0.25,anchored_random_rest,0.8,0.4,1.0,1.0
redisservice1_memory_1627760867,redisservice1,memory,cache,0.25,anchored_random_rest,0.8,0.4,1.0,1.0
redisservice2_errno111_1626751801,redisservice2,errno111,cache,0.25,anchored_random_rest,0.8400000000000001,0.4,1.0,1.0
redisservice2_errno111_1626752427,redisservice2,errno111,cache,0.25,anchored_random_rest,0.8800000000000001,0.6,1.0,1.0
redisservice2_memory_1625155035,redisservice2,memory,cache,0.25,anchored_random_rest,0.8,0.2,1.0,1.0
redisservice2_memory_1625165701,redisservice2,memory,cache,0.25,anchored_random_rest,0.8400000000000001,0.4,1.0,1.0
redisservice2_memory_1625175011,redisservice2,memory,cache,0.25,anchored_random_rest,0.76,0.0,1.0,1.0
redisservice2_memory_1625179202,redisservice2,memory,cache,0.25,anchored_random_rest,0.8,0.4,1.0,1.0
redisservice2_memory_1625250114,redisservice2,memory,cache,0.25,anchored_random_rest,0.8400000000000001,0.2,1.0,1.0
redisservice2_memory_1625264600,redisservice2,memory,cache,0.25,anchored_random_rest,0.8,0.2,1.0,1.0
redisservice2_memory_1625320792,redisservice2,memory,cache,0.25,anchored_random_rest,0.6799999999999999,0.0,1.0,1.0
redisservice2_memory_1625324488,redisservice2,memory,cache,0.25,anchored_random_rest,0.6,0.0,1.0,1.0
redisservice2_memory_1625493529,redisservice2,memory,cache,0.25,anchored_random_rest,0.8800000000000001,0.4,1.0,1.0
redisservice2_memory_1625512043,redisservice2,memory,cache,0.25,anchored_random_rest,0.96,0.8,1.0,1.0
redisservice2_memory_1625620800,redisservice2,memory,cache,0.25,anchored_random_rest,0.6799999999999999,0.0,1.0,1.0
redisservice2_memory_1625692590,redisservice2,memory,cache,0.25,anchored_random_rest,0.72,0.0,1.0,1.0
redisservice2_memory_1625733844,redisservice2,memory,cache,0.25,anchored_random_rest,0.76,0.0,1.0,1.0
redisservice2_memory_1625752669,redisservice2,memory,cache,0.25,anchored_random_rest,0.6799999999999999,0.0,1.0,1.0
redisservice2_memory_1625768486,redisservice2,memory,cache,0.25,anchored_random_rest,0.8400000000000001,0.4,1.0,1.0
redisservice2_memory_1625790000,redisservice2,memory,cache,0.25,anchored_random_rest,0.8,0.2,1.0,1.0
redisservice2_memory_1625819320,redisservice2,memory,cache,0.25,anchored_random_rest,1.0,1.0,1.0,1.0
redisservice2_memory_1625845367,redisservice2,memory,cache,0.25,anchored_random_rest,0.76,0.4,1.0,1.0
redisservice2_memory_1625874853,redisservice2,memory,cache,0.25,anchored_random_rest,0.8,0.4,1.0,1.0
redisservice2_memory_1625882839,redisservice2,memory,cache,0.25,anchored_random_rest,0.8400000000000001,0.6,1.0,1.0
redisservice2_memory_1625954379,redisservice2,memory,cache,0.25,anchored_random_rest,0.8400000000000001,0.4,1.0,1.0
redisservice2_memory_1625985172,redisservice2,memory,cache,0.25,anchored_random_rest,0.8,0.2,1.0,1.0
redisservice2_memory_1626048164,redisservice2,memory,cache,0.25,anchored_random_rest,0.8800000000000001,0.4,1.0,1.0
redisservice2_memory_1626074288,redisservice2,memory,cache,0.25,anchored_random_rest,0.72,0.0,1.0,1.0
redisservice2_memory_1626096553,redisservice2,memory,cache,0.25,anchored_random_rest,0.8,0.4,1.0,1.0
redisservice2_memory_1626127643,redisservice2,memory,cache,0.25,anchored_random_rest,0.8400000000000001,0.4,1.0,1.0
redisservice2_memory_1626131951,redisservice2,memory,cache,0.25,anchored_random_rest,0.8800000000000001,0.4,1.0,1.0
redisservice2_memory_1626178417,redisservice2,memory,cache,0.25,anchored_random_rest,0.8800000000000001,0.4,1.0,1.0
redisservice2_memory_1626247718,redisservice2,memory,cache,0.25,anchored_random_rest,0.76,0.2,1.0,1.0
redisservice2_memory_1626307296,redisservice2,memory,cache,0.25,anchored_random_rest,0.8400000000000001,0.4,1.0,1.0
redisservice2_memory_1626319731,redisservice2,memory,cache,0.25,anchored_random_rest,0.8400000000000001,0.6,1.0,1.0
redisservice2_memory_1626375654,redisservice2,memory,cache,0.25,anchored_random_rest,0.72,0.0,1.0,1.0
redisservice2_memory_1626410429,redisservice2,memory,cache,0.25,anchored_random_rest,0.8,0.4,1.0,1.0
redisservice2_memory_1626496139,redisservice2,memory,cache,0.25,anchored_random_rest,0.8,0.4,1.0,1.0
redisservice2_memory_1626741618,redisservice2,memory,cache,0.25,anchored_random_rest,0.8400000000000001,0.6,1.0,1.0
redisservice2_memory_1626765949,redisservice2,memory,cache,0.25,anchored_random_rest,0.8800000000000001,0.6,1.0,1.0
redisservice2_memory_1626783759,redisservice2,memory,cache,0.25,anchored_random_rest,0.8,0.2,1.0,1.0
redisservice2_memory_1626847510,redisservice2,memory,cache,0.25,anchored_random_rest,0.8,0.4,1.0,1.0
redisservice2_memory_1626861594,redisservice2,memory,cache,0.25,anchored_random_rest,0.8400000000000001,0.4,1.0,1.0
redisservice2_memory_1626934034,redisservice2,memory,cache,0.25,anchored_random_rest,0.6799999999999999,0.0,1.0,1.0
redisservice2_memory_1627016217,redisservice2,memory,cache,0.25,anchored_random_rest,0.8800000000000001,0.4,1.0,1.0
redisservice2_memory_1627022600,redisservice2,memory,cache,0.25,anchored_random_rest,0.72,0.0,1.0,1.0
redisservice2_memory_1627063787,redisservice2,memory,cache,0.25,anchored_random_rest,0.9199999999999999,0.6,1.0,1.0
redisservice2_memory_1627072253,redisservice2,memory,cache,0.25,anchored_random_rest,0.6799999999999999,0.0,1.0,1.0
redisservice2_memory_1627115108,redisservice2,memory,cache,0.25,anchored_random_rest,0.8800000000000001,0.6,1.0,1.0
redisservice2_memory_1627140541,redisservice2,memory,cache,0.25,anchored_random_rest,0.6,0.0,1.0,1.0
redisservice2_memory_1627269946,redisservice2,memory,cache,0.25,anchored_random_rest,0.8800000000000001,0.4,1.0,1.0
redisservice2_memory_1627293263,redisservice2,memory,cache,0.25,anchored_random_rest,0.76,0.2,1.0,1.0
redisservice2_memory_1627386167,redisservice2,memory,cache,0.25,anchored_random_rest,0.76,0.2,1.0,1.0
redisservice2_memory_1627409250,redisservice2,memory,cache,0.25,anchored_random_rest,0.8800000000000001,0.6,1.0,1.0
redisservice2_memory_1627454973,redisservice2,memory,cache,0.25,anchored_random_rest,0.8400000000000001,0.6,1.0,1.0
redisservice2_memory_1627585056,redisservice2,memory,cache,0.25,anchored_random_rest,0.8,0.2,1.0,1.0
redisservice2_memory_1627613855,redisservice2,memory,cache,0.25,anchored_random_rest,0.8,0.2,1.0,1.0
redisservice2_memory_1627629714,redisservice2,memory,cache,0.25,anchored_random_rest,0.9199999999999999,0.8,1.0,1.0
redisservice2_memory_1627738678,redisservice2,memory,cache,0.25,anchored_random_rest,0.6799999999999999,0.0,1.0,1.0
redisservice2_memory_1627745580,redisservice2,memory,cache,0.25,anchored_random_rest,0.72,0.0,1.0,1.0
redisservice2_memory_1627748697,redisservice2,memory,cache,0.25,anchored_random_rest,0.76,0.2,1.0,1.0
webservice1_cpu_1627724616,webservice1,cpu,web,0.25,anchored_random_rest,0.8400000000000001,0.6,1.0,1.0
webservice1_errno111_1626750601,webservice1,errno111,web,0.25,anchored_random_rest,0.6799999999999999,0.0,1.0,1.0
webservice1_errno111_1626750732,webservice1,errno111,web,0.25,anchored_random_rest,0.6799999999999999,0.0,1.0,1.0
webservice1_file_move_1625256600,webservice1,file_move,web,0.25,anchored_random_rest,1.0,1.0,1.0,1.0
webservice1_file_move_1625371800,webservice1,file_move,web,0.25,anchored_random_rest,1.0,1.0,1.0,1.0
webservice1_file_move_1625400601,webservice1,file_move,web,0.25,anchored_random_rest,0.8400000000000001,0.4,1.0,1.0
webservice1_file_move_1625631001,webservice1,file_move,web,0.25,anchored_random_rest,1.0,1.0,1.0,1.0
webservice1_file_move_1625706600,webservice1,file_move,web,0.25,anchored_random_rest,0.76,0.2,1.0,1.0
webservice1_file_move_1625775000,webservice1,file_move,web,0.25,anchored_random_rest,0.8,0.4,1.0,1.0
webservice1_file_move_1625890201,webservice1,file_move,web,0.25,anchored_random_rest,0.76,0.2,1.0,1.0
webservice1_file_move_1625933400,webservice1,file_move,web,0.25,anchored_random_rest,0.76,0.4,1.0,1.0
webservice1_file_move_1626149400,webservice1,file_move,web,0.25,anchored_random_rest,0.8800000000000001,0.4,1.0,1.0
webservice1_file_move_1626264600,webservice1,file_move,web,0.25,anchored_random_rest,0.8400000000000001,0.4,1.0,1.0
webservice1_file_move_1626351000,webservice1,file_move,web,0.25,anchored_random_rest,0.8400000000000001,0.4,1.0,1.0
webservice1_file_move_1626509400,webservice1,file_move,web,0.25,anchored_random_rest,0.8400000000000001,0.4,1.0,1.0
webservice1_file_move_1626797400,webservice1,file_move,web,0.25,anchored_random_rest,0.76,0.2,1.0,1.0
webservice1_file_move_1626840600,webservice1,file_move,web,0.25,anchored_random_rest,0.8,0.4,1.0,1.0
webservice1_file_move_1626916200,webservice1,file_move,web,0.25,anchored_random_rest,0.8800000000000001,0.4,1.0,1.0
webservice1_file_move_1627114200,webservice1,file_move,web,0.25,anchored_random_rest,0.8800000000000001,0.4,1.0,1.0
webservice1_file_move_1627503000,webservice1,file_move,web,0.25,anchored_random_rest,0.8800000000000001,0.6,1.0,1.0
webservice1_file_move_1627521000,webservice1,file_move,web,0.25,anchored_random_rest,0.9199999999999999,0.6,1.0,1.0
webservice1_file_move_1627531800,webservice1,file_move,web,0.25,anchored_random_rest,0.9199999999999999,0.8,1.0,1.0
webservice1_file_move_1627607400,webservice1,file_move,web,0.25,anchored_random_rest,0.8400000000000001,0.6,1.0,1.0
webservice1_file_move_1627632600,webservice1,file_move,web,0.25,anchored_random_rest,0.8400000000000001,0.4,1.0,1.0
webservice1_file_move_1627661400,webservice1,file_move,web,0.25,anchored_random_rest,0.8400000000000001,0.2,1.0,1.0
webservice1_memory_1625222072,webservice1,memory,web,0.25,anchored_random_rest,0.64,0.0,1.0,1.0
webservice1_memory_1625373179,webservice1,memory,web,0.25,anchored_random_rest,0.9199999999999999,0.6,1.0,1.0
webservice1_memory_1625380916,webservice1,memory,web,0.25,anchored_random_rest,0.76,0.2,1.0,1.0
webservice1_memory_1625415630,webservice1,memory,web,0.25,anchored_random_rest,0.64,0.0,1.0,1.0
webservice1_memory_1625506658,webservice1,memory,web,0.25,anchored_random_rest,0.6799999999999999,0.2,1.0,1.0
webservice1_memory_1625522955,webservice1,memory,web,0.25,anchored_random_rest,0.8,0.4,1.0,1.0
webservice1_memory_1625546136,webservice1,memory,web,0.25,anchored_random_rest,0.64,0.0,1.0,1.0
webservice1_memory_1625607930,webservice1,memory,web,0.25,anchored_random_rest,0.72,0.0,1.0,1.0
webservice1_memory_1625662559,webservice1,memory,web,0.25,anchored_random_rest,0.72,0.2,1.0,1.0
webservice1_memory_1625715729,webservice1,memory,web,0.25,anchored_random_rest,0.96,0.8,1.0,1.0
webservice1_memory_1625744233,webservice1,memory,web,0.25,anchored_random_rest,0.8,0.2,1.0,1.0
webservice1_memory_1625777703,webservice1,memory,web,0.25,anchored_random_rest,0.8,0.4,1.0,1.0
webservice1_memory_1625820924,webservice1,memory,web,0.25,anchored_random_rest,0.8,0.2,1.0,1.0
webservice1_memory_1625860918,webservice1,memory,web,0.25,anchored_random_rest,0.64,0.0,1.0,1.0
webservice1_memory_1625881257,webservice1,memory,web,0.25,anchored_random_rest,0.76,0.4,1.0,1.0
webservice1_memory_1625903663,webservice1,memory,web,0.25,anchored_random_rest,0.6799999999999999,0.0,1.0,1.0
webservice1_memory_1625957279,webservice1,memory,web,0.25,anchored_random_rest,0.72,0.2,1.0,1.0
webservice1_memory_1625991808,webservice1,memory,web,0.25,anchored_random_rest,0.6799999999999999,0.2,1.0,1.0
webservice1_memory_1626079674,webservice1,memory,web,0.25,anchored_random_rest,0.8800000000000001,0.6,1.0,1.0
webservice1_memory_1626111467,webservice1,memory,web,0.25,anchored_random_rest,0.8,0.4,1.0,1.0
webservice1_memory_1626198054,webservice1,memory,web,0.25,anchored_random_rest,0.76,0.2,1.0,1.0
webservice1_memory_1626236265,webservice1,memory,web,0.25,anchored_random_rest,0.72,0.0,1.0,1.0
webservice1_memory_1626258904,webservice1,memory,web,0.25,anchored_random_rest,0.64,0.0,1.0,1.0
webservice1_memory_1626322165,webservice1,memory,web,0.25,anchored_random_rest,0.8,0.4,1.0,1.0
webservice1_memory_1626371978,webservice1,memory,web,0.25,anchored_random_rest,0.8,0.2,1.0,1.0
webservice1_memory_1626406508,webservice1,memory,web,0.25,anchored_random_rest,0.64,0.0,1.0,1.0
webservice1_memory_1626434165,webservice1,memory,web,0.25,anchored_random_rest,0.72,0.0,1.0,1.0
webservice1_memory_1626498601,webservice1,memory,web,0.25,anchored_random_rest,0.72,0.0,1.0,1.0
webservice1_memory_1626548045,webservice1,memory,web,0.25,anchored_random_rest,0.76,0.2,1.0,1.0
webservice1_memory_1626605103,webservice1,memory,web,0.25,anchored_random_rest,0.8400000000000001,0.4,1.0,1.0
webservice1_memory_1626759297,webservice1,memory,web,0.25,anchored_random_rest,0.8,0.4,1.0,1.0
webservice1_memory_1626806854,webservice1,memory,web,0.25,anchored_random_rest,0.8800000000000001,0.4,1.0,1.0
webservice1_memory_1626829989,webservice1,memory,web,0.25,anchored_random_rest,0.76,0.2,1.0,1.0
webservice1_memory_1626881411,webservice1,memory,web,0.25,anchored_random_rest,0.64,0.0,1.0,1.0
webservice1_memory_1626888666,webservice1,memory,web,0.25,anchored_random_rest,0.8800000000000001,0.6,1.0,1.0
webservice1_memory_1626917861,webservice1,memory,web,0.25,anchored_random_rest,0.76,0.2,1.0,1.0
webservice1_memory_1626933556,webservice1,memory,web,0.25,anchored_random_rest,0.72,0.2,1.0,1.0
webservice1_memory_1626956223,webservice1,memory,web,0.25,anchored_random_rest,0.64,0.0,1.0,1.0
webservice1_memory_1626992148,webservice1,memory,web,0.25,anchored_random_rest,0.76,0.4,1.0,1.0
webservice1_memory_1627046678,webservice1,memory,web,0.25,anchored_random_rest,0.72,0.0,1.0,1.0
webservice1_memory_1627057566,webservice1,memory,web,0.25,anchored_random_rest,0.9199999999999999,0.8,1.0,1.0
webservice1_memory_1627079078,webservice1,memory,web,0.25,anchored_random_rest,0.72,0.0,1.0,1.0
webservice1_memory_1627100569,webservice1,memory,web,0.25,anchored_random_rest,0.6799999999999999,0.0,1.0,1.0
webservice1_memory_1627122542,webservice1,memory,web,0.25,anchored_random_rest,0.76,0.2,1.0,1.0
webservice1_memory_1627157039,webservice1,memory,web,0.25,anchored_random_rest,0.9199999999999999,0.6,1.0,1.0
webservice1_memory_1627174739,webservice1,memory,web,0.25,anchored_random_rest,0.64,0.0,1.0,1.0
webservice1_memory_1627194266,webservice1,memory,web,0.25,anchored_random_rest,0.72,0.0,1.0,1.0
webservice1_memory_1627218977,webservice1,memory,web,0.25,anchored_random_rest,0.8,0.4,1.0,1.0
webservice1_memory_1627316277,webservice1,memory,web,0.25,anchored_random_rest,0.8400000000000001,0.4,1.0,1.0
webservice1_memory_1627330168,webservice1,memory,web,0.25,anchored_random_rest,0.72,0.2,1.0,1.0
webservice1_memory_1627342282,webservice1,memory,web,0.25,anchored_random_rest,0.8,0.2,1.0,1.0
webservice1_memory_1627361744,webservice1,memory,web,0.25,anchored_random_rest,0.76,0.2,1.0,1.0
webservice1_memory_1627381040,webservice1,memory,web,0.25,anchored_random_rest,0.72,0.0,1.0,1.0
webservice1_memory_1627399949,webservice1,memory,web,0.25,anchored_random_rest,0.76,0.0,1.0,1.0
webservice1_memory_1627427700,webservice1,memory,web,0.25,anchored_random_rest,0.76,0.2,1.0,1.0
webservice1_memory_1627539698,webservice1,memory,web,0.25,anchored_random_rest,0.8400000000000001,0.4,1.0,1.0
webservice1_memory_1627672100,webservice1,memory,web,0.25,anchored_random_rest,0.64,0.0,1.0,1.0
webservice1_memory_1627708025,webservice1,memory,web,0.25,anchored_random_rest,0.6799999999999999,0.0,1.0,1.0
webservice1_memory_1627724870,webservice1,memory,web,0.25,anchored_random_rest,0.76,0.2,1.0,1.0
webservice1_memory_1627750701,webservice1,memory,web,0.25,anchored_random_rest,0.96,0.8,1.0,1.0
webservice2_cpu_1627270294,webservice2,cpu,web,0.25,anchored_random_rest,0.8400000000000001,0.4,1.0,1.0
webservice2_errno111_1626750601,webservice2,errno111,web,0.25,anchored_random_rest,0.6799999999999999,0.2,1.0,1.0
webservice2_errno111_1626750706,webservice2,errno111,web,0.25,anchored_random_rest,0.76,0.2,1.0,1.0
webservice2_file_move_1625361000,webservice2,file_move,web,0.25,anchored_random_rest,0.72,0.0,1.0,1.0
webservice2_file_move_1625386200,webservice2,file_move,web,0.25,anchored_random_rest,0.96,0.8,1.0,1.0
webservice2_file_move_1625501400,webservice2,file_move,web,0.25,anchored_random_rest,0.72,0.2,1.0,1.0
webservice2_file_move_1625559000,webservice2,file_move,web,0.25,anchored_random_rest,0.64,0.0,1.0,1.0
webservice2_file_move_1625587800,webservice2,file_move,web,0.25,anchored_random_rest,0.8,0.4,1.0,1.0
webservice2_file_move_1625793000,webservice2,file_move,web,0.25,anchored_random_rest,0.96,0.8,1.0,1.0
webservice2_file_move_1626163800,webservice2,file_move,web,0.25,anchored_random_rest,0.8,0.4,1.0,1.0
webservice2_file_move_1626264600,webservice2,file_move,web,0.25,anchored_random_rest,0.8400000000000001,0.4,1.0,1.0
webservice2_file_move_1626869400,webservice2,file_move,web,0.25,anchored_random_rest,0.8800000000000001,0.6,1.0,1.0
webservice2_file_move_1626883800,webservice2,file_move,web,0.25,anchored_random_rest,0.76,0.4,1.0,1.0
webservice2_file_move_1626927000,webservice2,file_move,web,0.25,anchored_random_rest,0.8400000000000001,0.6,1.0,1.0
webservice2_file_move_1626955800,webservice2,file_move,web,0.25,anchored_random_rest,0.8800000000000001,0.6,1.0,1.0
webservice2_file_move_1627071001,webservice2,file_move,web,0.25,anchored_random_rest,0.9199999999999999,0.8,1.0,1.0
webservice2_file_move_1627089000,webservice2,file_move,web,0.25,anchored_random_rest,0.96,0.8,1.0,1.0
webservice2_file_move_1627215000,webservice2,file_move,web,0.25,anchored_random_rest,0.76,0.0,1.0,1.0
webservice2_file_move_1627488601,webservice2,file_move,web,0.25,anchored_random_rest,0.9199999999999999,0.6,1.0,1.0
webservice2_file_move_1627503000,webservice2,file_move,web,0.25,anchored_random_rest,0.8800000000000001,0.6,1.0,1.0
webservice2_file_move_1627575000,webservice2,file_move,web,0.25,anchored_random_rest,0.76,0.2,1.0,1.0
webservice2_file_move_1627607400,webservice2,file_move,web,0.25,anchored_random_rest,0.96,0.8,1.0,1.0
webservice2_file_move_1627632600,webservice2,file_move,web,0.25,anchored_random_rest,0.9199999999999999,0.8,1.0,1.0
webservice2_file_move_1627704600,webservice2,file_move,web,0.25,anchored_random_rest,0.8400000000000001,0.4,1.0,1.0
webservice2_memory_1625138212,webservice2,memory,web,0.25,anchored_random_rest,0.72,0.2,1.0,1.0
webservice2_memory_1625154530,webservice2,memory,web,0.25,anchored_random_rest,0.76,0.4,1.0,1.0
webservice2_memory_1625212312,webservice2,memory,web,0.25,anchored_random_rest,0.64,0.0,1.0,1.0
webservice2_memory_1625325487,webservice2,memory,web,0.25,anchored_random_rest,0.72,0.0,1.0,1.0
webservice2_memory_1625367620,webservice2,memory,web,0.25,anchored_random_rest,0.72,0.0,1.0,1.0
webservice2_memory_1625381030,webservice2,memory,web,0.25,anchored_random_rest,0.8400000000000001,0.4,1.0,1.0
webservice2_memory_1625418006,webservice2,memory,web,0.25,anchored_random_rest,0.9199999999999999,0.6,1.0,1.0
webservice2_memory_1625424557,webservice2,memory,web,0.25,anchored_random_rest,0.8800000000000001,0.4,1.0,1.0
webservice2_memory_1625614232,webservice2,memory,web,0.25,anchored_random_rest,0.76,0.0,1.0,1.0
webservice2_memory_1625649699,webservice2,memory,web,0.25,anchored_random_rest,0.8400000000000001,0.4,1.0,1.0
webservice2_memory_1625734162,webservice2,memory,web,0.25,anchored_random_rest,0.8,0.2,1.0,1.0
webservice2_memory_1625744497,webservice2,memory,web,0.25,anchored_random_rest,0.76,0.4,1.0,1.0
webservice2_memory_1625747511,webservice2,memory,web,0.25,anchored_random_rest,0.72,0.0,1.0,1.0
webservice2_memory_1625777099,webservice2,memory,web,0.25,anchored_random_rest,0.9199999999999999,0.8,1.0,1.0
webservice2_memory_1625806048,webservice2,memory,web,0.25,anchored_random_rest,0.9199999999999999,0.6,1.0,1.0
webservice2_memory_1625856842,webservice2,memory,web,0.25,anchored_random_rest,0.8400000000000001,0.4,1.0,1.0
webservice2_memory_1625890558,webservice2,memory,web,0.25,anchored_random_rest,0.72,0.0,1.0,1.0
webservice2_memory_1625896703,webservice2,memory,web,0.25,anchored_random_rest,0.9199999999999999,0.6,1.0,1.0
webservice2_memory_1626003242,webservice2,memory,web,0.25,anchored_random_rest,0.76,0.2,1.0,1.0
webservice2_memory_1626007446,webservice2,memory,web,0.25,anchored_random_rest,0.72,0.2,1.0,1.0
webservice2_memory_1626018521,webservice2,memory,web,0.25,anchored_random_rest,0.76,0.2,1.0,1.0
webservice2_memory_1626030740,webservice2,memory,web,0.25,anchored_random_rest,0.9199999999999999,0.6,1.0,1.0
webservice2_memory_1626052978,webservice2,memory,web,0.25,anchored_random_rest,0.76,0.2,1.0,1.0
webservice2_memory_1626097343,webservice2,memory,web,0.25,anchored_random_rest,0.8400000000000001,0.4,1.0,1.0
webservice2_memory_1626104516,webservice2,memory,web,0.25,anchored_random_rest,0.72,0.0,1.0,1.0
webservice2_memory_1626204647,webservice2,memory,web,0.25,anchored_random_rest,0.72,0.2,1.0,1.0
webservice2_memory_1626267308,webservice2,memory,web,0.25,anchored_random_rest,0.64,0.0,1.0,1.0
webservice2_memory_1626284568,webservice2,memory,web,0.25,anchored_random_rest,0.6799999999999999,0.2,1.0,1.0
webservice2_memory_1626288105,webservice2,memory,web,0.25,anchored_random_rest,0.64,0.0,1.0,1.0
webservice2_memory_1626314797,webservice2,memory,web,0.25,anchored_random_rest,0.6799999999999999,0.0,1.0,1.0
webservice2_memory_1626374035,webservice2,memory,web,0.25,anchored_random_rest,0.72,0.2,1.0,1.0
webservice2_memory_1626417018,webservice2,memory,web,0.25,anchored_random_rest,0.64,0.0,1.0,1.0
webservice2_memory_1626427252,webservice2,memory,web,0.25,anchored_random_rest,0.8,0.2,1.0,1.0
webservice2_memory_1626506288,webservice2,memory,web,0.25,anchored_random_rest,0.72,0.0,1.0,1.0
webservice2_memory_1626525063,webservice2,memory,web,0.25,anchored_random_rest,0.72,0.2,1.0,1.0
webservice2_memory_1626589456,webservice2,memory,web,0.25,anchored_random_rest,0.8800000000000001,0.4,1.0,1.0
webservice2_memory_1626787776,webservice2,memory,web,0.25,anchored_random_rest,0.76,0.0,1.0,1.0
webservice2_memory_1626817432,webservice2,memory,web,0.25,anchored_random_rest,0.8400000000000001,0.6,1.0,1.0
webservice2_memory_1626850836,webservice2,memory,web,0.25,anchored_random_rest,0.8800000000000001,0.4,1.0,1.0
webservice2_memory_1626869243,webservice2,memory,web,0.25,anchored_random_rest,0.8800000000000001,0.4,1.0,1.0
webservice2_memory_1626905392,webservice2,memory,web,0.25,anchored_random_rest,0.8,0.2,1.0,1.0
webservice2_memory_1626939504,webservice2,memory,web,0.25,anchored_random_rest,0.8,0.4,1.0,1.0
webservice2_memory_1627032836,webservice2,memory,web,0.25,anchored_random_rest,0.6,0.0,1.0,1.0
webservice2_memory_1627085325,webservice2,memory,web,0.25,anchored_random_rest,0.72,0.2,1.0,1.0
webservice2_memory_1627091294,webservice2,memory,web,0.25,anchored_random_rest,0.6799999999999999,0.0,1.0,1.0
webservice2_memory_1627100690,webservice2,memory,web,0.25,anchored_random_rest,0.72,0.2,1.0,1.0
webservice2_memory_1627119052,webservice2,memory,web,0.25,anchored_random_rest,0.8400000000000001,0.4,1.0,1.0
webservice2_memory_1627196935,webservice2,memory,web,0.25,anchored_random_rest,0.72,0.0,1.0,1.0
webservice2_memory_1627217059,webservice2,memory,web,0.25,anchored_random_rest,0.72,0.2,1.0,1.0
webservice2_memory_1627286385,webservice2,memory,web,0.25,anchored_random_rest,0.8800000000000001,0.6,1.0,1.0
webservice2_memory_1627323573,webservice2,memory,web,0.25,anchored_random_rest,0.6799999999999999,0.0,1.0,1.0
webservice2_memory_1627354358,webservice2,memory,web,0.25,anchored_random_rest,0.8800000000000001,0.4,1.0,1.0
webservice2_memory_1627372277,webservice2,memory,web,0.25,anchored_random_rest,0.72,0.0,1.0,1.0
webservice2_memory_1627423928,webservice2,memory,web,0.25,anchored_random_rest,0.6799999999999999,0.0,1.0,1.0
webservice2_memory_1627432266,webservice2,memory,web,0.25,anchored_random_rest,0.9199999999999999,0.6,1.0,1.0
webservice2_memory_1627459375,webservice2,memory,web,0.25,anchored_random_rest,0.8400000000000001,0.4,1.0,1.0
webservice2_memory_1627485396,webservice2,memory,web,0.25,anchored_random_rest,0.76,0.2,1.0,1.0
webservice2_memory_1627546421,webservice2,memory,web,0.25,anchored_random_rest,0.8800000000000001,0.6,1.0,1.0
webservice2_memory_1627570264,webservice2,memory,web,0.25,anchored_random_rest,0.8,0.4,1.0,1.0
webservice2_memory_1627718583,webservice2,memory,web,0.25,anchored_random_rest,0.72,0.0,1.0,1.0
webservice2_memory_1627731038,webservice2,memory,web,0.25,anchored_random_rest,0.8400000000000001,0.4,1.0,1.0
webservice2_memory_1627742508,webservice2,memory,web,0.25,anchored_random_rest,0.72,0.2,1.0,1.0
webservice2_memory_1627752181,webservice2,memory,web,0.25,anchored_random_rest,0.8800000000000001,0.6,1.0,1.0
dbservice1_cpu_1627429585,dbservice1,cpu,database,0.25,full_reference,0.6,0.0,1.0,1.0
dbservice1_cpu_1627464819,dbservice1,cpu,database,0.25,full_reference,0.6,0.0,1.0,1.0
dbservice1_cpu_1627475651,dbservice1,cpu,database,0.25,full_reference,0.2,0.0,0.0,1.0
dbservice1_cpu_1627486293,dbservice1,cpu,database,0.25,full_reference,0.0,0.0,0.0,0.0
dbservice1_cpu_1627509699,dbservice1,cpu,database,0.25,full_reference,0.6,0.0,1.0,1.0
dbservice1_cpu_1627529324,dbservice1,cpu,database,0.25,full_reference,0.4,0.0,0.0,1.0
dbservice1_cpu_1627572876,dbservice1,cpu,database,0.25,full_reference,0.6,0.0,1.0,1.0
dbservice1_cpu_1627703827,dbservice1,cpu,database,0.25,full_reference,0.8,0.0,1.0,1.0
dbservice1_errno111_1626750606,dbservice1,errno111,database,0.25,full_reference,0.0,0.0,0.0,0.0
dbservice1_errno111_1626750701,dbservice1,errno111,database,0.25,full_reference,0.4,0.0,0.0,1.0
dbservice1_memory_1625140467,dbservice1,memory,database,0.25,full_reference,0.0,0.0,0.0,0.0
dbservice1_memory_1625178785,dbservice1,memory,database,0.25,full_reference,0.6,0.0,1.0,1.0
dbservice1_memory_1625188889,dbservice1,memory,database,0.25,full_reference,0.0,0.0,0.0,0.0
dbservice1_memory_1625231603,dbservice1,memory,database,0.25,full_reference,1.0,1.0,1.0,1.0
dbservice1_memory_1625243441,dbservice1,memory,database,0.25,full_reference,0.8,0.0,1.0,1.0
dbservice1_memory_1625384013,dbservice1,memory,database,0.25,full_reference,0.4,0.0,0.0,1.0
dbservice1_memory_1625411468,dbservice1,memory,database,0.25,full_reference,1.0,1.0,1.0,1.0
dbservice1_memory_1625418705,dbservice1,memory,database,0.25,full_reference,0.8,0.0,1.0,1.0
dbservice1_memory_1625578885,dbservice1,memory,database,0.25,full_reference,0.0,0.0,0.0,0.0
dbservice1_memory_1625582957,dbservice1,memory,database,0.25,full_reference,0.0,0.0,0.0,0.0
dbservice1_memory_1625637896,dbservice1,memory,database,0.25,full_reference,0.6,0.0,1.0,1.0
dbservice1_memory_1625671282,dbservice1,memory,database,0.25,full_reference,0.4,0.0,0.0,1.0
dbservice1_memory_1625675230,dbservice1,memory,database,0.25,full_reference,0.0,0.0,0.0,0.0
dbservice1_memory_1625679820,dbservice1,memory,database,0.25,full_reference,0.0,0.0,0.0,0.0
dbservice1_memory_1625768540,dbservice1,memory,database,0.25,full_reference,0.0,0.0,0.0,0.0
dbservice1_memory_1625849028,dbservice1,memory,database,0.25,full_reference,0.8,0.0,1.0,1.0
dbservice1_memory_1625863841,dbservice1,memory,database,0.25,full_reference,0.4,0.0,0.0,1.0
dbservice1_memory_1625867158,dbservice1,memory,database,0.25,full_reference,1.0,1.0,1.0,1.0
dbservice1_memory_1625870624,dbservice1,memory,database,0.25,full_reference,0.0,0.0,0.0,0.0
dbservice1_memory_1625909033,dbservice1,memory,database,0.25,full_reference,0.8,0.0,1.0,1.0
dbservice1_memory_1625914032,dbservice1,memory,database,0.25,full_reference,0.0,0.0,0.0,0.0
dbservice1_memory_1625964302,dbservice1,memory,database,0.25,full_reference,0.0,0.0,0.0,0.0
dbservice1_memory_1626032238,dbservice1,memory,database,0.25,full_reference,0.0,0.0,0.0,0.0
dbservice1_memory_1626113371,dbservice1,memory,database,0.25,full_reference,0.0,0.0,0.0,0.0
dbservice1_memory_1626178789,dbservice1,memory,database,0.25,full_reference,0.0,0.0,0.0,0.0
dbservice1_memory_1626195234,dbservice1,memory,database,0.25,full_reference,0.0,0.0,0.0,0.0
dbservice1_memory_1626266259,dbservice1,memory,database,0.25,full_reference,0.0,0.0,0.0,0.0
dbservice1_memory_1626306060,dbservice1,memory,database,0.25,full_reference,0.0,0.0,0.0,0.0
dbservice1_memory_1626338404,dbservice1,memory,database,0.25,full_reference,0.2,0.0,0.0,1.0
dbservice1_memory_1626343595,dbservice1,memory,database,0.25,full_reference,0.0,0.0,0.0,0.0
dbservice1_memory_1626393113,dbservice1,memory,database,0.25,full_reference,1.0,1.0,1.0,1.0
dbservice1_memory_1626409893,dbservice1,memory,database,0.25,full_reference,0.0,0.0,0.0,0.0
dbservice1_memory_1626425140,dbservice1,memory,database,0.25,full_reference,0.0,0.0,0.0,0.0
dbservice1_memory_1626473914,dbservice1,memory,database,0.25,full_reference,0.6,0.0,1.0,1.0
dbservice1_memory_1626511514,dbservice1,memory,database,0.25,full_reference,1.0,1.0,1.0,1.0
dbservice1_memory_1626540721,dbservice1,memory,database,0.25,full_reference,0.8,0.0,1.0,1.0
dbservice1_memory_1626552538,dbservice1,memory,database,0.25,full_reference,0.0,0.0,0.0,0.0
dbservice1_memory_1626598508,dbservice1,memory,database,0.25,full_reference,0.6,0.0,1.0,1.0
dbservice1_memory_1626773615,dbservice1,memory,database,0.25,full_reference,1.0,1.0,1.0,1.0
dbservice1_memory_1626788281,dbservice1,memory,database,0.25,full_reference,0.4,0.0,0.0,1.0
dbservice1_memory_1626845470,dbservice1,memory,database,0.25,full_reference,0.0,0.0,0.0,0.0
dbservice1_memory_1626858109,dbservice1,memory,database,0.25,full_reference,0.0,0.0,0.0,0.0
dbservice1_memory_1626912896,dbservice1,memory,database,0.25,full_reference,1.0,1.0,1.0,1.0
dbservice1_memory_1626939313,dbservice1,memory,database,0.25,full_reference,0.0,0.0,0.0,0.0
dbservice1_memory_1627046902,dbservice1,memory,database,0.25,full_reference,0.8,0.0,1.0,1.0
dbservice1_memory_1627098214,dbservice1,memory,database,0.25,full_reference,0.0,0.0,0.0,0.0
dbservice1_memory_1627104046,dbservice1,memory,database,0.25,full_reference,0.0,0.0,0.0,0.0
dbservice1_memory_1627119644,dbservice1,memory,database,0.25,full_reference,0.8,0.0,1.0,1.0
dbservice1_memory_1627157147,dbservice1,memory,database,0.25,full_reference,0.0,0.0,0.0,0.0
dbservice1_memory_1627223200,dbservice1,memory,database,0.25,full_reference,0.0,0.0,0.0,0.0
dbservice1_memory_1627237577,dbservice1,memory,database,0.25,full_reference,1.0,1.0,1.0,1.0
dbservice1_memory_1627255258,dbservice1,memory,database,0.25,full_reference,0.6,0.0,1.0,1.0
dbservice1_memory_1627268672,dbservice1,memory,database,0.25,full_reference,1.0,1.0,1.0,1.0
dbservice1_memory_1627272293,dbservice1,memory,database,0.25,full_reference,0.0,0.0,0.0,0.0
dbservice1_memory_1627283279,dbservice1,memory,database,0.25,full_reference,0.0,0.0,0.0,0.0
dbservice1_memory_1627288593,dbservice1,memory,database,0.25,full_reference,0.8,0.0,1.0,1.0
dbservice1_memory_1627297432,dbservice1,memory,database,0.25,full_reference,0.0,0.0,0.0,0.0
dbservice1_memory_1627316827,dbservice1,memory,database,0.25,full_reference,0.0,0.0,0.0,0.0
dbservice1_memory_1627373850,dbservice1,memory,database,0.25,full_reference,0.6,0.0,1.0,1.0
dbservice1_memory_1627386311,dbservice1,memory,database,0.25,full_reference,0.0,0.0,0.0,0.0
dbservice1_memory_1627400139,dbservice1,memory,database,0.25,full_reference,0.8,0.0,1.0,1.0
dbservice1_memory_1627432587,dbservice1,memory,database,0.25,full_reference,0.0,0.0,0.0,0.0
dbservice1_memory_1627477200,dbservice1,memory,database,0.25,full_reference,0.0,0.0,0.0,0.0
dbservice1_memory_1627502421,dbservice1,memory,database,0.25,full_reference,0.2,0.0,0.0,1.0
dbservice1_memory_1627682718,dbservice1,memory,database,0.25,full_reference,0.0,0.0,0.0,0.0
dbservice1_memory_1627702626,dbservice1,memory,database,0.25,full_reference,0.0,0.0,0.0,0.0
dbservice1_memory_1627773523,dbservice1,memory,database,0.25,full_reference,1.0,1.0,1.0,1.0
dbservice2_errno111_1626750601,dbservice2,errno111,database,0.25,full_reference,0.2,0.0,0.0,1.0
dbservice2_errno111_1626750797,dbservice2,errno111,database,0.25,full_reference,0.4,0.0,0.0,1.0
dbservice2_memory_1625144096,dbservice2,memory,database,0.25,full_reference,0.0,0.0,0.0,0.0
dbservice2_memory_1625152223,dbservice2,memory,database,0.25,full_reference,0.8,0.0,1.0,1.0
dbservice2_memory_1625193002,dbservice2,memory,database,0.25,full_reference,0.8,0.0,1.0,1.0
dbservice2_memory_1625257548,dbservice2,memory,database,0.25,full_reference,0.0,0.0,0.0,0.0
dbservice2_memory_1625269953,dbservice2,memory,database,0.25,full_reference,0.0,0.0,0.0,0.0
dbservice2_memory_1625356783,dbservice2,memory,database,0.25,full_reference,0.0,0.0,0.0,0.0
dbservice2_memory_1625363058,dbservice2,memory,database,0.25,full_reference,0.0,0.0,0.0,0.0
dbservice2_memory_1625459089,dbservice2,memory,database,0.25,full_reference,0.0,0.0,0.0,0.0
dbservice2_memory_1625463515,dbservice2,memory,database,0.25,full_reference,0.0,0.0,0.0,0.0
dbservice2_memory_1625564139,dbservice2,memory,database,0.25,full_reference,1.0,1.0,1.0,1.0
dbservice2_memory_1625579430,dbservice2,memory,database,0.25,full_reference,0.8,0.0,1.0,1.0
dbservice2_memory_1625587157,dbservice2,memory,database,0.25,full_reference,0.0,0.0,0.0,0.0
dbservice2_memory_1625634388,dbservice2,memory,database,0.25,full_reference,0.0,0.0,0.0,0.0
dbservice2_memory_1625656892,dbservice2,memory,database,0.25,full_reference,0.2,0.0,0.0,1.0
dbservice2_memory_1625669580,dbservice2,memory,database,0.25,full_reference,0.6,0.0,1.0,1.0
dbservice2_memory_1625704892,dbservice2,memory,database,0.25,full_reference,0.0,0.0,0.0,0.0
dbservice2_memory_1625711897,dbservice2,memory,database,0.25,full_reference,0.8,0.0,1.0,1.0
dbservice2_memory_1625720058,dbservice2,memory,database,0.25,full_reference,0.0,0.0,0.0,0.0
dbservice2_memory_1625780540,dbservice2,memory,database,0.25,full_reference,0.4,0.0,0.0,1.0
dbservice2_memory_1625944726,dbservice2,memory,database,0.25,full_reference,1.0,1.0,1.0,1.0
dbservice2_memory_1625953237,dbservice2,memory,database,0.25,full_reference,0.0,0.0,0.0,0.0
dbservice2_memory_1625981739,dbservice2,memory,database,0.25,full_reference,0.6,0.0,1.0,1.0
dbservice2_memory_1625988716,dbservice2,memory,database,0.25,full_reference,0.2,0.0,0.0,1.0
dbservice2_memory_1626043439,dbservice2,memory,database,0.25,full_reference,0.4,0.0,0.0,1.0
dbservice2_memory_1626053581,dbservice2,memory,database,0.25,full_reference,0.8,0.0,1.0,1.0
dbservice2_memory_1626066255,dbservice2,memory,database,0.25,full_reference,1.0,1.0,1.0,1.0
dbservice2_memory_1626095808,dbservice2,memory,database,0.25,full_reference,0.8,0.0,1.0,1.0
dbservice2_memory_1626127184,dbservice2,memory,database,0.25,full_reference,0.0,0.0,0.0,0.0
dbservice2_memory_1626130474,dbservice2,memory,database,0.25,full_reference,0.2,0.0,0.0,1.0
dbservice2_memory_1626157165,dbservice2,memory,database,0.25,full_reference,0.4,0.0,0.0,1.0
dbservice2_memory_1626243122,dbservice2,memory,database,0.25,full_reference,0.2,0.0,0.0,1.0
dbservice2_memory_1626298216,dbservice2,memory,database,0.25,full_reference,0.6,0.0,1.0,1.0
dbservice2_memory_1626317541,dbservice2,memory,database,0.25,full_reference,0.0,0.0,0.0,0.0
dbservice2_memory_1626325390,dbservice2,memory,database,0.25,full_reference,0.4,0.0,0.0,1.0
dbservice2_memory_1626334718,dbservice2,memory,database,0.25,full_reference,0.4,0.0,0.0,1.0
dbservice2_memory_1626367699,dbservice2,memory,database,0.25,full_reference,0.6,0.0,1.0,1.0
dbservice2_memory_1626372232,dbservice2,memory,database,0.25,full_reference,0.0,0.0,0.0,0.0
dbservice2_memory_1626415344,dbservice2,memory,database,0.25,full_reference,0.0,0.0,0.0,0.0
dbservice2_memory_1626419131,dbservice2,memory,database,0.25,full_reference,0.0,0.0,0.0,0.0
dbservice2_memory_1626430015,dbservice2,memory,database,0.25,full_reference,0.0,0.0,0.0,0.0
dbservice2_memory_1626442568,dbservice2,memory,database,0.25,full_reference,0.2,0.0,0.0,1.0
dbservice2_memory_1626459595,dbservice2,memory,database,0.25,full_reference,0.6,0.0,1.0,1.0
dbservice2_memory_1626497813,dbservice2,memory,database,0.25,full_reference,0.0,0.0,0.0,0.0
dbservice2_memory_1626585941,dbservice2,memory,database,0.25,full_reference,0.0,0.0,0.0,0.0
dbservice2_memory_1626602315,dbservice2,memory,database,0.25,full_reference,0.6,0.0,1.0,1.0
dbservice2_memory_1626607598,dbservice2,memory,database,0.25,full_reference,0.0,0.0,0.0,0.0
dbservice2_memory_1626647915,dbservice2,memory,database,0.25,full_reference,1.0,1.0,1.0,1.0
dbservice2_memory_1626651683,dbservice2,memory,database,0.25,full_reference,0.0,0.0,0.0,0.0
dbservice2_memory_1626750100,dbservice2,memory,database,0.25,full_reference,0.2,0.0,0.0,1.0
dbservice2_memory_1626760761,dbservice2,memory,database,0.25,full_reference,0.8,0.0,1.0,1.0
dbservice2_memory_1626764016,dbservice2,memory,database,0.25,full_reference,0.0,0.0,0.0,0.0
dbservice2_memory_1626790578,dbservice2,memory,database,0.25,full_reference,0.6,0.0,1.0,1.0
dbservice2_memory_1626799339,dbservice2,memory,database,0.25,full_reference,0.8,0.0,1.0,1.0
dbservice2_memory_1626818990,dbservice2,memory,database,0.25,full_reference,0.6,0.0,1.0,1.0
dbservice2_memory_1626839958,dbservice2,memory,database,0.25,full_reference,0.0,0.0,0.0,0.0
dbservice2_memory_1626876599,dbservice2,memory,database,0.25,full_reference,0.0,0.0,0.0,0.0
dbservice2_memory_1626886884,dbservice2,memory,database,0.25,full_reference,0.0,0.0,0.0,0.0
dbservice2_memory_1626890594,dbservice2,memory,database,0.25,full_reference,0.0,0.0,0.0,0.0
dbservice2_memory_1626962039,dbservice2,memory,database,0.25,full_reference,0.0,0.0,0.0,0.0
dbservice2_memory_1626969117,dbservice2,memory,database,0.25,full_reference,1.0,1.0,1.0,1.0
dbservice2_memory_1627002602,dbservice2,memory,database,0.25,full_reference,0.0,0.0,0.0,0.0
dbservice2_memory_1627039811,dbservice2,memory,database,0.25,full_reference,0.0,0.0,0.0,0.0
dbservice2_memory_1627079656,dbservice2,memory,database,0.25,full_reference,0.8,0.0,1.0,1.0
dbservice2_memory_1627087394,dbservice2,memory,database,0.25,full_reference,0.0,0.0,0.0,0.0
dbservice2_memory_1627100858,dbservice2,memory,database,0.25,full_reference,0.0,0.0,0.0,0.0
dbservice2_memory_1627156737,dbservice2,memory,database,0.25,full_reference,0.0,0.0,0.0,0.0
dbservice2_memory_1627184617,dbservice2,memory,database,0.25,full_reference,0.0,0.0,0.0,0.0
dbservice2_memory_1627207759,dbservice2,memory,database,0.25,full_reference,0.0,0.0,0.0,0.0
dbservice2_memory_1627286946,dbservice2,memory,database,0.25,full_reference,0.8,0.0,1.0,1.0
dbservice2_memory_1627303928,dbservice2,memory,database,0.25,full_reference,0.6,0.0,1.0,1.0
dbservice2_memory_1627325374,dbservice2,memory,database,0.25,full_reference,0.0,0.0,0.0,0.0
dbservice2_memory_1627331922,dbservice2,memory,database,0.25,full_reference,0.8,0.0,1.0,1.0
dbservice2_memory_1627375478,dbservice2,memory,database,0.25,full_reference,0.0,0.0,0.0,0.0
dbservice2_memory_1627379165,dbservice2,memory,database,0.25,full_reference,0.6,0.0,1.0,1.0
dbservice2_memory_1627394588,dbservice2,memory,database,0.25,full_reference,1.0,1.0,1.0,1.0
dbservice2_memory_1627402075,dbservice2,memory,database,0.25,full_reference,1.0,1.0,1.0,1.0
dbservice2_memory_1627425736,dbservice2,memory,database,0.25,full_reference,0.0,0.0,0.0,0.0
dbservice2_memory_1627447589,dbservice2,memory,database,0.25,full_reference,0.0,0.0,0.0,0.0
dbservice2_memory_1627457508,dbservice2,memory,database,0.25,full_reference,1.0,1.0,1.0,1.0
dbservice2_memory_1627493621,dbservice2,memory,database,0.25,full_reference,0.6,0.0,1.0,1.0
dbservice2_memory_1627501550,dbservice2,memory,database,0.25,full_reference,0.6,0.0,1.0,1.0
dbservice2_memory_1627519836,dbservice2,memory,database,0.25,full_reference,1.0,1.0,1.0,1.0
dbservice2_memory_1627545507,dbservice2,memory,database,0.25,full_reference,0.0,0.0,0.0,0.0
dbservice2_memory_1627595898,dbservice2,memory,database,0.25,full_reference,0.0,0.0,0.0,0.0
dbservice2_memory_1627643030,dbservice2,memory,database,0.25,full_reference,0.4,0.0,0.0,1.0
dbservice2_memory_1627657911,dbservice2,memory,database,0.25,full_reference,0.2,0.0,0.0,1.0
dbservice2_memory_1627663155,dbservice2,memory,database,0.25,full_reference,0.8,0.0,1.0,1.0
dbservice2_memory_1627680230,dbservice2,memory,database,0.25,full_reference,0.4,0.0,0.0,1.0
dbservice2_memory_1627699210,dbservice2,memory,database,0.25,full_reference,0.2,0.0,0.0,1.0
logservice1_cpu_1627596597,logservice1,cpu,logging,0.25,full_reference,0.0,0.0,0.0,0.0
logservice1_errno111_1626753001,logservice1,errno111,logging,0.25,full_reference,0.0,0.0,0.0,0.0
logservice1_errno111_1626753227,logservice1,errno111,logging,0.25,full_reference,0.4,0.0,0.0,1.0
logservice1_memory_1625207751,logservice1,memory,logging,0.25,full_reference,0.0,0.0,0.0,0.0
logservice1_memory_1625234459,logservice1,memory,logging,0.25,full_reference,0.0,0.0,0.0,0.0
logservice1_memory_1625285989,logservice1,memory,logging,0.25,full_reference,0.2,0.0,0.0,1.0
logservice1_memory_1625298536,logservice1,memory,logging,0.25,full_reference,0.0,0.0,0.0,0.0
logservice1_memory_1625311435,logservice1,memory,logging,0.25,full_reference,0.0,0.0,0.0,0.0
logservice1_memory_1625360381,logservice1,memory,logging,0.25,full_reference,1.0,1.0,1.0,1.0
logservice1_memory_1625437325,logservice1,memory,logging,0.25,full_reference,0.0,0.0,0.0,0.0
logservice1_memory_1625455375,logservice1,memory,logging,0.25,full_reference,0.0,0.0,0.0,0.0
logservice1_memory_1625474243,logservice1,memory,logging,0.25,full_reference,0.0,0.0,0.0,0.0
logservice1_memory_1625493602,logservice1,memory,logging,0.25,full_reference,0.0,0.0,0.0,0.0
logservice1_memory_1625506342,logservice1,memory,logging,0.25,full_reference,0.0,0.0,0.0,0.0
logservice1_memory_1625519722,logservice1,memory,logging,0.25,full_reference,0.0,0.0,0.0,0.0
logservice1_memory_1625642174,logservice1,memory,logging,0.25,full_reference,0.0,0.0,0.0,0.0
logservice1_memory_1625673674,logservice1,memory,logging,0.25,full_reference,0.0,0.0,0.0,0.0
logservice1_memory_1625715126,logservice1,memory,logging,0.25,full_reference,0.0,0.0,0.0,0.0
logservice1_memory_1625737305,logservice1,memory,logging,0.25,full_reference,0.4,0.0,0.0,1.0
logservice1_memory_1625855415,logservice1,memory,logging,0.25,full_reference,0.2,0.0,0.0,1.0
logservice1_memory_1625874131,logservice1,memory,logging,0.25,full_reference,1.0,1.0,1.0,1.0
logservice1_memory_1625894863,logservice1,memory,logging,0.25,full_reference,0.0,0.0,0.0,0.0
logservice1_memory_1625936756,logservice1,memory,logging,0.25,full_reference,0.8,0.0,1.0,1.0
logservice1_memory_1625950367,logservice1,memory,logging,0.25,full_reference,0.0,0.0,0.0,0.0
logservice1_memory_1625967061,logservice1,memory,logging,0.25,full_reference,0.4,0.0,0.0,1.0
logservice1_memory_1626018993,logservice1,memory,logging,0.25,full_reference,0.2,0.0,0.0,1.0
logservice1_memory_1626043063,logservice1,memory,logging,0.25,full_reference,0.0,0.0,0.0,0.0
logservice1_memory_1626069816,logservice1,memory,logging,0.25,full_reference,0.6,0.0,1.0,1.0
logservice1_memory_1626079498,logservice1,memory,logging,0.25,full_reference,0.6,0.0,1.0,1.0
logservice1_memory_1626086075,logservice1,memory,logging,0.25,full_reference,0.0,0.0,0.0,0.0
logservice1_memory_1626102559,logservice1,memory,logging,0.25,full_reference,0.0,0.0,0.0,0.0
logservice1_memory_1626106208,logservice1,memory,logging,0.25,full_reference,0.2,0.0,0.0,1.0
logservice1_memory_1626125407,logservice1,memory,logging,0.25,full_reference,0.0,0.0,0.0,0.0
logservice1_memory_1626139037,logservice1,memory,logging,0.25,full_reference,0.0,0.0,0.0,0.0
logservice1_memory_1626180388,logservice1,memory,logging,0.25,full_reference,0.8,0.0,1.0,1.0
logservice1_memory_1626208343,logservice1,memory,logging,0.25,full_reference,0.0,0.0,0.0,0.0
logservice1_memory_1626218997,logservice1,memory,logging,0.25,full_reference,0.0,0.0,0.0,0.0
logservice1_memory_1626328055,logservice1,memory,logging,0.25,full_reference,0.0,0.0,0.0,0.0
logservice1_memory_1626336834,logservice1,memory,logging,0.25,full_reference,0.0,0.0,0.0,0.0
logservice1_memory_1626371259,logservice1,memory,logging,0.25,full_reference,0.2,0.0,0.0,1.0
logservice1_memory_1626391352,logservice1,memory,logging,0.25,full_reference,0.4,0.0,0.0,1.0
logservice1_memory_1626419736,logservice1,memory,logging,0.25,full_reference,0.0,0.0,0.0,0.0
logservice1_memory_1626541123,logservice1,memory,logging,0.25,full_reference,1.0,1.0,1.0,1.0
logservice1_memory_1626551793,logservice1,memory,logging,0.25,full_reference,0.8,0.0,1.0,1.0
logservice1_memory_1626571662,logservice1,memory,logging,0.25,full_reference,0.0,0.0,0.0,0.0
logservice1_memory_1626575299,logservice1,memory,logging,0.25,full_reference,0.0,0.0,0.0,0.0
logservice1_memory_1626608283,logservice1,memory,logging,0.25,full_reference,0.6,0.0,1.0,1.0
logservice1_memory_1626632009,logservice1,memory,logging,0.25,full_reference,0.0,0.0,0.0,0.0
logservice1_memory_1626764699,logservice1,memory,logging,0.25,full_reference,0.2,0.0,0.0,1.0
logservice1_memory_1626865404,logservice1,memory,logging,0.25,full_reference,0.0,0.0,0.0,0.0
logservice1_memory_1626926283,logservice1,memory,logging,0.25,full_reference,0.6,0.0,1.0,1.0
logservice1_memory_1627024158,logservice1,memory,logging,0.25,full_reference,0.0,0.0,0.0,0.0
logservice1_memory_1627144173,logservice1,memory,logging,0.25,full_reference,0.0,0.0,0.0,0.0
logservice1_memory_1627165561,logservice1,memory,logging,0.25,full_reference,0.2,0.0,0.0,1.0
logservice1_memory_1627170037,logservice1,memory,logging,0.25,full_reference,0.0,0.0,0.0,0.0
logservice1_memory_1627228703,logservice1,memory,logging,0.25,full_reference,0.8,0.0,1.0,1.0
logservice1_memory_1627243989,logservice1,memory,logging,0.25,full_reference,0.0,0.0,0.0,0.0
logservice1_memory_1627283437,logservice1,memory,logging,0.25,full_reference,0.0,0.0,0.0,0.0
logservice1_memory_1627291476,logservice1,memory,logging,0.25,full_reference,0.0,0.0,0.0,0.0
logservice1_memory_1627299080,logservice1,memory,logging,0.25,full_reference,0.0,0.0,0.0,0.0
logservice1_memory_1627310265,logservice1,memory,logging,0.25,full_reference,0.0,0.0,0.0,0.0
logservice1_memory_1627477200,logservice1,memory,logging,0.25,full_reference,0.4,0.0,0.0,1.0
logservice1_memory_1627522806,logservice1,memory,logging,0.25,full_reference,0.0,0.0,0.0,0.0
logservice1_memory_1627545894,logservice1,memory,logging,0.25,full_reference,0.6,0.0,1.0,1.0
logservice1_memory_1627592904,logservice1,memory,logging,0.25,full_reference,0.0,0.0,0.0,0.0
logservice1_memory_1627619594,logservice1,memory,logging,0.25,full_reference,0.0,0.0,0.0,0.0
logservice1_memory_1627700223,logservice1,memory,logging,0.25,full_reference,0.6,0.0,1.0,1.0
logservice1_memory_1627736494,logservice1,memory,logging,0.25,full_reference,0.2,0.0,0.0,1.0
logservice1_memory_1627762043,logservice1,memory,logging,0.25,full_reference,0.0,0.0,0.0,0.0
logservice2_errno111_1626753001,logservice2,errno111,logging,0.25,full_reference,0.0,0.0,0.0,0.0
logservice2_errno111_1626753269,logservice2,errno111,logging,0.25,full_reference,0.0,0.0,0.0,0.0
logservice2_memory_1625172320,logservice2,memory,logging,0.25,full_reference,0.6,0.0,1.0,1.0
logservice2_memory_1625204004,logservice2,memory,logging,0.25,full_reference,0.8,0.0,1.0,1.0
logservice2_memory_1625221783,logservice2,memory,logging,0.25,full_reference,0.8,0.0,1.0,1.0
logservice2_memory_1625304365,logservice2,memory,logging,0.25,full_reference,0.0,0.0,0.0,0.0
logservice2_memory_1625325873,logservice2,memory,logging,0.25,full_reference,0.0,0.0,0.0,0.0
logservice2_memory_1625379370,logservice2,memory,logging,0.25,full_reference,0.0,0.0,0.0,0.0
logservice2_memory_1625396241,logservice2,memory,logging,0.25,full_reference,0.0,0.0,0.0,0.0
logservice2_memory_1625421899,logservice2,memory,logging,0.25,full_reference,0.0,0.0,0.0,0.0
logservice2_memory_1625425518,logservice2,memory,logging,0.25,full_reference,0.0,0.0,0.0,0.0
logservice2_memory_1625469878,logservice2,memory,logging,0.25,full_reference,0.0,0.0,0.0,0.0
logservice2_memory_1625483091,logservice2,memory,logging,0.25,full_reference,0.0,0.0,0.0,0.0
logservice2_memory_1625511359,logservice2,memory,logging,0.25,full_reference,0.0,0.0,0.0,0.0
logservice2_memory_1625518598,logservice2,memory,logging,0.25,full_reference,0.6,0.0,1.0,1.0
logservice2_memory_1625530676,logservice2,memory,logging,0.25,full_reference,0.4,0.0,0.0,1.0
logservice2_memory_1625537669,logservice2,memory,logging,0.25,full_reference,0.6,0.0,1.0,1.0
logservice2_memory_1625567926,logservice2,memory,logging,0.25,full_reference,0.6,0.0,1.0,1.0
logservice2_memory_1625572292,logservice2,memory,logging,0.25,full_reference,0.0,0.0,0.0,0.0
logservice2_memory_1625617463,logservice2,memory,logging,0.25,full_reference,0.0,0.0,0.0,0.0
logservice2_memory_1625630457,logservice2,memory,logging,0.25,full_reference,0.0,0.0,0.0,0.0
logservice2_memory_1625644104,logservice2,memory,logging,0.25,full_reference,0.0,0.0,0.0,0.0
logservice2_memory_1625732122,logservice2,memory,logging,0.25,full_reference,0.0,0.0,0.0,0.0
logservice2_memory_1625756295,logservice2,memory,logging,0.25,full_reference,0.0,0.0,0.0,0.0
logservice2_memory_1625794522,logservice2,memory,logging,0.25,full_reference,0.4,0.0,0.0,1.0
logservice2_memory_1625804275,logservice2,memory,logging,0.25,full_reference,0.0,0.0,0.0,0.0
logservice2_memory_1625880190,logservice2,memory,logging,0.25,full_reference,0.0,0.0,0.0,0.0
logservice2_memory_1625924296,logservice2,memory,logging,0.25,full_reference,0.0,0.0,0.0,0.0
logservice2_memory_1626013929,logservice2,memory,logging,0.25,full_reference,0.0,0.0,0.0,0.0
logservice2_memory_1626050387,logservice2,memory,logging,0.25,full_reference,0.0,0.0,0.0,0.0
logservice2_memory_1626098044,logservice2,memory,logging,0.25,full_reference,0.0,0.0,0.0,0.0
logservice2_memory_1626109759,logservice2,memory,logging,0.25,full_reference,0.0,0.0,0.0,0.0
logservice2_memory_1626248439,logservice2,memory,logging,0.25,full_reference,0.0,0.0,0.0,0.0
logservice2_memory_1626258183,logservice2,memory,logging,0.25,full_reference,0.0,0.0,0.0,0.0
logservice2_memory_1626325133,logservice2,memory,logging,0.25,full_reference,0.0,0.0,0.0,0.0
logservice2_memory_1626366727,logservice2,memory,logging,0.25,full_reference,0.0,0.0,0.0,0.0
logservice2_memory_1626395096,logservice2,memory,logging,0.25,full_reference,0.0,0.0,0.0,0.0
logservice2_memory_1626412771,logservice2,memory,logging,0.25,full_reference,0.2,0.0,0.0,1.0
logservice2_memory_1626469838,logservice2,memory,logging,0.25,full_reference,0.8,0.0,1.0,1.0
logservice2_memory_1626498816,logservice2,memory,logging,0.25,full_reference,0.0,0.0,0.0,0.0
logservice2_memory_1626568670,logservice2,memory,logging,0.25,full_reference,0.2,0.0,0.0,1.0
logservice2_memory_1626765238,logservice2,memory,logging,0.25,full_reference,0.4,0.0,0.0,1.0
logservice2_memory_1626871639,logservice2,memory,logging,0.25,full_reference,0.8,0.0,1.0,1.0
logservice2_memory_1626880416,logservice2,memory,logging,0.25,full_reference,0.0,0.0,0.0,0.0
logservice2_memory_1626922974,logservice2,memory,logging,0.25,full_reference,0.0,0.0,0.0,0.0
logservice2_memory_1626926412,logservice2,memory,logging,0.25,full_reference,0.8,0.0,1.0,1.0
logservice2_memory_1627052258,logservice2,memory,logging,0.25,full_reference,0.0,0.0,0.0,0.0
logservice2_memory_1627069295,logservice2,memory,logging,0.25,full_reference,0.0,0.0,0.0,0.0
logservice2_memory_1627140613,logservice2,memory,logging,0.25,full_reference,0.0,0.0,0.0,0.0
logservice2_memory_1627227124,logservice2,memory,logging,0.25,full_reference,0.2,0.0,0.0,1.0
logservice2_memory_1627353437,logservice2,memory,logging,0.25,full_reference,0.8,0.0,1.0,1.0
logservice2_memory_1627365342,logservice2,memory,logging,0.25,full_reference,0.4,0.0,0.0,1.0
logservice2_memory_1627396756,logservice2,memory,logging,0.25,full_reference,0.2,0.0,0.0,1.0
logservice2_memory_1627410703,logservice2,memory,logging,0.25,full_reference,0.0,0.0,0.0,0.0
logservice2_memory_1627443936,logservice2,memory,logging,0.25,full_reference,0.0,0.0,0.0,0.0
logservice2_memory_1627464739,logservice2,memory,logging,0.25,full_reference,0.0,0.0,0.0,0.0
logservice2_memory_1627509937,logservice2,memory,logging,0.25,full_reference,0.0,0.0,0.0,0.0
logservice2_memory_1627516510,logservice2,memory,logging,0.25,full_reference,0.4,0.0,0.0,1.0
logservice2_memory_1627567356,logservice2,memory,logging,0.25,full_reference,0.6,0.0,1.0,1.0
logservice2_memory_1627590137,logservice2,memory,logging,0.25,full_reference,0.0,0.0,0.0,0.0
logservice2_memory_1627606370,logservice2,memory,logging,0.25,full_reference,0.6,0.0,1.0,1.0
logservice2_memory_1627648981,logservice2,memory,logging,0.25,full_reference,1.0,1.0,1.0,1.0
logservice2_memory_1627688890,logservice2,memory,logging,0.25,full_reference,0.0,0.0,0.0,0.0
logservice2_memory_1627737420,logservice2,memory,logging,0.25,full_reference,0.0,0.0,0.0,0.0
logservice2_memory_1627769554,logservice2,memory,logging,0.25,full_reference,0.0,0.0,0.0,0.0
mobservice1_errno111_1626752402,mobservice1,errno111,mobile,0.25,full_reference,0.0,0.0,0.0,0.0
mobservice1_errno111_1626752556,mobservice1,errno111,mobile,0.25,full_reference,0.0,0.0,0.0,0.0
mobservice1_memory_1625197067,mobservice1,memory,mobile,0.25,full_reference,0.4,0.0,0.0,1.0
mobservice1_memory_1625224444,mobservice1,memory,mobile,0.25,full_reference,0.0,0.0,0.0,0.0
mobservice1_memory_1625232540,mobservice1,memory,mobile,0.25,full_reference,0.0,0.0,0.0,0.0
mobservice1_memory_1625247576,mobservice1,memory,mobile,0.25,full_reference,0.0,0.0,0.0,0.0
mobservice1_memory_1625353753,mobservice1,memory,mobile,0.25,full_reference,0.0,0.0,0.0,0.0
mobservice1_memory_1625379697,mobservice1,memory,mobile,0.25,full_reference,0.4,0.0,0.0,1.0
mobservice1_memory_1625667742,mobservice1,memory,mobile,0.25,full_reference,0.2,0.0,0.0,1.0
mobservice1_memory_1625703099,mobservice1,memory,mobile,0.25,full_reference,0.8,0.0,1.0,1.0
mobservice1_memory_1625735045,mobservice1,memory,mobile,0.25,full_reference,0.0,0.0,0.0,0.0
mobservice1_memory_1625804210,mobservice1,memory,mobile,0.25,full_reference,0.0,0.0,0.0,0.0
mobservice1_memory_1625827494,mobservice1,memory,mobile,0.25,full_reference,0.8,0.0,1.0,1.0
mobservice1_memory_1625832716,mobservice1,memory,mobile,0.25,full_reference,0.4,0.0,0.0,1.0
mobservice1_memory_1625901292,mobservice1,memory,mobile,0.25,full_reference,0.4,0.0,0.0,1.0
mobservice1_memory_1625941772,mobservice1,memory,mobile,0.25,full_reference,0.6,0.0,1.0,1.0
mobservice1_memory_1625961631,mobservice1,memory,mobile,0.25,full_reference,1.0,1.0,1.0,1.0
mobservice1_memory_1625977908,mobservice1,memory,mobile,0.25,full_reference,0.8,0.0,1.0,1.0
mobservice1_memory_1626011901,mobservice1,memory,mobile,0.25,full_reference,0.2,0.0,0.0,1.0
mobservice1_memory_1626023193,mobservice1,memory,mobile,0.25,full_reference,0.0,0.0,0.0,0.0
mobservice1_memory_1626027400,mobservice1,memory,mobile,0.25,full_reference,0.0,0.0,0.0,0.0
mobservice1_memory_1626054650,mobservice1,memory,mobile,0.25,full_reference,1.0,1.0,1.0,1.0
mobservice1_memory_1626117202,mobservice1,memory,mobile,0.25,full_reference,0.0,0.0,0.0,0.0
mobservice1_memory_1626128984,mobservice1,memory,mobile,0.25,full_reference,0.0,0.0,0.0,0.0
mobservice1_memory_1626159110,mobservice1,memory,mobile,0.25,full_reference,0.4,0.0,0.0,1.0
mobservice1_memory_1626168632,mobservice1,memory,mobile,0.25,full_reference,0.0,0.0,0.0,0.0
mobservice1_memory_1626242718,mobservice1,memory,mobile,0.25,full_reference,0.8,0.0,1.0,1.0
mobservice1_memory_1626282681,mobservice1,memory,mobile,0.25,full_reference,1.0,1.0,1.0,1.0
mobservice1_memory_1626299070,mobservice1,memory,mobile,0.25,full_reference,0.0,0.0,0.0,0.0
mobservice1_memory_1626322156,mobservice1,memory,mobile,0.25,full_reference,0.0,0.0,0.0,0.0
mobservice1_memory_1626326168,mobservice1,memory,mobile,0.25,full_reference,0.0,0.0,0.0,0.0
mobservice1_memory_1626349453,mobservice1,memory,mobile,0.25,full_reference,1.0,1.0,1.0,1.0
mobservice1_memory_1626444105,mobservice1,memory,mobile,0.25,full_reference,0.4,0.0,0.0,1.0
mobservice1_memory_1626448997,mobservice1,memory,mobile,0.25,full_reference,0.6,0.0,1.0,1.0
mobservice1_memory_1626488862,mobservice1,memory,mobile,0.25,full_reference,0.4,0.0,0.0,1.0
mobservice1_memory_1626534607,mobservice1,memory,mobile,0.25,full_reference,0.8,0.0,1.0,1.0
mobservice1_memory_1626538445,mobservice1,memory,mobile,0.25,full_reference,0.4,0.0,0.0,1.0
mobservice1_memory_1626555752,mobservice1,memory,mobile,0.25,full_reference,0.6,0.0,1.0,1.0
mobservice1_memory_1626607827,mobservice1,memory,mobile,0.25,full_reference,0.6,0.0,1.0,1.0
mobservice1_memory_1626635810,mobservice1,memory,mobile,0.25,full_reference,0.0,0.0,0.0,0.0
mobservice1_memory_1626640654,mobservice1,memory,mobile,0.25,full_reference,0.8,0.0,1.0,1.0
mobservice1_memory_1626773018,mobservice1,memory,mobile,0.25,full_reference,0.6,0.0,1.0,1.0
mobservice1_memory_1626850195,mobservice1,memory,mobile,0.25,full_reference,0.0,0.0,0.0,0.0
mobservice1_memory_1626877506,mobservice1,memory,mobile,0.25,full_reference,0.8,0.0,1.0,1.0
mobservice1_memory_1626897069,mobservice1,memory,mobile,0.25,full_reference,0.4,0.0,0.0,1.0
mobservice1_memory_1626913833,mobservice1,memory,mobile,0.25,full_reference,1.0,1.0,1.0,1.0
mobservice1_memory_1626933957,mobservice1,memory,mobile,0.25,full_reference,0.6,0.0,1.0,1.0
mobservice1_memory_1626937894,mobservice1,memory,mobile,0.25,full_reference,0.8,0.0,1.0,1.0
mobservice1_memory_1626954084,mobservice1,memory,mobile,0.25,full_reference,1.0,1.0,1.0,1.0
mobservice1_memory_1626958838,mobservice1,memory,mobile,0.25,full_reference,0.0,0.0,0.0,0.0
mobservice1_memory_1627163076,mobservice1,memory,mobile,0.25,full_reference,0.0,0.0,0.0,0.0
mobservice1_memory_1627200697,mobservice1,memory,mobile,0.25,full_reference,0.0,0.0,0.0,0.0
mobservice1_memory_1627219564,mobservice1,memory,mobile,0.25,full_reference,0.2,0.0,0.0,1.0
mobservice1_memory_1627247170,mobservice1,memory,mobile,0.25,full_reference,0.0,0.0,0.0,0.0
mobservice1_memory_1627279781,mobservice1,memory,mobile,0.25,full_reference,0.2,0.0,0.0,1.0
mobservice1_memory_1627283259,mobservice1,memory,mobile,0.25,full_reference,0.8,0.0,1.0,1.0
mobservice1_memory_1627347382,mobservice1,memory,mobile,0.25,full_reference,0.8,0.0,1.0,1.0
mobservice1_memory_1627382521,mobservice1,memory,mobile,0.25,full_reference,0.8,0.0,1.0,1.0
mobservice1_memory_1627387214,mobservice1,memory,mobile,0.25,full_reference,0.8,0.0,1.0,1.0
mobservice1_memory_1627447409,mobservice1,memory,mobile,0.25,full_reference,0.0,0.0,0.0,0.0
mobservice1_memory_1627484554,mobservice1,memory,mobile,0.25,full_reference,0.2,0.0,0.0,1.0
mobservice1_memory_1627514424,mobservice1,memory,mobile,0.25,full_reference,0.0,0.0,0.0,0.0
mobservice1_memory_1627580206,mobservice1,memory,mobile,0.25,full_reference,1.0,1.0,1.0,1.0
mobservice1_memory_1627612966,mobservice1,memory,mobile,0.25,full_reference,0.8,0.0,1.0,1.0
mobservice1_memory_1627645613,mobservice1,memory,mobile,0.25,full_reference,0.4,0.0,0.0,1.0
mobservice1_memory_1627661901,mobservice1,memory,mobile,0.25,full_reference,0.8,0.0,1.0,1.0
mobservice1_memory_1627701774,mobservice1,memory,mobile,0.25,full_reference,0.6,0.0,1.0,1.0
mobservice1_memory_1627731923,mobservice1,memory,mobile,0.25,full_reference,0.2,0.0,0.0,1.0
mobservice1_qr_expired_1625151823,mobservice1,qr_expired,mobile,0.25,full_reference,0.6,0.0,1.0,1.0
mobservice1_qr_expired_1625182698,mobservice1,qr_expired,mobile,0.25,full_reference,0.0,0.0,0.0,0.0
mobservice1_qr_expired_1625210087,mobservice1,qr_expired,mobile,0.25,full_reference,0.6,0.0,1.0,1.0
mobservice1_qr_expired_1625240727,mobservice1,qr_expired,mobile,0.25,full_reference,0.0,0.0,0.0,0.0
mobservice1_qr_expired_1625271564,mobservice1,qr_expired,mobile,0.25,full_reference,1.0,1.0,1.0,1.0
mobservice1_qr_expired_1625296713,mobservice1,qr_expired,mobile,0.25,full_reference,0.6,0.0,1.0,1.0
mobservice1_qr_expired_1625325200,mobservice1,qr_expired,mobile,0.25,full_reference,0.0,0.0,0.0,0.0
mobservice1_qr_expired_1625355663,mobservice1,qr_expired,mobile,0.25,full_reference,0.0,0.0,0.0,0.0
mobservice1_qr_expired_1625383443,mobservice1,qr_expired,mobile,0.25,full_reference,0.0,0.0,0.0,0.0
mobservice1_qr_expired_1625409300,mobservice1,qr_expired,mobile,0.25,full_reference,0.0,0.0,0.0,0.0
mobservice1_qr_expired_1625436871,mobservice1,qr_expired,mobile,0.25,full_reference,0.2,0.0,0.0,1.0
mobservice1_qr_expired_1625473216,mobservice1,qr_expired,mobile,0.25,full_reference,0.0,0.0,0.0,0.0
mobservice1_qr_expired_1625505879,mobservice1,qr_expired,mobile,0.25,full_reference,0.6,0.0,1.0,1.0
mobservice1_qr_expired_1625542705,mobservice1,qr_expired,mobile,0.25,full_reference,0.2,0.0,0.0,1.0
mobservice1_qr_expired_1625580525,mobservice1,qr_expired,mobile,0.25,full_reference,0.0,0.0,0.0,0.0
mobservice1_qr_expired_1625625195,mobservice1,qr_expired,mobile,0.25,full_reference,0.0,0.0,0.0,0.0
mobservice1_qr_expired_1625667731,mobservice1,qr_expired,mobile,0.25,full_reference,0.0,0.0,0.0,0.0
mobservice1_qr_expired_1625711646,mobservice1,qr_expired,mobile,0.25,full_reference,0.0,0.0,0.0,0.0
mobservice1_qr_expired_1625756698,mobservice1,qr_expired,mobile,0.25,full_reference,0.6,0.0,1.0,1.0
mobservice1_qr_expired_1625794482,mobservice1,qr_expired,mobile,0.25,full_reference,0.6,0.0,1.0,1.0
mobservice1_qr_expired_1625841247,mobservice1,qr_expired,mobile,0.25,full_reference,0.0,0.0,0.0,0.0
mobservice1_qr_expired_1625890187,mobservice1,qr_expired,mobile,0.25,full_reference,0.2,0.0,0.0,1.0
mobservice1_qr_expired_1625930412,mobservice1,qr_expired,mobile,0.25,full_reference,1.0,1.0,1.0,1.0
mobservice1_qr_expired_1625972156,mobservice1,qr_expired,mobile,0.25,full_reference,0.0,0.0,0.0,0.0
mobservice1_qr_expired_1626008252,mobservice1,qr_expired,mobile,0.25,full_reference,0.0,0.0,0.0,0.0
mobservice1_qr_expired_1626040718,mobservice1,qr_expired,mobile,0.25,full_reference,0.6,0.0,1.0,1.0
mobservice1_qr_expired_1626075193,mobservice1,qr_expired,mobile,0.25,full_reference,0.4,0.0,0.0,1.0
mobservice1_qr_expired_1626114894,mobservice1,qr_expired,mobile,0.25,full_reference,0.6,0.0,1.0,1.0
mobservice1_qr_expired_1626159261,mobservice1,qr_expired,mobile,0.25,full_reference,0.0,0.0,0.0,0.0
mobservice1_qr_expired_1626191632,mobservice1,qr_expired,mobile,0.25,full_reference,0.4,0.0,0.0,1.0
mobservice1_qr_expired_1626223304,mobservice1,qr_expired,mobile,0.25,full_reference,0.2,0.0,0.0,1.0
mobservice1_qr_expired_1626255336,mobservice1,qr_expired,mobile,0.25,full_reference,0.0,0.0,0.0,0.0
mobservice1_qr_expired_1626296585,mobservice1,qr_expired,mobile,0.25,full_reference,0.0,0.0,0.0,0.0
mobservice1_qr_expired_1626336309,mobservice1,qr_expired,mobile,0.25,full_reference,0.8,0.0,1.0,1.0
mobservice1_qr_expired_1626368186,mobservice1,qr_expired,mobile,0.25,full_reference,0.0,0.0,0.0,0.0
mobservice1_qr_expired_1626404786,mobservice1,qr_expired,mobile,0.25,full_reference,0.0,0.0,0.0,0.0
mobservice1_qr_expired_1626433510,mobservice1,qr_expired,mobile,0.25,full_reference,0.2,0.0,0.0,1.0
mobservice1_qr_expired_1626462926,mobservice1,qr_expired,mobile,0.25,full_reference,0.8,0.0,1.0,1.0
mobservice1_qr_expired_1626491905,mobservice1,qr_expired,mobile,0.25,full_reference,0.0,0.0,0.0,0.0
mobservice1_qr_expired_1626520267,mobservice1,qr_expired,mobile,0.25,full_reference,0.0,0.0,0.0,0.0
mobservice1_qr_expired_1626551052,mobservice1,qr_expired,mobile,0.25,full_reference,1.0,1.0,1.0,1.0
mobservice1_qr_expired_1626580037,mobservice1,qr_expired,mobile,0.25,full_reference,0.0,0.0,0.0,0.0
mobservice1_qr_expired_1626607583,mobservice1,qr_expired,mobile,0.25,full_reference,1.0,1.0,1.0,1.0
mobservice1_qr_expired_1626632651,mobservice1,qr_expired,mobile,0.25,full_reference,1.0,1.0,1.0,1.0
mobservice1_qr_expired_1626758435,mobservice1,qr_expired,mobile,0.25,full_reference,0.8,0.0,1.0,1.0
mobservice1_qr_expired_1626784630,mobservice1,qr_expired,mobile,0.25,full_reference,0.2,0.0,0.0,1.0
mobservice1_qr_expired_1626821039,mobservice1,qr_expired,mobile,0.25,full_reference,0.2,0.0,0.0,1.0
mobservice1_qr_expired_1626856553,mobservice1,qr_expired,mobile,0.25,full_reference,0.2,0.0,0.0,1.0
mobservice1_qr_expired_1626884682,mobservice1,qr_expired,mobile,0.25,full_reference,0.0,0.0,0.0,0.0
mobservice1_qr_expired_1626917764,mobservice1,qr_expired,mobile,0.25,full_reference,0.0,0.0,0.0,0.0
mobservice1_qr_expired_1626941760,mobservice1,qr_expired,mobile,0.25,full_reference,0.4,0.0,0.0,1.0
mobservice1_qr_expired_1626968701,mobservice1,qr_expired,mobile,0.25,full_reference,0.2,0.0,0.0,1.0
mobservice1_qr_expired_1626999263,mobservice1,qr_expired,mobile,0.25,full_reference,0.8,0.0,1.0,1.0
mobservice1_qr_expired_1627024159,mobservice1,qr_expired,mobile,0.25,full_reference,0.8,0.0,1.0,1.0
mobservice1_qr_expired_1627051613,mobservice1,qr_expired,mobile,0.25,full_reference,0.4,0.0,0.0,1.0
mobservice1_qr_expired_1627083857,mobservice1,qr_expired,mobile,0.25,full_reference,1.0,1.0,1.0,1.0
mobservice1_qr_expired_1627112278,mobservice1,qr_expired,mobile,0.25,full_reference,0.0,0.0,0.0,0.0
mobservice1_qr_expired_1627135285,mobservice1,qr_expired,mobile,0.25,full_reference,0.0,0.0,0.0,0.0
mobservice1_qr_expired_1627157519,mobservice1,qr_expired,mobile,0.25,full_reference,0.4,0.0,0.0,1.0
mobservice1_qr_expired_1627184031,mobservice1,qr_expired,mobile,0.25,full_reference,0.4,0.0,0.0,1.0
mobservice1_qr_expired_1627212755,mobservice1,qr_expired,mobile,0.25,full_reference,0.0,0.0,0.0,0.0
mobservice1_qr_expired_1627238319,mobservice1,qr_expired,mobile,0.25,full_reference,0.6,0.0,1.0,1.0
mobservice1_qr_expired_1627264132,mobservice1,qr_expired,mobile,0.25,full_reference,0.6,0.0,1.0,1.0
mobservice1_qr_expired_1627293860,mobservice1,qr_expired,mobile,0.25,full_reference,0.8,0.0,1.0,1.0
mobservice1_qr_expired_1627322979,mobservice1,qr_expired,mobile,0.25,full_reference,1.0,1.0,1.0,1.0
mobservice1_qr_expired_1627355175,mobservice1,qr_expired,mobile,0.25,full_reference,0.0,0.0,0.0,0.0
mobservice1_qr_expired_1627383377,mobservice1,qr_expired,mobile,0.25,full_reference,0.0,0.0,0.0,0.0
mobservice1_qr_expired_1627410797,mobservice1,qr_expired,mobile,0.25,full_reference,0.0,0.0,0.0,0.0
mobservice1_qr_expired_1627438966,mobservice1,qr_expired,mobile,0.25,full_reference,0.0,0.0,0.0,0.0
mobservice1_qr_expired_1627466564,mobservice1,qr_expired,mobile,0.25,full_reference,0.2,0.0,0.0,1.0
mobservice1_qr_expired_1627500877,mobservice1,qr_expired,mobile,0.25,full_reference,1.0,1.0,1.0,1.0
mobservice1_qr_expired_1627528299,mobservice1,qr_expired,mobile,0.25,full_reference,0.8,0.0,1.0,1.0
mobservice1_qr_expired_1627552119,mobservice1,qr_expired,mobile,0.25,full_reference,0.8,0.0,1.0,1.0
mobservice1_qr_expired_1627579617,mobservice1,qr_expired,mobile,0.25,full_reference,0.6,0.0,1.0,1.0
mobservice1_qr_expired_1627607460,mobservice1,qr_expired,mobile,0.25,full_reference,1.0,1.0,1.0,1.0
mobservice1_qr_expired_1627636467,mobservice1,qr_expired,mobile,0.25,full_reference,0.0,0.0,0.0,0.0
mobservice1_qr_expired_1627666643,mobservice1,qr_expired,mobile,0.25,full_reference,0.0,0.0,0.0,0.0
mobservice1_qr_expired_1627691008,mobservice1,qr_expired,mobile,0.25,full_reference,0.0,0.0,0.0,0.0
mobservice1_qr_expired_1627716967,mobservice1,qr_expired,mobile,0.25,full_reference,0.0,0.0,0.0,0.0
mobservice1_qr_expired_1627738658,mobservice1,qr_expired,mobile,0.25,full_reference,0.0,0.0,0.0,0.0
mobservice2_cpu_1627454420,mobservice2,cpu,mobile,0.25,full_reference,0.0,0.0,0.0,0.0
mobservice2_cpu_1627497596,mobservice2,cpu,mobile,0.25,full_reference,0.0,0.0,0.0,0.0
mobservice2_cpu_1627542736,mobservice2,cpu,mobile,0.25,full_reference,1.0,1.0,1.0,1.0
mobservice2_cpu_1627761644,mobservice2,cpu,mobile,0.25,full_reference,0.0,0.0,0.0,0.0
mobservice2_errno111_1626752406,mobservice2,errno111,mobile,0.25,full_reference,1.0,1.0,1.0,1.0
mobservice2_errno111_1626752504,mobservice2,errno111,mobile,0.25,full_reference,0.8,0.0,1.0,1.0
mobservice2_memory_1625157918,mobservice2,memory,mobile,0.25,full_reference,0.0,0.0,0.0,0.0
mobservice2_memory_1625168598,mobservice2,memory,mobile,0.25,full_reference,1.0,1.0,1.0,1.0
mobservice2_memory_1625200044,mobservice2,memory,mobile,0.25,full_reference,0.4,0.0,0.0,1.0
mobservice2_memory_1625205092,mobservice2,memory,mobile,0.25,full_reference,0.2,0.0,0.0,1.0
mobservice2_memory_1625235821,mobservice2,memory,mobile,0.25,full_reference,0.8,0.0,1.0,1.0
mobservice2_memory_1625240040,mobservice2,memory,mobile,0.25,full_reference,0.8,0.0,1.0,1.0
mobservice2_memory_1625305876,mobservice2,memory,mobile,0.25,full_reference,1.0,1.0,1.0,1.0
mobservice2_memory_1625359712,mobservice2,memory,mobile,0.25,full_reference,1.0,1.0,1.0,1.0
mobservice2_memory_1625527607,mobservice2,memory,mobile,0.25,full_reference,0.8,0.0,1.0,1.0
mobservice2_memory_1625552888,mobservice2,memory,mobile,0.25,full_reference,1.0,1.0,1.0,1.0
mobservice2_memory_1625584788,mobservice2,memory,mobile,0.25,full_reference,0.0,0.0,0.0,0.0
mobservice2_memory_1625676811,mobservice2,memory,mobile,0.25,full_reference,1.0,1.0,1.0,1.0
mobservice2_memory_1625680798,mobservice2,memory,mobile,0.25,full_reference,0.6,0.0,1.0,1.0
mobservice2_memory_1625692971,mobservice2,memory,mobile,0.25,full_reference,0.0,0.0,0.0,0.0
mobservice2_memory_1625697606,mobservice2,memory,mobile,0.25,full_reference,0.0,0.0,0.0,0.0
mobservice2_memory_1625738510,mobservice2,memory,mobile,0.25,full_reference,0.8,0.0,1.0,1.0
mobservice2_memory_1625742099,mobservice2,memory,mobile,0.25,full_reference,0.0,0.0,0.0,0.0
mobservice2_memory_1625771613,mobservice2,memory,mobile,0.25,full_reference,1.0,1.0,1.0,1.0
mobservice2_memory_1625831922,mobservice2,memory,mobile,0.25,full_reference,0.8,0.0,1.0,1.0
mobservice2_memory_1625898199,mobservice2,memory,mobile,0.25,full_reference,0.2,0.0,0.0,1.0
mobservice2_memory_1625987443,mobservice2,memory,mobile,0.25,full_reference,0.8,0.0,1.0,1.0
mobservice2_memory_1626009884,mobservice2,memory,mobile,0.25,full_reference,0.0,0.0,0.0,0.0
mobservice2_memory_1626030275,mobservice2,memory,mobile,0.25,full_reference,0.0,0.0,0.0,0.0
mobservice2_memory_1626061939,mobservice2,memory,mobile,0.25,full_reference,0.0,0.0,0.0,0.0
mobservice2_memory_1626128366,mobservice2,memory,mobile,0.25,full_reference,0.8,0.0,1.0,1.0
mobservice2_memory_1626132020,mobservice2,memory,mobile,0.25,full_reference,0.4,0.0,0.0,1.0
mobservice2_memory_1626157765,mobservice2,memory,mobile,0.25,full_reference,0.2,0.0,0.0,1.0
mobservice2_memory_1626198509,mobservice2,memory,mobile,0.25,full_reference,1.0,1.0,1.0,1.0
mobservice2_memory_1626201727,mobservice2,memory,mobile,0.25,full_reference,1.0,1.0,1.0,1.0
mobservice2_memory_1626240489,mobservice2,memory,mobile,0.25,full_reference,0.8,0.0,1.0,1.0
mobservice2_memory_1626286299,mobservice2,memory,mobile,0.25,full_reference,0.0,0.0,0.0,0.0
mobservice2_memory_1626294885,mobservice2,memory,mobile,0.25,full_reference,0.0,0.0,0.0,0.0
mobservice2_memory_1626323276,mobservice2,memory,mobile,0.25,full_reference,0.4,0.0,0.0,1.0
mobservice2_memory_1626411067,mobservice2,memory,mobile,0.25,full_reference,1.0,1.0,1.0,1.0
mobservice2_memory_1626429148,mobservice2,memory,mobile,0.25,full_reference,0.0,0.0,0.0,0.0
mobservice2_memory_1626439231,mobservice2,memory,mobile,0.25,full_reference,0.8,0.0,1.0,1.0
mobservice2_memory_1626458752,mobservice2,memory,mobile,0.25,full_reference,0.4,0.0,0.0,1.0
mobservice2_memory_1626474951,mobservice2,memory,mobile,0.25,full_reference,0.8,0.0,1.0,1.0
mobservice2_memory_1626520226,mobservice2,memory,mobile,0.25,full_reference,1.0,1.0,1.0,1.0
mobservice2_memory_1626538101,mobservice2,memory,mobile,0.25,full_reference,0.4,0.0,0.0,1.0
mobservice2_memory_1626607047,mobservice2,memory,mobile,0.25,full_reference,0.0,0.0,0.0,0.0
mobservice2_memory_1626757492,mobservice2,memory,mobile,0.25,full_reference,0.6,0.0,1.0,1.0
mobservice2_memory_1626785359,mobservice2,memory,mobile,0.25,full_reference,0.0,0.0,0.0,0.0
mobservice2_memory_1626890346,mobservice2,memory,mobile,0.25,full_reference,0.0,0.0,0.0,0.0
mobservice2_memory_1626935991,mobservice2,memory,mobile,0.25,full_reference,0.2,0.0,0.0,1.0
mobservice2_memory_1626958150,mobservice2,memory,mobile,0.25,full_reference,1.0,1.0,1.0,1.0
mobservice2_memory_1626961197,mobservice2,memory,mobile,0.25,full_reference,1.0,1.0,1.0,1.0
mobservice2_memory_1626985877,mobservice2,memory,mobile,0.25,full_reference,0.6,0.0,1.0,1.0
mobservice2_memory_1627037496,mobservice2,memory,mobile,0.25,full_reference,0.6,0.0,1.0,1.0
mobservice2_memory_1627044227,mobservice2,memory,mobile,0.25,full_reference,0.4,0.0,0.0,1.0
mobservice2_memory_1627065444,mobservice2,memory,mobile,0.25,full_reference,0.2,0.0,0.0,1.0
mobservice2_memory_1627119333,mobservice2,memory,mobile,0.25,full_reference,0.4,0.0,0.0,1.0
mobservice2_memory_1627204060,mobservice2,memory,mobile,0.25,full_reference,0.8,0.0,1.0,1.0
mobservice2_memory_1627230225,mobservice2,memory,mobile,0.25,full_reference,0.8,0.0,1.0,1.0
mobservice2_memory_1627256808,mobservice2,memory,mobile,0.25,full_reference,1.0,1.0,1.0,1.0
mobservice2_memory_1627260359,mobservice2,memory,mobile,0.25,full_reference,0.0,0.0,0.0,0.0
mobservice2_memory_1627296468,mobservice2,memory,mobile,0.25,full_reference,0.0,0.0,0.0,0.0
mobservice2_memory_1627357843,mobservice2,memory,mobile,0.25,full_reference,0.0,0.0,0.0,0.0
mobservice2_memory_1627365277,mobservice2,memory,mobile,0.25,full_reference,0.2,0.0,0.0,1.0
mobservice2_memory_1627374212,mobservice2,memory,mobile,0.25,full_reference,1.0,1.0,1.0,1.0
mobservice2_memory_1627436047,mobservice2,memory,mobile,0.25,full_reference,0.8,0.0,1.0,1.0
mobservice2_memory_1627471954,mobservice2,memory,mobile,0.25,full_reference,0.2,0.0,0.0,1.0
mobservice2_memory_1627514362,mobservice2,memory,mobile,0.25,full_reference,1.0,1.0,1.0,1.0
mobservice2_memory_1627554299,mobservice2,memory,mobile,0.25,full_reference,1.0,1.0,1.0,1.0
mobservice2_memory_1627713570,mobservice2,memory,mobile,0.25,full_reference,0.0,0.0,0.0,0.0
mobservice2_memory_1627731436,mobservice2,memory,mobile,0.25,full_reference,0.4,0.0,0.0,1.0
mobservice2_qr_expired_1625152105,mobservice2,qr_expired,mobile,0.25,full_reference,0.6,0.0,1.0,1.0
mobservice2_qr_expired_1625179967,mobservice2,qr_expired,mobile,0.25,full_reference,0.8,0.0,1.0,1.0
mobservice2_qr_expired_1625210422,mobservice2,qr_expired,mobile,0.25,full_reference,0.2,0.0,0.0,1.0
mobservice2_qr_expired_1625242846,mobservice2,qr_expired,mobile,0.25,full_reference,0.8,0.0,1.0,1.0
mobservice2_qr_expired_1625275953,mobservice2,qr_expired,mobile,0.25,full_reference,0.8,0.0,1.0,1.0
mobservice2_qr_expired_1625302666,mobservice2,qr_expired,mobile,0.25,full_reference,1.0,1.0,1.0,1.0
mobservice2_qr_expired_1625334978,mobservice2,qr_expired,mobile,0.25,full_reference,0.4,0.0,0.0,1.0
mobservice2_qr_expired_1625360218,mobservice2,qr_expired,mobile,0.25,full_reference,0.8,0.0,1.0,1.0
mobservice2_qr_expired_1625390816,mobservice2,qr_expired,mobile,0.25,full_reference,1.0,1.0,1.0,1.0
mobservice2_qr_expired_1625425284,mobservice2,qr_expired,mobile,0.25,full_reference,0.6,0.0,1.0,1.0
mobservice2_qr_expired_1625455022,mobservice2,qr_expired,mobile,0.25,full_reference,1.0,1.0,1.0,1.0
mobservice2_qr_expired_1625489299,mobservice2,qr_expired,mobile,0.25,full_reference,0.6,0.0,1.0,1.0
mobservice2_qr_expired_1625521837,mobservice2,qr_expired,mobile,0.25,full_reference,0.2,0.0,0.0,1.0
mobservice2_qr_expired_1625553275,mobservice2,qr_expired,mobile,0.25,full_reference,0.6,0.0,1.0,1.0
mobservice2_qr_expired_1625586485,mobservice2,qr_expired,mobile,0.25,full_reference,0.2,0.0,0.0,1.0
mobservice2_qr_expired_1625632041,mobservice2,qr_expired,mobile,0.25,full_reference,0.2,0.0,0.0,1.0
mobservice2_qr_expired_1625675866,mobservice2,qr_expired,mobile,0.25,full_reference,0.0,0.0,0.0,0.0
mobservice2_qr_expired_1625722797,mobservice2,qr_expired,mobile,0.25,full_reference,0.4,0.0,0.0,1.0
mobservice2_qr_expired_1625778458,mobservice2,qr_expired,mobile,0.25,full_reference,1.0,1.0,1.0,1.0
mobservice2_qr_expired_1625827086,mobservice2,qr_expired,mobile,0.25,full_reference,0.0,0.0,0.0,0.0
mobservice2_qr_expired_1625871929,mobservice2,qr_expired,mobile,0.25,full_reference,0.4,0.0,0.0,1.0
mobservice2_qr_expired_1625913424,mobservice2,qr_expired,mobile,0.25,full_reference,0.4,0.0,0.0,1.0
mobservice2_qr_expired_1625953921,mobservice2,qr_expired,mobile,0.25,full_reference,1.0,1.0,1.0,1.0
mobservice2_qr_expired_1625991677,mobservice2,qr_expired,mobile,0.25,full_reference,0.0,0.0,0.0,0.0
mobservice2_qr_expired_1626027488,mobservice2,qr_expired,mobile,0.25,full_reference,0.0,0.0,0.0,0.0
mobservice2_qr_expired_1626055588,mobservice2,qr_expired,mobile,0.25,full_reference,0.0,0.0,0.0,0.0
mobservice2_qr_expired_1626092428,mobservice2,qr_expired,mobile,0.25,full_reference,0.0,0.0,0.0,0.0
mobservice2_qr_expired_1626126195,mobservice2,qr_expired,mobile,0.25,full_reference,0.0,0.0,0.0,0.0
mobservice2_qr_expired_1626148468,mobservice2,qr_expired,mobile,0.25,full_reference,0.4,0.0,0.0,1.0
mobservice2_qr_expired_1626179787,mobservice2,qr_expired,mobile,0.25,full_reference,0.4,0.0,0.0,1.0
mobservice2_qr_expired_1626214192,mobservice2,qr_expired,mobile,0.25,full_reference,0.2,0.0,0.0,1.0
mobservice2_qr_expired_1626250092,mobservice2,qr_expired,mobile,0.25,full_reference,0.0,0.0,0.0,0.0
mobservice2_qr_expired_1626285754,mobservice2,qr_expired,mobile,0.25,full_reference,0.8,0.0,1.0,1.0
mobservice2_qr_expired_1626320898,mobservice2,qr_expired,mobile,0.25,full_reference,0.8,0.0,1.0,1.0
mobservice2_qr_expired_1626353097,mobservice2,qr_expired,mobile,0.25,full_reference,0.8,0.0,1.0,1.0
mobservice2_qr_expired_1626386746,mobservice2,qr_expired,mobile,0.25,full_reference,0.4,0.0,0.0,1.0
mobservice2_qr_expired_1626422509,mobservice2,qr_expired,mobile,0.25,full_reference,0.2,0.0,0.0,1.0
mobservice2_qr_expired_1626455756,mobservice2,qr_expired,mobile,0.25,full_reference,0.0,0.0,0.0,0.0
mobservice2_qr_expired_1626488967,mobservice2,qr_expired,mobile,0.25,full_reference,0.8,0.0,1.0,1.0
mobservice2_qr_expired_1626516592,mobservice2,qr_expired,mobile,0.25,full_reference,0.2,0.0,0.0,1.0
mobservice2_qr_expired_1626548205,mobservice2,qr_expired,mobile,0.25,full_reference,0.4,0.0,0.0,1.0
mobservice2_qr_expired_1626576971,mobservice2,qr_expired,mobile,0.25,full_reference,0.8,0.0,1.0,1.0
mobservice2_qr_expired_1626607755,mobservice2,qr_expired,mobile,0.25,full_reference,1.0,1.0,1.0,1.0
mobservice2_qr_expired_1626636652,mobservice2,qr_expired,mobile,0.25,full_reference,0.0,0.0,0.0,0.0
mobservice2_qr_expired_1626763751,mobservice2,qr_expired,mobile,0.25,full_reference,0.0,0.0,0.0,0.0
mobservice2_qr_expired_1626790862,mobservice2,qr_expired,mobile,0.25,full_reference,0.0,0.0,0.0,0.0
mobservice2_qr_expired_1626826499,mobservice2,qr_expired,mobile,0.25,full_reference,0.0,0.0,0.0,0.0
mobservice2_qr_expired_1626855935,mobservice2,qr_expired,mobile,0.25,full_reference,0.0,0.0,0.0,0.0
mobservice2_qr_expired_1626885208,mobservice2,qr_expired,mobile,0.25,full_reference,0.8,0.0,1.0,1.0
mobservice2_qr_expired_1626911607,mobservice2,qr_expired,mobile,0.25,full_reference,0.2,0.0,0.0,1.0
mobservice2_qr_expired_1626942742,mobservice2,qr_expired,mobile,0.25,full_reference,0.6,0.0,1.0,1.0
mobservice2_qr_expired_1626974155,mobservice2,qr_expired,mobile,0.25,full_reference,0.6,0.0,1.0,1.0
mobservice2_qr_expired_1626999471,mobservice2,qr_expired,mobile,0.25,full_reference,0.0,0.0,0.0,0.0
mobservice2_qr_expired_1627030453,mobservice2,qr_expired,mobile,0.25,full_reference,0.4,0.0,0.0,1.0
mobservice2_qr_expired_1627056700,mobservice2,qr_expired,mobile,0.25,full_reference,1.0,1.0,1.0,1.0
mobservice2_qr_expired_1627085196,mobservice2,qr_expired,mobile,0.25,full_reference,0.2,0.0,0.0,1.0
mobservice2_qr_expired_1627113655,mobservice2,qr_expired,mobile,0.25,full_reference,0.0,0.0,0.0,0.0
mobservice2_qr_expired_1627141574,mobservice2,qr_expired,mobile,0.25,full_reference,0.2,0.0,0.0,1.0
mobservice2_qr_expired_1627170090,mobservice2,qr_expired,mobile,0.25,full_reference,0.0,0.0,0.0,0.0
mobservice2_qr_expired_1627194645,mobservice2,qr_expired,mobile,0.25,full_reference,0.2,0.0,0.0,1.0
mobservice2_qr_expired_1627220128,mobservice2,qr_expired,mobile,0.25,full_reference,0.8,0.0,1.0,1.0
mobservice2_qr_expired_1627249800,mobservice2,qr_expired,mobile,0.25,full_reference,1.0,1.0,1.0,1.0
mobservice2_qr_expired_1627279670,mobservice2,qr_expired,mobile,0.25,full_reference,0.8,0.0,1.0,1.0
mobservice2_qr_expired_1627308362,mobservice2,qr_expired,mobile,0.25,full_reference,0.4,0.0,0.0,1.0
mobservice2_qr_expired_1627337234,mobservice2,qr_expired,mobile,0.25,full_reference,0.0,0.0,0.0,0.0
mobservice2_qr_expired_1627363820,mobservice2,qr_expired,mobile,0.25,full_reference,0.0,0.0,0.0,0.0
mobservice2_qr_expired_1627389398,mobservice2,qr_expired,mobile,0.25,full_reference,1.0,1.0,1.0,1.0
mobservice2_qr_expired_1627418217,mobservice2,qr_expired,mobile,0.25,full_reference,0.8,0.0,1.0,1.0
mobservice2_qr_expired_1627450448,mobservice2,qr_expired,mobile,0.25,full_reference,1.0,1.0,1.0,1.0
mobservice2_qr_expired_1627475638,mobservice2,qr_expired,mobile,0.25,full_reference,0.0,0.0,0.0,0.0
mobservice2_qr_expired_1627503713,mobservice2,qr_expired,mobile,0.25,full_reference,0.8,0.0,1.0,1.0
mobservice2_qr_expired_1627532257,mobservice2,qr_expired,mobile,0.25,full_reference,1.0,1.0,1.0,1.0
mobservice2_qr_expired_1627561033,mobservice2,qr_expired,mobile,0.25,full_reference,1.0,1.0,1.0,1.0
mobservice2_qr_expired_1627590661,mobservice2,qr_expired,mobile,0.25,full_reference,0.6,0.0,1.0,1.0
mobservice2_qr_expired_1627615107,mobservice2,qr_expired,mobile,0.25,full_reference,1.0,1.0,1.0,1.0
mobservice2_qr_expired_1627645682,mobservice2,qr_expired,mobile,0.25,full_reference,1.0,1.0,1.0,1.0
mobservice2_qr_expired_1627671327,mobservice2,qr_expired,mobile,0.25,full_reference,0.0,0.0,0.0,0.0
mobservice2_qr_expired_1627694165,mobservice2,qr_expired,mobile,0.25,full_reference,0.0,0.0,0.0,0.0
mobservice2_qr_expired_1627721066,mobservice2,qr_expired,mobile,0.25,full_reference,0.0,0.0,0.0,0.0
mobservice2_qr_expired_1627741589,mobservice2,qr_expired,mobile,0.25,full_reference,0.0,0.0,0.0,0.0
redisservice1_errno111_1626751802,redisservice1,errno111,cache,0.25,full_reference,0.6,0.0,1.0,1.0
redisservice1_errno111_1626752423,redisservice1,errno111,cache,0.25,full_reference,0.0,0.0,0.0,0.0
redisservice1_memory_1625145523,redisservice1,memory,cache,0.25,full_reference,1.0,1.0,1.0,1.0
redisservice1_memory_1625157279,redisservice1,memory,cache,0.25,full_reference,0.2,0.0,0.0,1.0
redisservice1_memory_1625174903,redisservice1,memory,cache,0.25,full_reference,0.0,0.0,0.0,0.0
redisservice1_memory_1625272609,redisservice1,memory,cache,0.25,full_reference,0.2,0.0,0.0,1.0
redisservice1_memory_1625332594,redisservice1,memory,cache,0.25,full_reference,0.6,0.0,1.0,1.0
redisservice1_memory_1625420467,redisservice1,memory,cache,0.25,full_reference,0.0,0.0,0.0,0.0
redisservice1_memory_1625453062,redisservice1,memory,cache,0.25,full_reference,0.0,0.0,0.0,0.0
redisservice1_memory_1625473678,redisservice1,memory,cache,0.25,full_reference,0.0,0.0,0.0,0.0
redisservice1_memory_1625508996,redisservice1,memory,cache,0.25,full_reference,0.2,0.0,0.0,1.0
redisservice1_memory_1625609699,redisservice1,memory,cache,0.25,full_reference,1.0,1.0,1.0,1.0
redisservice1_memory_1625631347,redisservice1,memory,cache,0.25,full_reference,1.0,1.0,1.0,1.0
redisservice1_memory_1625699447,redisservice1,memory,cache,0.25,full_reference,0.0,0.0,0.0,0.0
redisservice1_memory_1625816205,redisservice1,memory,cache,0.25,full_reference,0.0,0.0,0.0,0.0
redisservice1_memory_1625882934,redisservice1,memory,cache,0.25,full_reference,1.0,1.0,1.0,1.0
redisservice1_memory_1625942635,redisservice1,memory,cache,0.25,full_reference,0.2,0.0,0.0,1.0
redisservice1_memory_1626014952,redisservice1,memory,cache,0.25,full_reference,0.0,0.0,0.0,0.0
redisservice1_memory_1626130579,redisservice1,memory,cache,0.25,full_reference,0.4,0.0,0.0,1.0
redisservice1_memory_1626172859,redisservice1,memory,cache,0.25,full_reference,0.0,0.0,0.0,0.0
redisservice1_memory_1626177452,redisservice1,memory,cache,0.25,full_reference,0.0,0.0,0.0,0.0
redisservice1_memory_1626185810,redisservice1,memory,cache,0.25,full_reference,0.0,0.0,0.0,0.0
redisservice1_memory_1626275221,redisservice1,memory,cache,0.25,full_reference,0.2,0.0,0.0,1.0
redisservice1_memory_1626278567,redisservice1,memory,cache,0.25,full_reference,0.0,0.0,0.0,0.0
redisservice1_memory_1626337048,redisservice1,memory,cache,0.25,full_reference,1.0,1.0,1.0,1.0
redisservice1_memory_1626374212,redisservice1,memory,cache,0.25,full_reference,0.4,0.0,0.0,1.0
redisservice1_memory_1626444115,redisservice1,memory,cache,0.25,full_reference,0.0,0.0,0.0,0.0
redisservice1_memory_1626517230,redisservice1,memory,cache,0.25,full_reference,1.0,1.0,1.0,1.0
redisservice1_memory_1626520325,redisservice1,memory,cache,0.25,full_reference,0.0,0.0,0.0,0.0
redisservice1_memory_1626552122,redisservice1,memory,cache,0.25,full_reference,0.8,0.0,1.0,1.0
redisservice1_memory_1626758417,redisservice1,memory,cache,0.25,full_reference,0.0,0.0,0.0,0.0
redisservice1_memory_1626851723,redisservice1,memory,cache,0.25,full_reference,0.0,0.0,0.0,0.0
redisservice1_memory_1626864205,redisservice1,memory,cache,0.25,full_reference,0.0,0.0,0.0,0.0
redisservice1_memory_1626871199,redisservice1,memory,cache,0.25,full_reference,0.0,0.0,0.0,0.0
redisservice1_memory_1626943678,redisservice1,memory,cache,0.25,full_reference,0.2,0.0,0.0,1.0
redisservice1_memory_1626975786,redisservice1,memory,cache,0.25,full_reference,0.0,0.0,0.0,0.0
redisservice1_memory_1626979689,redisservice1,memory,cache,0.25,full_reference,0.0,0.0,0.0,0.0
redisservice1_memory_1627002068,redisservice1,memory,cache,0.25,full_reference,0.8,0.0,1.0,1.0
redisservice1_memory_1627081010,redisservice1,memory,cache,0.25,full_reference,1.0,1.0,1.0,1.0
redisservice1_memory_1627111126,redisservice1,memory,cache,0.25,full_reference,0.0,0.0,0.0,0.0
redisservice1_memory_1627213476,redisservice1,memory,cache,0.25,full_reference,1.0,1.0,1.0,1.0
redisservice1_memory_1627219738,redisservice1,memory,cache,0.25,full_reference,0.6,0.0,1.0,1.0
redisservice1_memory_1627303947,redisservice1,memory,cache,0.25,full_reference,0.0,0.0,0.0,0.0
redisservice1_memory_1627332332,redisservice1,memory,cache,0.25,full_reference,0.4,0.0,0.0,1.0
redisservice1_memory_1627362134,redisservice1,memory,cache,0.25,full_reference,0.4,0.0,0.0,1.0
redisservice1_memory_1627367085,redisservice1,memory,cache,0.25,full_reference,0.0,0.0,0.0,0.0
redisservice1_memory_1627381864,redisservice1,memory,cache,0.25,full_reference,0.6,0.0,1.0,1.0
redisservice1_memory_1627436567,redisservice1,memory,cache,0.25,full_reference,1.0,1.0,1.0,1.0
redisservice1_memory_1627512202,redisservice1,memory,cache,0.25,full_reference,0.0,0.0,0.0,0.0
redisservice1_memory_1627531834,redisservice1,memory,cache,0.25,full_reference,0.0,0.0,0.0,0.0
redisservice1_memory_1627574700,redisservice1,memory,cache,0.25,full_reference,0.0,0.0,0.0,0.0
redisservice1_memory_1627588078,redisservice1,memory,cache,0.25,full_reference,0.6,0.0,1.0,1.0
redisservice1_memory_1627657138,redisservice1,memory,cache,0.25,full_reference,0.0,0.0,0.0,0.0
redisservice1_memory_1627670203,redisservice1,memory,cache,0.25,full_reference,0.0,0.0,0.0,0.0
redisservice1_memory_1627713030,redisservice1,memory,cache,0.25,full_reference,0.0,0.0,0.0,0.0
redisservice1_memory_1627749155,redisservice1,memory,cache,0.25,full_reference,0.0,0.0,0.0,0.0
redisservice1_memory_1627760867,redisservice1,memory,cache,0.25,full_reference,0.2,0.0,0.0,1.0
redisservice2_errno111_1626751801,redisservice2,errno111,cache,0.25,full_reference,0.2,0.0,0.0,1.0
redisservice2_errno111_1626752427,redisservice2,errno111,cache,0.25,full_reference,0.2,0.0,0.0,1.0
redisservice2_memory_1625155035,redisservice2,memory,cache,0.25,full_reference,0.4,0.0,0.0,1.0
redisservice2_memory_1625165701,redisservice2,memory,cache,0.25,full_reference,0.0,0.0,0.0,0.0
redisservice2_memory_1625175011,redisservice2,memory,cache,0.25,full_reference,0.2,0.0,0.0,1.0
redisservice2_memory_1625179202,redisservice2,memory,cache,0.25,full_reference,0.4,0.0,0.0,1.0
redisservice2_memory_1625250114,redisservice2,memory,cache,0.25,full_reference,0.2,0.0,0.0,1.0
redisservice2_memory_1625264600,redisservice2,memory,cache,0.25,full_reference,0.0,0.0,0.0,0.0
redisservice2_memory_1625320792,redisservice2,memory,cache,0.25,full_reference,0.0,0.0,0.0,0.0
redisservice2_memory_1625324488,redisservice2,memory,cache,0.25,full_reference,0.0,0.0,0.0,0.0
redisservice2_memory_1625493529,redisservice2,memory,cache,0.25,full_reference,0.6,0.0,1.0,1.0
redisservice2_memory_1625512043,redisservice2,memory,cache,0.25,full_reference,0.0,0.0,0.0,0.0
redisservice2_memory_1625620800,redisservice2,memory,cache,0.25,full_reference,0.2,0.0,0.0,1.0
redisservice2_memory_1625692590,redisservice2,memory,cache,0.25,full_reference,0.2,0.0,0.0,1.0
redisservice2_memory_1625733844,redisservice2,memory,cache,0.25,full_reference,1.0,1.0,1.0,1.0
redisservice2_memory_1625752669,redisservice2,memory,cache,0.25,full_reference,0.0,0.0,0.0,0.0
redisservice2_memory_1625768486,redisservice2,memory,cache,0.25,full_reference,0.0,0.0,0.0,0.0
redisservice2_memory_1625790000,redisservice2,memory,cache,0.25,full_reference,1.0,1.0,1.0,1.0
redisservice2_memory_1625819320,redisservice2,memory,cache,0.25,full_reference,0.0,0.0,0.0,0.0
redisservice2_memory_1625845367,redisservice2,memory,cache,0.25,full_reference,0.0,0.0,0.0,0.0
redisservice2_memory_1625874853,redisservice2,memory,cache,0.25,full_reference,0.6,0.0,1.0,1.0
redisservice2_memory_1625882839,redisservice2,memory,cache,0.25,full_reference,0.0,0.0,0.0,0.0
redisservice2_memory_1625954379,redisservice2,memory,cache,0.25,full_reference,0.8,0.0,1.0,1.0
redisservice2_memory_1625985172,redisservice2,memory,cache,0.25,full_reference,0.8,0.0,1.0,1.0
redisservice2_memory_1626048164,redisservice2,memory,cache,0.25,full_reference,0.0,0.0,0.0,0.0
redisservice2_memory_1626074288,redisservice2,memory,cache,0.25,full_reference,0.4,0.0,0.0,1.0
redisservice2_memory_1626096553,redisservice2,memory,cache,0.25,full_reference,0.2,0.0,0.0,1.0
redisservice2_memory_1626127643,redisservice2,memory,cache,0.25,full_reference,1.0,1.0,1.0,1.0
redisservice2_memory_1626131951,redisservice2,memory,cache,0.25,full_reference,0.6,0.0,1.0,1.0
redisservice2_memory_1626178417,redisservice2,memory,cache,0.25,full_reference,0.0,0.0,0.0,0.0
redisservice2_memory_1626247718,redisservice2,memory,cache,0.25,full_reference,0.8,0.0,1.0,1.0
redisservice2_memory_1626307296,redisservice2,memory,cache,0.25,full_reference,0.0,0.0,0.0,0.0
redisservice2_memory_1626319731,redisservice2,memory,cache,0.25,full_reference,0.0,0.0,0.0,0.0
redisservice2_memory_1626375654,redisservice2,memory,cache,0.25,full_reference,0.4,0.0,0.0,1.0
redisservice2_memory_1626410429,redisservice2,memory,cache,0.25,full_reference,0.8,0.0,1.0,1.0
redisservice2_memory_1626496139,redisservice2,memory,cache,0.25,full_reference,0.0,0.0,0.0,0.0
redisservice2_memory_1626741618,redisservice2,memory,cache,0.25,full_reference,1.0,1.0,1.0,1.0
redisservice2_memory_1626765949,redisservice2,memory,cache,0.25,full_reference,0.0,0.0,0.0,0.0
redisservice2_memory_1626783759,redisservice2,memory,cache,0.25,full_reference,0.0,0.0,0.0,0.0
redisservice2_memory_1626847510,redisservice2,memory,cache,0.25,full_reference,0.4,0.0,0.0,1.0
redisservice2_memory_1626861594,redisservice2,memory,cache,0.25,full_reference,0.6,0.0,1.0,1.0
redisservice2_memory_1626934034,redisservice2,memory,cache,0.25,full_reference,0.0,0.0,0.0,0.0
redisservice2_memory_1627016217,redisservice2,memory,cache,0.25,full_reference,0.4,0.0,0.0,1.0
redisservice2_memory_1627022600,redisservice2,memory,cache,0.25,full_reference,0.0,0.0,0.0,0.0
redisservice2_memory_1627063787,redisservice2,memory,cache,0.25,full_reference,0.0,0.0,0.0,0.0
redisservice2_memory_1627072253,redisservice2,memory,cache,0.25,full_reference,0.0,0.0,0.0,0.0
redisservice2_memory_1627115108,redisservice2,memory,cache,0.25,full_reference,0.0,0.0,0.0,0.0
redisservice2_memory_1627140541,redisservice2,memory,cache,0.25,full_reference,0.6,0.0,1.0,1.0
redisservice2_memory_1627269946,redisservice2,memory,cache,0.25,full_reference,0.6,0.0,1.0,1.0
redisservice2_memory_1627293263,redisservice2,memory,cache,0.25,full_reference,0.0,0.0,0.0,0.0
redisservice2_memory_1627386167,redisservice2,memory,cache,0.25,full_reference,1.0,1.0,1.0,1.0
redisservice2_memory_1627409250,redisservice2,memory,cache,0.25,full_reference,0.0,0.0,0.0,0.0
redisservice2_memory_1627454973,redisservice2,memory,cache,0.25,full_reference,1.0,1.0,1.0,1.0
redisservice2_memory_1627585056,redisservice2,memory,cache,0.25,full_reference,0.0,0.0,0.0,0.0
redisservice2_memory_1627613855,redisservice2,memory,cache,0.25,full_reference,0.4,0.0,0.0,1.0
redisservice2_memory_1627629714,redisservice2,memory,cache,0.25,full_reference,0.0,0.0,0.0,0.0
redisservice2_memory_1627738678,redisservice2,memory,cache,0.25,full_reference,0.6,0.0,1.0,1.0
redisservice2_memory_1627745580,redisservice2,memory,cache,0.25,full_reference,0.8,0.0,1.0,1.0
redisservice2_memory_1627748697,redisservice2,memory,cache,0.25,full_reference,0.0,0.0,0.0,0.0
webservice1_cpu_1627724616,webservice1,cpu,web,0.25,full_reference,0.4,0.0,0.0,1.0
webservice1_errno111_1626750601,webservice1,errno111,web,0.25,full_reference,0.8,0.0,1.0,1.0
webservice1_errno111_1626750732,webservice1,errno111,web,0.25,full_reference,0.2,0.0,0.0,1.0
webservice1_file_move_1625256600,webservice1,file_move,web,0.25,full_reference,1.0,1.0,1.0,1.0
webservice1_file_move_1625371800,webservice1,file_move,web,0.25,full_reference,1.0,1.0,1.0,1.0
webservice1_file_move_1625400601,webservice1,file_move,web,0.25,full_reference,1.0,1.0,1.0,1.0
webservice1_file_move_1625631001,webservice1,file_move,web,0.25,full_reference,0.8,0.0,1.0,1.0
webservice1_file_move_1625706600,webservice1,file_move,web,0.25,full_reference,1.0,1.0,1.0,1.0
webservice1_file_move_1625775000,webservice1,file_move,web,0.25,full_reference,0.8,0.0,1.0,1.0
webservice1_file_move_1625890201,webservice1,file_move,web,0.25,full_reference,1.0,1.0,1.0,1.0
webservice1_file_move_1625933400,webservice1,file_move,web,0.25,full_reference,1.0,1.0,1.0,1.0
webservice1_file_move_1626149400,webservice1,file_move,web,0.25,full_reference,0.8,0.0,1.0,1.0
webservice1_file_move_1626264600,webservice1,file_move,web,0.25,full_reference,0.4,0.0,0.0,1.0
webservice1_file_move_1626351000,webservice1,file_move,web,0.25,full_reference,1.0,1.0,1.0,1.0
webservice1_file_move_1626509400,webservice1,file_move,web,0.25,full_reference,0.8,0.0,1.0,1.0
webservice1_file_move_1626797400,webservice1,file_move,web,0.25,full_reference,1.0,1.0,1.0,1.0
webservice1_file_move_1626840600,webservice1,file_move,web,0.25,full_reference,1.0,1.0,1.0,1.0
webservice1_file_move_1626916200,webservice1,file_move,web,0.25,full_reference,1.0,1.0,1.0,1.0
webservice1_file_move_1627114200,webservice1,file_move,web,0.25,full_reference,0.8,0.0,1.0,1.0
webservice1_file_move_1627503000,webservice1,file_move,web,0.25,full_reference,0.8,0.0,1.0,1.0
webservice1_file_move_1627521000,webservice1,file_move,web,0.25,full_reference,1.0,1.0,1.0,1.0
webservice1_file_move_1627531800,webservice1,file_move,web,0.25,full_reference,1.0,1.0,1.0,1.0
webservice1_file_move_1627607400,webservice1,file_move,web,0.25,full_reference,0.8,0.0,1.0,1.0
webservice1_file_move_1627632600,webservice1,file_move,web,0.25,full_reference,1.0,1.0,1.0,1.0
webservice1_file_move_1627661400,webservice1,file_move,web,0.25,full_reference,1.0,1.0,1.0,1.0
webservice1_memory_1625222072,webservice1,memory,web,0.25,full_reference,0.0,0.0,0.0,0.0
webservice1_memory_1625373179,webservice1,memory,web,0.25,full_reference,0.6,0.0,1.0,1.0
webservice1_memory_1625380916,webservice1,memory,web,0.25,full_reference,0.0,0.0,0.0,0.0
webservice1_memory_1625415630,webservice1,memory,web,0.25,full_reference,0.0,0.0,0.0,0.0
webservice1_memory_1625506658,webservice1,memory,web,0.25,full_reference,0.0,0.0,0.0,0.0
webservice1_memory_1625522955,webservice1,memory,web,0.25,full_reference,0.0,0.0,0.0,0.0
webservice1_memory_1625546136,webservice1,memory,web,0.25,full_reference,0.0,0.0,0.0,0.0
webservice1_memory_1625607930,webservice1,memory,web,0.25,full_reference,0.4,0.0,0.0,1.0
webservice1_memory_1625662559,webservice1,memory,web,0.25,full_reference,0.2,0.0,0.0,1.0
webservice1_memory_1625715729,webservice1,memory,web,0.25,full_reference,0.0,0.0,0.0,0.0
webservice1_memory_1625744233,webservice1,memory,web,0.25,full_reference,0.0,0.0,0.0,0.0
webservice1_memory_1625777703,webservice1,memory,web,0.25,full_reference,0.4,0.0,0.0,1.0
webservice1_memory_1625820924,webservice1,memory,web,0.25,full_reference,0.0,0.0,0.0,0.0
webservice1_memory_1625860918,webservice1,memory,web,0.25,full_reference,0.0,0.0,0.0,0.0
webservice1_memory_1625881257,webservice1,memory,web,0.25,full_reference,0.0,0.0,0.0,0.0
webservice1_memory_1625903663,webservice1,memory,web,0.25,full_reference,0.0,0.0,0.0,0.0
webservice1_memory_1625957279,webservice1,memory,web,0.25,full_reference,0.0,0.0,0.0,0.0
webservice1_memory_1625991808,webservice1,memory,web,0.25,full_reference,0.2,0.0,0.0,1.0
webservice1_memory_1626079674,webservice1,memory,web,0.25,full_reference,0.8,0.0,1.0,1.0
webservice1_memory_1626111467,webservice1,memory,web,0.25,full_reference,0.0,0.0,0.0,0.0
webservice1_memory_1626198054,webservice1,memory,web,0.25,full_reference,0.8,0.0,1.0,1.0
webservice1_memory_1626236265,webservice1,memory,web,0.25,full_reference,0.6,0.0,1.0,1.0
webservice1_memory_1626258904,webservice1,memory,web,0.25,full_reference,0.0,0.0,0.0,0.0
webservice1_memory_1626322165,webservice1,memory,web,0.25,full_reference,0.8,0.0,1.0,1.0
webservice1_memory_1626371978,webservice1,memory,web,0.25,full_reference,0.6,0.0,1.0,1.0
webservice1_memory_1626406508,webservice1,memory,web,0.25,full_reference,0.0,0.0,0.0,0.0
webservice1_memory_1626434165,webservice1,memory,web,0.25,full_reference,0.0,0.0,0.0,0.0
webservice1_memory_1626498601,webservice1,memory,web,0.25,full_reference,0.0,0.0,0.0,0.0
webservice1_memory_1626548045,webservice1,memory,web,0.25,full_reference,0.0,0.0,0.0,0.0
webservice1_memory_1626605103,webservice1,memory,web,0.25,full_reference,0.0,0.0,0.0,0.0
webservice1_memory_1626759297,webservice1,memory,web,0.25,full_reference,0.0,0.0,0.0,0.0
webservice1_memory_1626806854,webservice1,memory,web,0.25,full_reference,0.0,0.0,0.0,0.0
webservice1_memory_1626829989,webservice1,memory,web,0.25,full_reference,0.0,0.0,0.0,0.0
webservice1_memory_1626881411,webservice1,memory,web,0.25,full_reference,0.2,0.0,0.0,1.0
webservice1_memory_1626888666,webservice1,memory,web,0.25,full_reference,1.0,1.0,1.0,1.0
webservice1_memory_1626917861,webservice1,memory,web,0.25,full_reference,0.0,0.0,0.0,0.0
webservice1_memory_1626933556,webservice1,memory,web,0.25,full_reference,0.0,0.0,0.0,0.0
webservice1_memory_1626956223,webservice1,memory,web,0.25,full_reference,0.0,0.0,0.0,0.0
webservice1_memory_1626992148,webservice1,memory,web,0.25,full_reference,0.0,0.0,0.0,0.0
webservice1_memory_1627046678,webservice1,memory,web,0.25,full_reference,0.0,0.0,0.0,0.0
webservice1_memory_1627057566,webservice1,memory,web,0.25,full_reference,0.2,0.0,0.0,1.0
webservice1_memory_1627079078,webservice1,memory,web,0.25,full_reference,0.2,0.0,0.0,1.0
webservice1_memory_1627100569,webservice1,memory,web,0.25,full_reference,0.2,0.0,0.0,1.0
webservice1_memory_1627122542,webservice1,memory,web,0.25,full_reference,0.6,0.0,1.0,1.0
webservice1_memory_1627157039,webservice1,memory,web,0.25,full_reference,1.0,1.0,1.0,1.0
webservice1_memory_1627174739,webservice1,memory,web,0.25,full_reference,0.6,0.0,1.0,1.0
webservice1_memory_1627194266,webservice1,memory,web,0.25,full_reference,0.0,0.0,0.0,0.0
webservice1_memory_1627218977,webservice1,memory,web,0.25,full_reference,0.4,0.0,0.0,1.0
webservice1_memory_1627316277,webservice1,memory,web,0.25,full_reference,0.6,0.0,1.0,1.0
webservice1_memory_1627330168,webservice1,memory,web,0.25,full_reference,0.0,0.0,0.0,0.0
webservice1_memory_1627342282,webservice1,memory,web,0.25,full_reference,0.2,0.0,0.0,1.0
webservice1_memory_1627361744,webservice1,memory,web,0.25,full_reference,0.0,0.0,0.0,0.0
webservice1_memory_1627381040,webservice1,memory,web,0.25,full_reference,0.4,0.0,0.0,1.0
webservice1_memory_1627399949,webservice1,memory,web,0.25,full_reference,0.0,0.0,0.0,0.0
webservice1_memory_1627427700,webservice1,memory,web,0.25,full_reference,0.4,0.0,0.0,1.0
webservice1_memory_1627539698,webservice1,memory,web,0.25,full_reference,0.0,0.0,0.0,0.0
webservice1_memory_1627672100,webservice1,memory,web,0.25,full_reference,0.6,0.0,1.0,1.0
webservice1_memory_1627708025,webservice1,memory,web,0.25,full_reference,0.0,0.0,0.0,0.0
webservice1_memory_1627724870,webservice1,memory,web,0.25,full_reference,0.0,0.0,0.0,0.0
webservice1_memory_1627750701,webservice1,memory,web,0.25,full_reference,0.2,0.0,0.0,1.0
webservice2_cpu_1627270294,webservice2,cpu,web,0.25,full_reference,0.0,0.0,0.0,0.0
webservice2_errno111_1626750601,webservice2,errno111,web,0.25,full_reference,1.0,1.0,1.0,1.0
webservice2_errno111_1626750706,webservice2,errno111,web,0.25,full_reference,0.0,0.0,0.0,0.0
webservice2_file_move_1625361000,webservice2,file_move,web,0.25,full_reference,1.0,1.0,1.0,1.0
webservice2_file_move_1625386200,webservice2,file_move,web,0.25,full_reference,0.8,0.0,1.0,1.0
webservice2_file_move_1625501400,webservice2,file_move,web,0.25,full_reference,0.0,0.0,0.0,0.0
webservice2_file_move_1625559000,webservice2,file_move,web,0.25,full_reference,0.2,0.0,0.0,1.0
webservice2_file_move_1625587800,webservice2,file_move,web,0.25,full_reference,0.6,0.0,1.0,1.0
webservice2_file_move_1625793000,webservice2,file_move,web,0.25,full_reference,1.0,1.0,1.0,1.0
webservice2_file_move_1626163800,webservice2,file_move,web,0.25,full_reference,0.8,0.0,1.0,1.0
webservice2_file_move_1626264600,webservice2,file_move,web,0.25,full_reference,0.6,0.0,1.0,1.0
webservice2_file_move_1626869400,webservice2,file_move,web,0.25,full_reference,0.8,0.0,1.0,1.0
webservice2_file_move_1626883800,webservice2,file_move,web,0.25,full_reference,0.6,0.0,1.0,1.0
webservice2_file_move_1626927000,webservice2,file_move,web,0.25,full_reference,0.8,0.0,1.0,1.0
webservice2_file_move_1626955800,webservice2,file_move,web,0.25,full_reference,1.0,1.0,1.0,1.0
webservice2_file_move_1627071001,webservice2,file_move,web,0.25,full_reference,1.0,1.0,1.0,1.0
webservice2_file_move_1627089000,webservice2,file_move,web,0.25,full_reference,1.0,1.0,1.0,1.0
webservice2_file_move_1627215000,webservice2,file_move,web,0.25,full_reference,0.8,0.0,1.0,1.0
webservice2_file_move_1627488601,webservice2,file_move,web,0.25,full_reference,0.6,0.0,1.0,1.0
webservice2_file_move_1627503000,webservice2,file_move,web,0.25,full_reference,1.0,1.0,1.0,1.0
webservice2_file_move_1627575000,webservice2,file_move,web,0.25,full_reference,1.0,1.0,1.0,1.0
webservice2_file_move_1627607400,webservice2,file_move,web,0.25,full_reference,1.0,1.0,1.0,1.0
webservice2_file_move_1627632600,webservice2,file_move,web,0.25,full_reference,0.8,0.0,1.0,1.0
webservice2_file_move_1627704600,webservice2,file_move,web,0.25,full_reference,1.0,1.0,1.0,1.0
webservice2_memory_1625138212,webservice2,memory,web,0.25,full_reference,0.0,0.0,0.0,0.0
webservice2_memory_1625154530,webservice2,memory,web,0.25,full_reference,0.0,0.0,0.0,0.0
webservice2_memory_1625212312,webservice2,memory,web,0.25,full_reference,0.0,0.0,0.0,0.0
webservice2_memory_1625325487,webservice2,memory,web,0.25,full_reference,0.0,0.0,0.0,0.0
webservice2_memory_1625367620,webservice2,memory,web,0.25,full_reference,0.0,0.0,0.0,0.0
webservice2_memory_1625381030,webservice2,memory,web,0.25,full_reference,0.4,0.0,0.0,1.0
webservice2_memory_1625418006,webservice2,memory,web,0.25,full_reference,0.4,0.0,0.0,1.0
webservice2_memory_1625424557,webservice2,memory,web,0.25,full_reference,0.6,0.0,1.0,1.0
webservice2_memory_1625614232,webservice2,memory,web,0.25,full_reference,0.0,0.0,0.0,0.0
webservice2_memory_1625649699,webservice2,memory,web,0.25,full_reference,0.2,0.0,0.0,1.0
webservice2_memory_1625734162,webservice2,memory,web,0.25,full_reference,0.0,0.0,0.0,0.0
webservice2_memory_1625744497,webservice2,memory,web,0.25,full_reference,0.4,0.0,0.0,1.0
webservice2_memory_1625747511,webservice2,memory,web,0.25,full_reference,0.2,0.0,0.0,1.0
webservice2_memory_1625777099,webservice2,memory,web,0.25,full_reference,1.0,1.0,1.0,1.0
webservice2_memory_1625806048,webservice2,memory,web,0.25,full_reference,0.0,0.0,0.0,0.0
webservice2_memory_1625856842,webservice2,memory,web,0.25,full_reference,0.0,0.0,0.0,0.0
webservice2_memory_1625890558,webservice2,memory,web,0.25,full_reference,0.0,0.0,0.0,0.0
webservice2_memory_1625896703,webservice2,memory,web,0.25,full_reference,0.0,0.0,0.0,0.0
webservice2_memory_1626003242,webservice2,memory,web,0.25,full_reference,0.0,0.0,0.0,0.0
webservice2_memory_1626007446,webservice2,memory,web,0.25,full_reference,0.2,0.0,0.0,1.0
webservice2_memory_1626018521,webservice2,memory,web,0.25,full_reference,0.4,0.0,0.0,1.0
webservice2_memory_1626030740,webservice2,memory,web,0.25,full_reference,0.4,0.0,0.0,1.0
webservice2_memory_1626052978,webservice2,memory,web,0.25,full_reference,0.4,0.0,0.0,1.0
webservice2_memory_1626097343,webservice2,memory,web,0.25,full_reference,0.4,0.0,0.0,1.0
webservice2_memory_1626104516,webservice2,memory,web,0.25,full_reference,0.0,0.0,0.0,0.0
webservice2_memory_1626204647,webservice2,memory,web,0.25,full_reference,0.0,0.0,0.0,0.0
webservice2_memory_1626267308,webservice2,memory,web,0.25,full_reference,0.0,0.0,0.0,0.0
webservice2_memory_1626284568,webservice2,memory,web,0.25,full_reference,0.2,0.0,0.0,1.0
webservice2_memory_1626288105,webservice2,memory,web,0.25,full_reference,0.0,0.0,0.0,0.0
webservice2_memory_1626314797,webservice2,memory,web,0.25,full_reference,0.0,0.0,0.0,0.0
webservice2_memory_1626374035,webservice2,memory,web,0.25,full_reference,0.2,0.0,0.0,1.0
webservice2_memory_1626417018,webservice2,memory,web,0.25,full_reference,0.0,0.0,0.0,0.0
webservice2_memory_1626427252,webservice2,memory,web,0.25,full_reference,0.0,0.0,0.0,0.0
webservice2_memory_1626506288,webservice2,memory,web,0.25,full_reference,0.6,0.0,1.0,1.0
webservice2_memory_1626525063,webservice2,memory,web,0.25,full_reference,0.2,0.0,0.0,1.0
webservice2_memory_1626589456,webservice2,memory,web,0.25,full_reference,0.4,0.0,0.0,1.0
webservice2_memory_1626787776,webservice2,memory,web,0.25,full_reference,0.0,0.0,0.0,0.0
webservice2_memory_1626817432,webservice2,memory,web,0.25,full_reference,0.0,0.0,0.0,0.0
webservice2_memory_1626850836,webservice2,memory,web,0.25,full_reference,0.0,0.0,0.0,0.0
webservice2_memory_1626869243,webservice2,memory,web,0.25,full_reference,1.0,1.0,1.0,1.0
webservice2_memory_1626905392,webservice2,memory,web,0.25,full_reference,0.0,0.0,0.0,0.0
webservice2_memory_1626939504,webservice2,memory,web,0.25,full_reference,0.6,0.0,1.0,1.0
webservice2_memory_1627032836,webservice2,memory,web,0.25,full_reference,0.0,0.0,0.0,0.0
webservice2_memory_1627085325,webservice2,memory,web,0.25,full_reference,0.8,0.0,1.0,1.0
webservice2_memory_1627091294,webservice2,memory,web,0.25,full_reference,0.2,0.0,0.0,1.0
webservice2_memory_1627100690,webservice2,memory,web,0.25,full_reference,0.0,0.0,0.0,0.0
webservice2_memory_1627119052,webservice2,memory,web,0.25,full_reference,0.2,0.0,0.0,1.0
webservice2_memory_1627196935,webservice2,memory,web,0.25,full_reference,0.2,0.0,0.0,1.0
webservice2_memory_1627217059,webservice2,memory,web,0.25,full_reference,0.0,0.0,0.0,0.0
webservice2_memory_1627286385,webservice2,memory,web,0.25,full_reference,0.0,0.0,0.0,0.0
webservice2_memory_1627323573,webservice2,memory,web,0.25,full_reference,0.0,0.0,0.0,0.0
webservice2_memory_1627354358,webservice2,memory,web,0.25,full_reference,0.0,0.0,0.0,0.0
webservice2_memory_1627372277,webservice2,memory,web,0.25,full_reference,0.0,0.0,0.0,0.0
webservice2_memory_1627423928,webservice2,memory,web,0.25,full_reference,0.0,0.0,0.0,0.0
webservice2_memory_1627432266,webservice2,memory,web,0.25,full_reference,0.8,0.0,1.0,1.0
webservice2_memory_1627459375,webservice2,memory,web,0.25,full_reference,0.6,0.0,1.0,1.0
webservice2_memory_1627485396,webservice2,memory,web,0.25,full_reference,0.0,0.0,0.0,0.0
webservice2_memory_1627546421,webservice2,memory,web,0.25,full_reference,0.8,0.0,1.0,1.0
webservice2_memory_1627570264,webservice2,memory,web,0.25,full_reference,0.6,0.0,1.0,1.0
webservice2_memory_1627718583,webservice2,memory,web,0.25,full_reference,0.0,0.0,0.0,0.0
webservice2_memory_1627731038,webservice2,memory,web,0.25,full_reference,0.2,0.0,0.0,1.0
webservice2_memory_1627742508,webservice2,memory,web,0.25,full_reference,0.2,0.0,0.0,1.0
webservice2_memory_1627752181,webservice2,memory,web,0.25,full_reference,0.0,0.0,0.0,0.0
dbservice1_cpu_1627429585,dbservice1,cpu,database,0.25,random_multibudget,0.52,0.2,0.6,0.6
dbservice1_cpu_1627464819,dbservice1,cpu,database,0.25,random_multibudget,0.27999999999999997,0.2,0.2,0.4
dbservice1_cpu_1627475651,dbservice1,cpu,database,0.25,random_multibudget,0.16,0.0,0.0,0.6
dbservice1_cpu_1627486293,dbservice1,cpu,database,0.25,random_multibudget,0.12,0.0,0.2,0.2
dbservice1_cpu_1627509699,dbservice1,cpu,database,0.25,random_multibudget,0.36,0.2,0.4,0.4
dbservice1_cpu_1627529324,dbservice1,cpu,database,0.25,random_multibudget,0.6799999999999999,0.6,0.6,0.8
dbservice1_cpu_1627572876,dbservice1,cpu,database,0.25,random_multibudget,0.16,0.0,0.2,0.2
dbservice1_cpu_1627703827,dbservice1,cpu,database,0.25,random_multibudget,0.16,0.0,0.0,0.4
dbservice1_errno111_1626750606,dbservice1,errno111,database,0.25,random_multibudget,0.24,0.2,0.2,0.4
dbservice1_errno111_1626750701,dbservice1,errno111,database,0.25,random_multibudget,0.52,0.0,0.6,0.8
dbservice1_memory_1625140467,dbservice1,memory,database,0.25,random_multibudget,0.4,0.4,0.4,0.4
dbservice1_memory_1625178785,dbservice1,memory,database,0.25,random_multibudget,0.44000000000000006,0.2,0.4,0.6
dbservice1_memory_1625188889,dbservice1,memory,database,0.25,random_multibudget,0.2,0.0,0.2,0.4
dbservice1_memory_1625231603,dbservice1,memory,database,0.25,random_multibudget,0.36,0.2,0.2,0.6
dbservice1_memory_1625243441,dbservice1,memory,database,0.25,random_multibudget,0.08,0.0,0.0,0.4
dbservice1_memory_1625384013,dbservice1,memory,database,0.25,random_multibudget,0.36,0.2,0.2,0.8
dbservice1_memory_1625411468,dbservice1,memory,database,0.25,random_multibudget,0.64,0.4,0.6,1.0
dbservice1_memory_1625418705,dbservice1,memory,database,0.25,random_multibudget,0.24,0.2,0.2,0.4
dbservice1_memory_1625578885,dbservice1,memory,database,0.25,random_multibudget,0.27999999999999997,0.0,0.2,0.8
dbservice1_memory_1625582957,dbservice1,memory,database,0.25,random_multibudget,0.24000000000000005,0.0,0.2,0.4
dbservice1_memory_1625637896,dbservice1,memory,database,0.25,random_multibudget,0.27999999999999997,0.2,0.2,0.4
dbservice1_memory_1625671282,dbservice1,memory,database,0.25,random_multibudget,0.32,0.2,0.4,0.4
dbservice1_memory_1625675230,dbservice1,memory,database,0.25,random_multibudget,0.4,0.4,0.4,0.4
dbservice1_memory_1625679820,dbservice1,memory,database,0.25,random_multibudget,0.04,0.0,0.0,0.2
dbservice1_memory_1625768540,dbservice1,memory,database,0.25,random_multibudget,0.4,0.0,0.4,0.8
dbservice1_memory_1625849028,dbservice1,memory,database,0.25,random_multibudget,0.32,0.0,0.4,0.6
dbservice1_memory_1625863841,dbservice1,memory,database,0.25,random_multibudget,0.16,0.0,0.2,0.4
dbservice1_memory_1625867158,dbservice1,memory,database,0.25,random_multibudget,0.32,0.0,0.4,0.6
dbservice1_memory_1625870624,dbservice1,memory,database,0.25,random_multibudget,0.32,0.0,0.4,0.6
dbservice1_memory_1625909033,dbservice1,memory,database,0.25,random_multibudget,0.0,0.0,0.0,0.0
dbservice1_memory_1625914032,dbservice1,memory,database,0.25,random_multibudget,0.44000000000000006,0.0,0.6,0.6
dbservice1_memory_1625964302,dbservice1,memory,database,0.25,random_multibudget,0.27999999999999997,0.0,0.2,0.6
dbservice1_memory_1626032238,dbservice1,memory,database,0.25,random_multibudget,0.27999999999999997,0.2,0.2,0.6
dbservice1_memory_1626113371,dbservice1,memory,database,0.25,random_multibudget,0.24,0.2,0.2,0.4
dbservice1_memory_1626178789,dbservice1,memory,database,0.25,random_multibudget,0.16,0.0,0.0,0.6
dbservice1_memory_1626195234,dbservice1,memory,database,0.25,random_multibudget,0.0,0.0,0.0,0.0
dbservice1_memory_1626266259,dbservice1,memory,database,0.25,random_multibudget,0.4,0.2,0.4,0.6
dbservice1_memory_1626306060,dbservice1,memory,database,0.25,random_multibudget,0.36,0.2,0.4,0.4
dbservice1_memory_1626338404,dbservice1,memory,database,0.25,random_multibudget,0.32,0.2,0.4,0.4
dbservice1_memory_1626343595,dbservice1,memory,database,0.25,random_multibudget,0.32,0.0,0.4,0.4
dbservice1_memory_1626393113,dbservice1,memory,database,0.25,random_multibudget,0.2,0.2,0.2,0.2
dbservice1_memory_1626409893,dbservice1,memory,database,0.25,random_multibudget,0.44000000000000006,0.2,0.2,0.8
dbservice1_memory_1626425140,dbservice1,memory,database,0.25,random_multibudget,0.5599999999999999,0.2,0.6,0.8
dbservice1_memory_1626473914,dbservice1,memory,database,0.25,random_multibudget,0.4,0.4,0.4,0.4
dbservice1_memory_1626511514,dbservice1,memory,database,0.25,random_multibudget,0.12,0.0,0.2,0.2
dbservice1_memory_1626540721,dbservice1,memory,database,0.25,random_multibudget,0.27999999999999997,0.0,0.4,0.4
dbservice1_memory_1626552538,dbservice1,memory,database,0.25,random_multibudget,0.48,0.2,0.4,0.8
dbservice1_memory_1626598508,dbservice1,memory,database,0.25,random_multibudget,0.36,0.2,0.4,0.4
dbservice1_memory_1626773615,dbservice1,memory,database,0.25,random_multibudget,0.16,0.0,0.2,0.2
dbservice1_memory_1626788281,dbservice1,memory,database,0.25,random_multibudget,0.12,0.0,0.2,0.2
dbservice1_memory_1626845470,dbservice1,memory,database,0.25,random_multibudget,0.44000000000000006,0.2,0.4,0.6
dbservice1_memory_1626858109,dbservice1,memory,database,0.25,random_multibudget,0.28,0.0,0.2,0.6
dbservice1_memory_1626912896,dbservice1,memory,database,0.25,random_multibudget,0.27999999999999997,0.2,0.2,0.4
dbservice1_memory_1626939313,dbservice1,memory,database,0.25,random_multibudget,0.48,0.0,0.6,0.8
dbservice1_memory_1627046902,dbservice1,memory,database,0.25,random_multibudget,0.4,0.2,0.4,0.6
dbservice1_memory_1627098214,dbservice1,memory,database,0.25,random_multibudget,0.24,0.2,0.2,0.4
dbservice1_memory_1627104046,dbservice1,memory,database,0.25,random_multibudget,0.4,0.0,0.4,0.8
dbservice1_memory_1627119644,dbservice1,memory,database,0.25,random_multibudget,0.48,0.4,0.4,0.6
dbservice1_memory_1627157147,dbservice1,memory,database,0.25,random_multibudget,0.24,0.0,0.2,0.6
dbservice1_memory_1627223200,dbservice1,memory,database,0.25,random_multibudget,0.32,0.0,0.2,0.6
dbservice1_memory_1627237577,dbservice1,memory,database,0.25,random_multibudget,0.0,0.0,0.0,0.0
dbservice1_memory_1627255258,dbservice1,memory,database,0.25,random_multibudget,0.08,0.0,0.0,0.2
dbservice1_memory_1627268672,dbservice1,memory,database,0.25,random_multibudget,0.4800000000000001,0.0,0.6,0.8
dbservice1_memory_1627272293,dbservice1,memory,database,0.25,random_multibudget,0.48,0.0,0.8,0.8
dbservice1_memory_1627283279,dbservice1,memory,database,0.25,random_multibudget,0.24,0.0,0.4,0.4
dbservice1_memory_1627288593,dbservice1,memory,database,0.25,random_multibudget,0.44000000000000006,0.2,0.4,0.8
dbservice1_memory_1627297432,dbservice1,memory,database,0.25,random_multibudget,0.44000000000000006,0.2,0.6,0.6
dbservice1_memory_1627316827,dbservice1,memory,database,0.25,random_multibudget,0.44000000000000006,0.0,0.4,0.8
dbservice1_memory_1627373850,dbservice1,memory,database,0.25,random_multibudget,0.08,0.0,0.0,0.2
dbservice1_memory_1627386311,dbservice1,memory,database,0.25,random_multibudget,0.32,0.0,0.4,0.4
dbservice1_memory_1627400139,dbservice1,memory,database,0.25,random_multibudget,0.12,0.0,0.2,0.2
dbservice1_memory_1627432587,dbservice1,memory,database,0.25,random_multibudget,0.48,0.2,0.4,0.8
dbservice1_memory_1627477200,dbservice1,memory,database,0.25,random_multibudget,0.4,0.0,0.4,0.6
dbservice1_memory_1627502421,dbservice1,memory,database,0.25,random_multibudget,0.12,0.0,0.2,0.2
dbservice1_memory_1627682718,dbservice1,memory,database,0.25,random_multibudget,0.4,0.0,0.4,0.8
dbservice1_memory_1627702626,dbservice1,memory,database,0.25,random_multibudget,0.2,0.0,0.2,0.4
dbservice1_memory_1627773523,dbservice1,memory,database,0.25,random_multibudget,0.12000000000000002,0.0,0.0,0.6
dbservice2_errno111_1626750601,dbservice2,errno111,database,0.25,random_multibudget,0.4,0.2,0.4,0.6
dbservice2_errno111_1626750797,dbservice2,errno111,database,0.25,random_multibudget,0.08,0.0,0.0,0.2
dbservice2_memory_1625144096,dbservice2,memory,database,0.25,random_multibudget,0.36,0.2,0.4,0.4
dbservice2_memory_1625152223,dbservice2,memory,database,0.25,random_multibudget,0.24,0.2,0.2,0.4
dbservice2_memory_1625193002,dbservice2,memory,database,0.25,random_multibudget,0.32,0.0,0.4,0.4
dbservice2_memory_1625257548,dbservice2,memory,database,0.25,random_multibudget,0.16,0.0,0.2,0.2
dbservice2_memory_1625269953,dbservice2,memory,database,0.25,random_multibudget,0.28,0.0,0.2,0.6
dbservice2_memory_1625356783,dbservice2,memory,database,0.25,random_multibudget,0.4,0.2,0.4,0.8
dbservice2_memory_1625363058,dbservice2,memory,database,0.25,random_multibudget,0.04,0.0,0.0,0.2
dbservice2_memory_1625459089,dbservice2,memory,database,0.25,random_multibudget,0.2,0.0,0.2,0.4
dbservice2_memory_1625463515,dbservice2,memory,database,0.25,random_multibudget,0.52,0.2,0.4,0.8
dbservice2_memory_1625564139,dbservice2,memory,database,0.25,random_multibudget,0.12000000000000002,0.0,0.0,0.4
dbservice2_memory_1625579430,dbservice2,memory,database,0.25,random_multibudget,0.6799999999999999,0.4,0.6,1.0
dbservice2_memory_1625587157,dbservice2,memory,database,0.25,random_multibudget,0.48,0.2,0.4,0.8
dbservice2_memory_1625634388,dbservice2,memory,database,0.25,random_multibudget,0.2,0.0,0.2,0.4
dbservice2_memory_1625656892,dbservice2,memory,database,0.25,random_multibudget,0.16,0.0,0.2,0.2
dbservice2_memory_1625669580,dbservice2,memory,database,0.25,random_multibudget,0.4,0.2,0.4,0.6
dbservice2_memory_1625704892,dbservice2,memory,database,0.25,random_multibudget,0.27999999999999997,0.0,0.2,0.6
dbservice2_memory_1625711897,dbservice2,memory,database,0.25,random_multibudget,0.24,0.2,0.2,0.4
dbservice2_memory_1625720058,dbservice2,memory,database,0.25,random_multibudget,0.08,0.0,0.0,0.2
dbservice2_memory_1625780540,dbservice2,memory,database,0.25,random_multibudget,0.24,0.2,0.2,0.4
dbservice2_memory_1625944726,dbservice2,memory,database,0.25,random_multibudget,0.2,0.0,0.2,0.4
dbservice2_memory_1625953237,dbservice2,memory,database,0.25,random_multibudget,0.2,0.0,0.2,0.4
dbservice2_memory_1625981739,dbservice2,memory,database,0.25,random_multibudget,0.0,0.0,0.0,0.0
dbservice2_memory_1625988716,dbservice2,memory,database,0.25,random_multibudget,0.32,0.0,0.2,0.8
dbservice2_memory_1626043439,dbservice2,memory,database,0.25,random_multibudget,0.6,0.0,0.8,0.8
dbservice2_memory_1626053581,dbservice2,memory,database,0.25,random_multibudget,0.12000000000000002,0.0,0.0,0.4
dbservice2_memory_1626066255,dbservice2,memory,database,0.25,random_multibudget,0.4,0.2,0.2,0.8
dbservice2_memory_1626095808,dbservice2,memory,database,0.25,random_multibudget,0.12000000000000002,0.0,0.0,0.4
dbservice2_memory_1626127184,dbservice2,memory,database,0.25,random_multibudget,0.27999999999999997,0.0,0.4,0.6
dbservice2_memory_1626130474,dbservice2,memory,database,0.25,random_multibudget,0.16,0.0,0.2,0.2
dbservice2_memory_1626157165,dbservice2,memory,database,0.25,random_multibudget,0.6,0.4,0.6,0.8
dbservice2_memory_1626243122,dbservice2,memory,database,0.25,random_multibudget,0.24000000000000005,0.0,0.0,0.6
dbservice2_memory_1626298216,dbservice2,memory,database,0.25,random_multibudget,0.52,0.2,0.6,0.8
dbservice2_memory_1626317541,dbservice2,memory,database,0.25,random_multibudget,0.15999999999999998,0.0,0.2,0.4
dbservice2_memory_1626325390,dbservice2,memory,database,0.25,random_multibudget,0.2,0.0,0.2,0.4
dbservice2_memory_1626334718,dbservice2,memory,database,0.25,random_multibudget,0.08,0.0,0.0,0.2
dbservice2_memory_1626367699,dbservice2,memory,database,0.25,random_multibudget,0.32,0.2,0.4,0.4
dbservice2_memory_1626372232,dbservice2,memory,database,0.25,random_multibudget,0.32,0.0,0.2,0.6
dbservice2_memory_1626415344,dbservice2,memory,database,0.25,random_multibudget,0.27999999999999997,0.0,0.4,0.4
dbservice2_memory_1626419131,dbservice2,memory,database,0.25,random_multibudget,0.28,0.0,0.0,0.8
dbservice2_memory_1626430015,dbservice2,memory,database,0.25,random_multibudget,0.08,0.0,0.0,0.2
dbservice2_memory_1626442568,dbservice2,memory,database,0.25,random_multibudget,0.4800000000000001,0.0,0.4,0.8
dbservice2_memory_1626459595,dbservice2,memory,database,0.25,random_multibudget,0.12000000000000002,0.0,0.0,0.4
dbservice2_memory_1626497813,dbservice2,memory,database,0.25,random_multibudget,0.2,0.0,0.2,0.4
dbservice2_memory_1626585941,dbservice2,memory,database,0.25,random_multibudget,0.36,0.2,0.4,0.4
dbservice2_memory_1626602315,dbservice2,memory,database,0.25,random_multibudget,0.36,0.2,0.2,0.6
dbservice2_memory_1626607598,dbservice2,memory,database,0.25,random_multibudget,0.32,0.0,0.4,0.6
dbservice2_memory_1626647915,dbservice2,memory,database,0.25,random_multibudget,0.4,0.2,0.4,0.6
dbservice2_memory_1626651683,dbservice2,memory,database,0.25,random_multibudget,0.36,0.0,0.2,0.8
dbservice2_memory_1626750100,dbservice2,memory,database,0.25,random_multibudget,0.36,0.2,0.2,0.6
dbservice2_memory_1626760761,dbservice2,memory,database,0.25,random_multibudget,0.24,0.0,0.4,0.4
dbservice2_memory_1626764016,dbservice2,memory,database,0.25,random_multibudget,0.32,0.0,0.4,0.6
dbservice2_memory_1626790578,dbservice2,memory,database,0.25,random_multibudget,0.2,0.0,0.0,0.6
dbservice2_memory_1626799339,dbservice2,memory,database,0.25,random_multibudget,0.4,0.2,0.4,0.6
dbservice2_memory_1626818990,dbservice2,memory,database,0.25,random_multibudget,0.36,0.0,0.4,0.6
dbservice2_memory_1626839958,dbservice2,memory,database,0.25,random_multibudget,0.56,0.2,0.6,0.8
dbservice2_memory_1626876599,dbservice2,memory,database,0.25,random_multibudget,0.4,0.0,0.6,0.6
dbservice2_memory_1626886884,dbservice2,memory,database,0.25,random_multibudget,0.64,0.2,0.8,1.0
dbservice2_memory_1626890594,dbservice2,memory,database,0.25,random_multibudget,0.5599999999999999,0.2,0.4,1.0
dbservice2_memory_1626962039,dbservice2,memory,database,0.25,random_multibudget,0.52,0.4,0.6,0.6
dbservice2_memory_1626969117,dbservice2,memory,database,0.25,random_multibudget,0.32,0.0,0.4,0.6
dbservice2_memory_1627002602,dbservice2,memory,database,0.25,random_multibudget,0.24,0.0,0.4,0.4
dbservice2_memory_1627039811,dbservice2,memory,database,0.25,random_multibudget,0.4,0.2,0.4,0.6
dbservice2_memory_1627079656,dbservice2,memory,database,0.25,random_multibudget,0.2,0.0,0.2,0.4
dbservice2_memory_1627087394,dbservice2,memory,database,0.25,random_multibudget,0.0,0.0,0.0,0.0
dbservice2_memory_1627100858,dbservice2,memory,database,0.25,random_multibudget,0.32,0.2,0.2,0.6
dbservice2_memory_1627156737,dbservice2,memory,database,0.25,random_multibudget,0.32,0.0,0.4,0.6
dbservice2_memory_1627184617,dbservice2,memory,database,0.25,random_multibudget,0.12,0.0,0.2,0.2
dbservice2_memory_1627207759,dbservice2,memory,database,0.25,random_multibudget,0.08,0.0,0.0,0.4
dbservice2_memory_1627286946,dbservice2,memory,database,0.25,random_multibudget,0.27999999999999997,0.2,0.2,0.4
dbservice2_memory_1627303928,dbservice2,memory,database,0.25,random_multibudget,0.27999999999999997,0.0,0.4,0.6
dbservice2_memory_1627325374,dbservice2,memory,database,0.25,random_multibudget,0.27999999999999997,0.2,0.2,0.4
dbservice2_memory_1627331922,dbservice2,memory,database,0.25,random_multibudget,0.27999999999999997,0.0,0.2,0.8
dbservice2_memory_1627375478,dbservice2,memory,database,0.25,random_multibudget,0.24,0.2,0.2,0.4
dbservice2_memory_1627379165,dbservice2,memory,database,0.25,random_multibudget,0.31999999999999995,0.0,0.4,0.8
dbservice2_memory_1627394588,dbservice2,memory,database,0.25,random_multibudget,0.36,0.2,0.4,0.4
dbservice2_memory_1627402075,dbservice2,memory,database,0.25,random_multibudget,0.12,0.0,0.2,0.2
dbservice2_memory_1627425736,dbservice2,memory,database,0.25,random_multibudget,0.2,0.2,0.2,0.2
dbservice2_memory_1627447589,dbservice2,memory,database,0.25,random_multibudget,0.24,0.0,0.4,0.4
dbservice2_memory_1627457508,dbservice2,memory,database,0.25,random_multibudget,0.12,0.0,0.2,0.2
dbservice2_memory_1627493621,dbservice2,memory,database,0.25,random_multibudget,0.4,0.0,0.4,0.8
dbservice2_memory_1627501550,dbservice2,memory,database,0.25,random_multibudget,0.08,0.0,0.0,0.2
dbservice2_memory_1627519836,dbservice2,memory,database,0.25,random_multibudget,0.16,0.0,0.2,0.2
dbservice2_memory_1627545507,dbservice2,memory,database,0.25,random_multibudget,0.2,0.0,0.0,0.6
dbservice2_memory_1627595898,dbservice2,memory,database,0.25,random_multibudget,0.48,0.0,0.6,0.8
dbservice2_memory_1627643030,dbservice2,memory,database,0.25,random_multibudget,0.2,0.0,0.2,0.4
dbservice2_memory_1627657911,dbservice2,memory,database,0.25,random_multibudget,0.28,0.0,0.2,0.6
dbservice2_memory_1627663155,dbservice2,memory,database,0.25,random_multibudget,0.44000000000000006,0.2,0.6,0.6
dbservice2_memory_1627680230,dbservice2,memory,database,0.25,random_multibudget,0.16,0.0,0.2,0.2
dbservice2_memory_1627699210,dbservice2,memory,database,0.25,random_multibudget,0.0,0.0,0.0,0.0
logservice1_cpu_1627596597,logservice1,cpu,logging,0.25,random_multibudget,0.16,0.0,0.2,0.4
logservice1_errno111_1626753001,logservice1,errno111,logging,0.25,random_multibudget,0.36,0.0,0.4,0.6
logservice1_errno111_1626753227,logservice1,errno111,logging,0.25,random_multibudget,0.32,0.0,0.2,0.6
logservice1_memory_1625207751,logservice1,memory,logging,0.25,random_multibudget,0.2,0.0,0.2,0.6
logservice1_memory_1625234459,logservice1,memory,logging,0.25,random_multibudget,0.27999999999999997,0.0,0.4,0.6
logservice1_memory_1625285989,logservice1,memory,logging,0.25,random_multibudget,0.4,0.0,0.6,0.6
logservice1_memory_1625298536,logservice1,memory,logging,0.25,random_multibudget,0.52,0.0,0.8,0.8
logservice1_memory_1625311435,logservice1,memory,logging,0.25,random_multibudget,0.24,0.0,0.4,0.4
logservice1_memory_1625360381,logservice1,memory,logging,0.25,random_multibudget,0.27999999999999997,0.2,0.2,0.4
logservice1_memory_1625437325,logservice1,memory,logging,0.25,random_multibudget,0.6,0.0,0.8,0.8
logservice1_memory_1625455375,logservice1,memory,logging,0.25,random_multibudget,0.32,0.0,0.2,0.6
logservice1_memory_1625474243,logservice1,memory,logging,0.25,random_multibudget,0.24,0.2,0.2,0.4
logservice1_memory_1625493602,logservice1,memory,logging,0.25,random_multibudget,0.32,0.2,0.2,0.6
logservice1_memory_1625506342,logservice1,memory,logging,0.25,random_multibudget,0.5599999999999999,0.2,0.6,0.8
logservice1_memory_1625519722,logservice1,memory,logging,0.25,random_multibudget,0.2,0.2,0.2,0.2
logservice1_memory_1625642174,logservice1,memory,logging,0.25,random_multibudget,0.6799999999999999,0.6,0.6,0.8
logservice1_memory_1625673674,logservice1,memory,logging,0.25,random_multibudget,0.2,0.0,0.2,0.4
logservice1_memory_1625715126,logservice1,memory,logging,0.25,random_multibudget,0.52,0.0,0.8,0.8
logservice1_memory_1625737305,logservice1,memory,logging,0.25,random_multibudget,0.04,0.0,0.0,0.2
logservice1_memory_1625855415,logservice1,memory,logging,0.25,random_multibudget,0.2,0.0,0.2,0.4
logservice1_memory_1625874131,logservice1,memory,logging,0.25,random_multibudget,0.24000000000000005,0.0,0.2,0.4
logservice1_memory_1625894863,logservice1,memory,logging,0.25,random_multibudget,0.24,0.2,0.2,0.4
logservice1_memory_1625936756,logservice1,memory,logging,0.25,random_multibudget,0.44000000000000006,0.2,0.4,0.6
logservice1_memory_1625950367,logservice1,memory,logging,0.25,random_multibudget,0.32,0.2,0.4,0.4
logservice1_memory_1625967061,logservice1,memory,logging,0.25,random_multibudget,0.24000000000000005,0.0,0.2,0.6
logservice1_memory_1626018993,logservice1,memory,logging,0.25,random_multibudget,0.28,0.0,0.2,0.6
logservice1_memory_1626043063,logservice1,memory,logging,0.25,random_multibudget,0.16,0.0,0.2,0.2
logservice1_memory_1626069816,logservice1,memory,logging,0.25,random_multibudget,0.24000000000000005,0.0,0.2,0.4
logservice1_memory_1626079498,logservice1,memory,logging,0.25,random_multibudget,0.32,0.0,0.4,0.6
logservice1_memory_1626086075,logservice1,memory,logging,0.25,random_multibudget,0.6,0.2,0.8,0.8
logservice1_memory_1626102559,logservice1,memory,logging,0.25,random_multibudget,0.36,0.0,0.4,0.6
logservice1_memory_1626106208,logservice1,memory,logging,0.25,random_multibudget,0.08,0.0,0.0,0.2
logservice1_memory_1626125407,logservice1,memory,logging,0.25,random_multibudget,0.4,0.0,0.4,0.8
logservice1_memory_1626139037,logservice1,memory,logging,0.25,random_multibudget,0.48,0.2,0.4,0.8
logservice1_memory_1626180388,logservice1,memory,logging,0.25,random_multibudget,0.16,0.0,0.0,0.4
logservice1_memory_1626208343,logservice1,memory,logging,0.25,random_multibudget,0.16,0.0,0.0,0.6
logservice1_memory_1626218997,logservice1,memory,logging,0.25,random_multibudget,0.4,0.0,0.4,0.8
logservice1_memory_1626328055,logservice1,memory,logging,0.25,random_multibudget,0.2,0.0,0.2,0.4
logservice1_memory_1626336834,logservice1,memory,logging,0.25,random_multibudget,0.12000000000000002,0.0,0.0,0.4
logservice1_memory_1626371259,logservice1,memory,logging,0.25,random_multibudget,0.36,0.0,0.6,0.6
logservice1_memory_1626391352,logservice1,memory,logging,0.25,random_multibudget,0.32,0.0,0.2,0.6
logservice1_memory_1626419736,logservice1,memory,logging,0.25,random_multibudget,0.44000000000000006,0.2,0.6,0.6
logservice1_memory_1626541123,logservice1,memory,logging,0.25,random_multibudget,0.56,0.2,0.6,0.8
logservice1_memory_1626551793,logservice1,memory,logging,0.25,random_multibudget,0.24000000000000005,0.0,0.2,0.4
logservice1_memory_1626571662,logservice1,memory,logging,0.25,random_multibudget,0.0,0.0,0.0,0.0
logservice1_memory_1626575299,logservice1,memory,logging,0.25,random_multibudget,0.52,0.4,0.4,0.8
logservice1_memory_1626608283,logservice1,memory,logging,0.25,random_multibudget,0.32,0.2,0.2,0.6
logservice1_memory_1626632009,logservice1,memory,logging,0.25,random_multibudget,0.48,0.4,0.4,0.6
logservice1_memory_1626764699,logservice1,memory,logging,0.25,random_multibudget,0.32,0.2,0.4,0.4
logservice1_memory_1626865404,logservice1,memory,logging,0.25,random_multibudget,0.24000000000000005,0.0,0.2,0.4
logservice1_memory_1626926283,logservice1,memory,logging,0.25,random_multibudget,0.12000000000000002,0.0,0.0,0.4
logservice1_memory_1627024158,logservice1,memory,logging,0.25,random_multibudget,0.4,0.2,0.4,0.6
logservice1_memory_1627144173,logservice1,memory,logging,0.25,random_multibudget,0.5599999999999999,0.2,0.6,0.8
logservice1_memory_1627165561,logservice1,memory,logging,0.25,random_multibudget,0.24000000000000005,0.0,0.2,0.4
logservice1_memory_1627170037,logservice1,memory,logging,0.25,random_multibudget,0.27999999999999997,0.0,0.4,0.6
logservice1_memory_1627228703,logservice1,memory,logging,0.25,random_multibudget,0.08,0.0,0.0,0.2
logservice1_memory_1627243989,logservice1,memory,logging,0.25,random_multibudget,0.4,0.0,0.4,0.8
logservice1_memory_1627283437,logservice1,memory,logging,0.25,random_multibudget,0.32,0.0,0.2,0.8
logservice1_memory_1627291476,logservice1,memory,logging,0.25,random_multibudget,0.4,0.0,0.6,0.6
logservice1_memory_1627299080,logservice1,memory,logging,0.25,random_multibudget,0.32,0.2,0.2,0.6
logservice1_memory_1627310265,logservice1,memory,logging,0.25,random_multibudget,0.24,0.0,0.2,0.6
logservice1_memory_1627477200,logservice1,memory,logging,0.25,random_multibudget,0.24,0.0,0.2,0.6
logservice1_memory_1627522806,logservice1,memory,logging,0.25,random_multibudget,0.12000000000000002,0.0,0.0,0.4
logservice1_memory_1627545894,logservice1,memory,logging,0.25,random_multibudget,0.36,0.2,0.4,0.4
logservice1_memory_1627592904,logservice1,memory,logging,0.25,random_multibudget,0.64,0.6,0.6,0.8
logservice1_memory_1627619594,logservice1,memory,logging,0.25,random_multibudget,0.15999999999999998,0.0,0.2,0.4
logservice1_memory_1627700223,logservice1,memory,logging,0.25,random_multibudget,0.48,0.0,0.6,0.8
logservice1_memory_1627736494,logservice1,memory,logging,0.25,random_multibudget,0.24000000000000005,0.0,0.2,0.6
logservice1_memory_1627762043,logservice1,memory,logging,0.25,random_multibudget,0.4,0.2,0.2,0.8
logservice2_errno111_1626753001,logservice2,errno111,logging,0.25,random_multibudget,0.76,0.6,0.8,0.8
logservice2_errno111_1626753269,logservice2,errno111,logging,0.25,random_multibudget,0.16,0.0,0.2,0.4
logservice2_memory_1625172320,logservice2,memory,logging,0.25,random_multibudget,0.4,0.0,0.4,0.8
logservice2_memory_1625204004,logservice2,memory,logging,0.25,random_multibudget,0.2,0.0,0.2,0.4
logservice2_memory_1625221783,logservice2,memory,logging,0.25,random_multibudget,0.24000000000000005,0.0,0.0,0.8
logservice2_memory_1625304365,logservice2,memory,logging,0.25,random_multibudget,0.32,0.0,0.2,0.6
logservice2_memory_1625325873,logservice2,memory,logging,0.25,random_multibudget,0.16,0.0,0.2,0.4
logservice2_memory_1625379370,logservice2,memory,logging,0.25,random_multibudget,0.4,0.0,0.4,0.8
logservice2_memory_1625396241,logservice2,memory,logging,0.25,random_multibudget,0.44000000000000006,0.2,0.6,0.6
logservice2_memory_1625421899,logservice2,memory,logging,0.25,random_multibudget,0.48,0.2,0.6,0.8
logservice2_memory_1625425518,logservice2,memory,logging,0.25,random_multibudget,0.27999999999999997,0.0,0.2,0.6
logservice2_memory_1625469878,logservice2,memory,logging,0.25,random_multibudget,0.27999999999999997,0.0,0.4,0.4
logservice2_memory_1625483091,logservice2,memory,logging,0.25,random_multibudget,0.48,0.2,0.6,0.6
logservice2_memory_1625511359,logservice2,memory,logging,0.25,random_multibudget,0.6,0.4,0.6,0.8
logservice2_memory_1625518598,logservice2,memory,logging,0.25,random_multibudget,0.04,0.0,0.0,0.2
logservice2_memory_1625530676,logservice2,memory,logging,0.25,random_multibudget,0.36,0.0,0.4,0.6
logservice2_memory_1625537669,logservice2,memory,logging,0.25,random_multibudget,0.52,0.4,0.4,0.8
logservice2_memory_1625567926,logservice2,memory,logging,0.25,random_multibudget,0.27999999999999997,0.0,0.4,0.4
logservice2_memory_1625572292,logservice2,memory,logging,0.25,random_multibudget,0.24,0.0,0.2,0.6
logservice2_memory_1625617463,logservice2,memory,logging,0.25,random_multibudget,0.08,0.0,0.0,0.2
logservice2_memory_1625630457,logservice2,memory,logging,0.25,random_multibudget,0.4,0.0,0.6,0.6
logservice2_memory_1625644104,logservice2,memory,logging,0.25,random_multibudget,0.16,0.0,0.0,0.4
logservice2_memory_1625732122,logservice2,memory,logging,0.25,random_multibudget,0.72,0.4,0.8,0.8
logservice2_memory_1625756295,logservice2,memory,logging,0.25,random_multibudget,0.24000000000000005,0.0,0.2,0.4
logservice2_memory_1625794522,logservice2,memory,logging,0.25,random_multibudget,0.12000000000000002,0.0,0.0,0.4
logservice2_memory_1625804275,logservice2,memory,logging,0.25,random_multibudget,0.44000000000000006,0.4,0.4,0.6
logservice2_memory_1625880190,logservice2,memory,logging,0.25,random_multibudget,0.4,0.0,0.4,0.8
logservice2_memory_1625924296,logservice2,memory,logging,0.25,random_multibudget,0.52,0.4,0.4,0.8
logservice2_memory_1626013929,logservice2,memory,logging,0.25,random_multibudget,0.4,0.0,0.4,0.8
logservice2_memory_1626050387,logservice2,memory,logging,0.25,random_multibudget,0.2,0.0,0.2,0.4
logservice2_memory_1626098044,logservice2,memory,logging,0.25,random_multibudget,0.16,0.0,0.2,0.4
logservice2_memory_1626109759,logservice2,memory,logging,0.25,random_multibudget,0.2,0.0,0.2,0.4
logservice2_memory_1626248439,logservice2,memory,logging,0.25,random_multibudget,0.24000000000000005,0.0,0.2,0.4
logservice2_memory_1626258183,logservice2,memory,logging,0.25,random_multibudget,0.12000000000000002,0.0,0.0,0.4
logservice2_memory_1626325133,logservice2,memory,logging,0.25,random_multibudget,0.5599999999999999,0.4,0.4,0.8
logservice2_memory_1626366727,logservice2,memory,logging,0.25,random_multibudget,0.04,0.0,0.0,0.2
logservice2_memory_1626395096,logservice2,memory,logging,0.25,random_multibudget,0.24000000000000005,0.0,0.2,0.4
logservice2_memory_1626412771,logservice2,memory,logging,0.25,random_multibudget,0.08,0.0,0.0,0.2
logservice2_memory_1626469838,logservice2,memory,logging,0.25,random_multibudget,0.76,0.6,0.8,0.8
logservice2_memory_1626498816,logservice2,memory,logging,0.25,random_multibudget,0.32,0.0,0.2,0.8
logservice2_memory_1626568670,logservice2,memory,logging,0.25,random_multibudget,0.32,0.0,0.2,0.8
logservice2_memory_1626765238,logservice2,memory,logging,0.25,random_multibudget,0.24,0.2,0.2,0.4
logservice2_memory_1626871639,logservice2,memory,logging,0.25,random_multibudget,0.2,0.0,0.2,0.4
logservice2_memory_1626880416,logservice2,memory,logging,0.25,random_multibudget,0.4800000000000001,0.2,0.6,0.6
logservice2_memory_1626922974,logservice2,memory,logging,0.25,random_multibudget,0.4,0.4,0.4,0.4
logservice2_memory_1626926412,logservice2,memory,logging,0.25,random_multibudget,0.32,0.2,0.2,0.6
logservice2_memory_1627052258,logservice2,memory,logging,0.25,random_multibudget,0.32,0.0,0.4,0.6
logservice2_memory_1627069295,logservice2,memory,logging,0.25,random_multibudget,0.4,0.2,0.4,0.6
logservice2_memory_1627140613,logservice2,memory,logging,0.25,random_multibudget,0.16,0.0,0.2,0.2
logservice2_memory_1627227124,logservice2,memory,logging,0.25,random_multibudget,0.36,0.0,0.2,1.0
logservice2_memory_1627353437,logservice2,memory,logging,0.25,random_multibudget,0.16,0.0,0.2,0.2
logservice2_memory_1627365342,logservice2,memory,logging,0.25,random_multibudget,0.4800000000000001,0.2,0.4,0.8
logservice2_memory_1627396756,logservice2,memory,logging,0.25,random_multibudget,0.32,0.0,0.4,0.4
logservice2_memory_1627410703,logservice2,memory,logging,0.25,random_multibudget,0.24,0.0,0.2,0.6
logservice2_memory_1627443936,logservice2,memory,logging,0.25,random_multibudget,0.16,0.0,0.2,0.4
logservice2_memory_1627464739,logservice2,memory,logging,0.25,random_multibudget,0.4,0.0,0.4,0.8
logservice2_memory_1627509937,logservice2,memory,logging,0.25,random_multibudget,0.36,0.2,0.4,0.6
logservice2_memory_1627516510,logservice2,memory,logging,0.25,random_multibudget,0.4800000000000001,0.0,0.6,0.8
logservice2_memory_1627567356,logservice2,memory,logging,0.25,random_multibudget,0.2,0.0,0.2,0.4
logservice2_memory_1627590137,logservice2,memory,logging,0.25,random_multibudget,0.4,0.0,0.4,0.8
logservice2_memory_1627606370,logservice2,memory,logging,0.25,random_multibudget,0.04,0.0,0.0,0.2
logservice2_memory_1627648981,logservice2,memory,logging,0.25,random_multibudget,0.12,0.0,0.2,0.2
logservice2_memory_1627688890,logservice2,memory,logging,0.25,random_multibudget,0.5599999999999999,0.4,0.6,0.6
logservice2_memory_1627737420,logservice2,memory,logging,0.25,random_multibudget,0.16,0.0,0.2,0.2
logservice2_memory_1627769554,logservice2,memory,logging,0.25,random_multibudget,0.52,0.4,0.6,0.6
mobservice1_errno111_1626752402,mobservice1,errno111,mobile,0.25,random_multibudget,0.4,0.2,0.4,0.6
mobservice1_errno111_1626752556,mobservice1,errno111,mobile,0.25,random_multibudget,0.4,0.4,0.4,0.4
mobservice1_memory_1625197067,mobservice1,memory,mobile,0.25,random_multibudget,0.5599999999999999,0.2,0.6,1.0
mobservice1_memory_1625224444,mobservice1,memory,mobile,0.25,random_multibudget,0.16,0.0,0.2,0.2
mobservice1_memory_1625232540,mobservice1,memory,mobile,0.25,random_multibudget,0.44000000000000006,0.0,0.6,0.8
mobservice1_memory_1625247576,mobservice1,memory,mobile,0.25,random_multibudget,0.44000000000000006,0.2,0.4,0.8
mobservice1_memory_1625353753,mobservice1,memory,mobile,0.25,random_multibudget,0.2,0.0,0.2,0.4
mobservice1_memory_1625379697,mobservice1,memory,mobile,0.25,random_multibudget,0.08,0.0,0.0,0.4
mobservice1_memory_1625667742,mobservice1,memory,mobile,0.25,random_multibudget,0.12,0.0,0.2,0.2
mobservice1_memory_1625703099,mobservice1,memory,mobile,0.25,random_multibudget,0.48,0.4,0.4,0.6
mobservice1_memory_1625735045,mobservice1,memory,mobile,0.25,random_multibudget,0.32,0.0,0.4,0.6
mobservice1_memory_1625804210,mobservice1,memory,mobile,0.25,random_multibudget,0.36,0.2,0.4,0.4
mobservice1_memory_1625827494,mobservice1,memory,mobile,0.25,random_multibudget,0.4800000000000001,0.0,0.6,0.8
mobservice1_memory_1625832716,mobservice1,memory,mobile,0.25,random_multibudget,0.04,0.0,0.0,0.2
mobservice1_memory_1625901292,mobservice1,memory,mobile,0.25,random_multibudget,0.04,0.0,0.0,0.2
mobservice1_memory_1625941772,mobservice1,memory,mobile,0.25,random_multibudget,0.15999999999999998,0.0,0.2,0.4
mobservice1_memory_1625961631,mobservice1,memory,mobile,0.25,random_multibudget,0.4,0.2,0.4,0.6
mobservice1_memory_1625977908,mobservice1,memory,mobile,0.25,random_multibudget,0.5599999999999999,0.4,0.4,0.8
mobservice1_memory_1626011901,mobservice1,memory,mobile,0.25,random_multibudget,0.04,0.0,0.0,0.2
mobservice1_memory_1626023193,mobservice1,memory,mobile,0.25,random_multibudget,0.0,0.0,0.0,0.0
mobservice1_memory_1626027400,mobservice1,memory,mobile,0.25,random_multibudget,0.4,0.2,0.4,0.6
mobservice1_memory_1626054650,mobservice1,memory,mobile,0.25,random_multibudget,0.27999999999999997,0.0,0.4,0.4
mobservice1_memory_1626117202,mobservice1,memory,mobile,0.25,random_multibudget,0.44000000000000006,0.2,0.6,0.6
mobservice1_memory_1626128984,mobservice1,memory,mobile,0.25,random_multibudget,0.36,0.2,0.4,0.4
mobservice1_memory_1626159110,mobservice1,memory,mobile,0.25,random_multibudget,0.24,0.0,0.4,0.4
mobservice1_memory_1626168632,mobservice1,memory,mobile,0.25,random_multibudget,0.52,0.4,0.4,0.8
mobservice1_memory_1626242718,mobservice1,memory,mobile,0.25,random_multibudget,0.15999999999999998,0.0,0.2,0.4
mobservice1_memory_1626282681,mobservice1,memory,mobile,0.25,random_multibudget,0.32,0.0,0.2,0.6
mobservice1_memory_1626299070,mobservice1,memory,mobile,0.25,random_multibudget,0.2,0.2,0.2,0.2
mobservice1_memory_1626322156,mobservice1,memory,mobile,0.25,random_multibudget,0.2,0.0,0.2,0.4
mobservice1_memory_1626326168,mobservice1,memory,mobile,0.25,random_multibudget,0.5599999999999999,0.2,0.6,0.8
mobservice1_memory_1626349453,mobservice1,memory,mobile,0.25,random_multibudget,0.36,0.2,0.4,0.4
mobservice1_memory_1626444105,mobservice1,memory,mobile,0.25,random_multibudget,0.44000000000000006,0.0,0.6,0.8
mobservice1_memory_1626448997,mobservice1,memory,mobile,0.25,random_multibudget,0.52,0.4,0.6,0.6
mobservice1_memory_1626488862,mobservice1,memory,mobile,0.25,random_multibudget,0.36,0.2,0.2,0.6
mobservice1_memory_1626534607,mobservice1,memory,mobile,0.25,random_multibudget,0.4,0.2,0.4,0.6
mobservice1_memory_1626538445,mobservice1,memory,mobile,0.25,random_multibudget,0.16,0.0,0.2,0.2
mobservice1_memory_1626555752,mobservice1,memory,mobile,0.25,random_multibudget,0.27999999999999997,0.0,0.2,0.8
mobservice1_memory_1626607827,mobservice1,memory,mobile,0.25,random_multibudget,0.12,0.0,0.2,0.2
mobservice1_memory_1626635810,mobservice1,memory,mobile,0.25,random_multibudget,0.16,0.0,0.2,0.4
mobservice1_memory_1626640654,mobservice1,memory,mobile,0.25,random_multibudget,0.2,0.0,0.2,0.6
mobservice1_memory_1626773018,mobservice1,memory,mobile,0.25,random_multibudget,0.04,0.0,0.0,0.2
mobservice1_memory_1626850195,mobservice1,memory,mobile,0.25,random_multibudget,0.36,0.2,0.4,0.4
mobservice1_memory_1626877506,mobservice1,memory,mobile,0.25,random_multibudget,0.24,0.2,0.2,0.4
mobservice1_memory_1626897069,mobservice1,memory,mobile,0.25,random_multibudget,0.32,0.0,0.4,0.6
mobservice1_memory_1626913833,mobservice1,memory,mobile,0.25,random_multibudget,0.52,0.2,0.6,0.6
mobservice1_memory_1626933957,mobservice1,memory,mobile,0.25,random_multibudget,0.24000000000000005,0.0,0.2,0.6
mobservice1_memory_1626937894,mobservice1,memory,mobile,0.25,random_multibudget,0.4,0.2,0.4,0.8
mobservice1_memory_1626954084,mobservice1,memory,mobile,0.25,random_multibudget,0.44000000000000006,0.4,0.4,0.6
mobservice1_memory_1626958838,mobservice1,memory,mobile,0.25,random_multibudget,0.32,0.2,0.4,0.4
mobservice1_memory_1627163076,mobservice1,memory,mobile,0.25,random_multibudget,0.44000000000000006,0.4,0.4,0.6
mobservice1_memory_1627200697,mobservice1,memory,mobile,0.25,random_multibudget,0.16,0.0,0.2,0.2
mobservice1_memory_1627219564,mobservice1,memory,mobile,0.25,random_multibudget,0.44000000000000006,0.2,0.2,0.8
mobservice1_memory_1627247170,mobservice1,memory,mobile,0.25,random_multibudget,0.32,0.0,0.2,0.6
mobservice1_memory_1627279781,mobservice1,memory,mobile,0.25,random_multibudget,0.2,0.0,0.2,0.4
mobservice1_memory_1627283259,mobservice1,memory,mobile,0.25,random_multibudget,0.36,0.2,0.4,0.4
mobservice1_memory_1627347382,mobservice1,memory,mobile,0.25,random_multibudget,0.32,0.2,0.2,0.6
mobservice1_memory_1627382521,mobservice1,memory,mobile,0.25,random_multibudget,0.44000000000000006,0.4,0.4,0.6
mobservice1_memory_1627387214,mobservice1,memory,mobile,0.25,random_multibudget,0.04,0.0,0.0,0.2
mobservice1_memory_1627447409,mobservice1,memory,mobile,0.25,random_multibudget,0.32,0.0,0.2,0.8
mobservice1_memory_1627484554,mobservice1,memory,mobile,0.25,random_multibudget,0.12,0.0,0.2,0.2
mobservice1_memory_1627514424,mobservice1,memory,mobile,0.25,random_multibudget,0.27999999999999997,0.0,0.2,0.6
mobservice1_memory_1627580206,mobservice1,memory,mobile,0.25,random_multibudget,0.24000000000000005,0.0,0.2,0.4
mobservice1_memory_1627612966,mobservice1,memory,mobile,0.25,random_multibudget,0.28,0.0,0.2,0.6
mobservice1_memory_1627645613,mobservice1,memory,mobile,0.25,random_multibudget,0.5599999999999999,0.4,0.6,0.6
mobservice1_memory_1627661901,mobservice1,memory,mobile,0.25,random_multibudget,0.32,0.2,0.2,0.6
mobservice1_memory_1627701774,mobservice1,memory,mobile,0.25,random_multibudget,0.4,0.0,0.6,0.6
mobservice1_memory_1627731923,mobservice1,memory,mobile,0.25,random_multibudget,0.44000000000000006,0.2,0.4,0.6
mobservice1_qr_expired_1625151823,mobservice1,qr_expired,mobile,0.25,random_multibudget,0.36,0.0,0.4,0.6
mobservice1_qr_expired_1625182698,mobservice1,qr_expired,mobile,0.25,random_multibudget,0.12,0.0,0.2,0.2
mobservice1_qr_expired_1625210087,mobservice1,qr_expired,mobile,0.25,random_multibudget,0.44000000000000006,0.0,0.4,0.8
mobservice1_qr_expired_1625240727,mobservice1,qr_expired,mobile,0.25,random_multibudget,0.24,0.2,0.2,0.4
mobservice1_qr_expired_1625271564,mobservice1,qr_expired,mobile,0.25,random_multibudget,0.27999999999999997,0.2,0.2,0.6
mobservice1_qr_expired_1625296713,mobservice1,qr_expired,mobile,0.25,random_multibudget,0.48,0.4,0.4,0.8
mobservice1_qr_expired_1625325200,mobservice1,qr_expired,mobile,0.25,random_multibudget,0.52,0.2,0.6,0.8
mobservice1_qr_expired_1625355663,mobservice1,qr_expired,mobile,0.25,random_multibudget,0.4,0.0,0.6,0.6
mobservice1_qr_expired_1625383443,mobservice1,qr_expired,mobile,0.25,random_multibudget,0.27999999999999997,0.2,0.2,0.4
mobservice1_qr_expired_1625409300,mobservice1,qr_expired,mobile,0.25,random_multibudget,0.36,0.0,0.6,0.6
mobservice1_qr_expired_1625436871,mobservice1,qr_expired,mobile,0.25,random_multibudget,0.4,0.0,0.4,0.8
mobservice1_qr_expired_1625473216,mobservice1,qr_expired,mobile,0.25,random_multibudget,0.12,0.0,0.2,0.2
mobservice1_qr_expired_1625505879,mobservice1,qr_expired,mobile,0.25,random_multibudget,0.36,0.2,0.4,0.4
mobservice1_qr_expired_1625542705,mobservice1,qr_expired,mobile,0.25,random_multibudget,0.24,0.0,0.2,0.6
mobservice1_qr_expired_1625580525,mobservice1,qr_expired,mobile,0.25,random_multibudget,0.24000000000000005,0.0,0.2,0.4
mobservice1_qr_expired_1625625195,mobservice1,qr_expired,mobile,0.25,random_multibudget,0.15999999999999998,0.0,0.2,0.4
mobservice1_qr_expired_1625667731,mobservice1,qr_expired,mobile,0.25,random_multibudget,0.24000000000000005,0.0,0.2,0.4
mobservice1_qr_expired_1625711646,mobservice1,qr_expired,mobile,0.25,random_multibudget,0.32,0.0,0.2,0.8
mobservice1_qr_expired_1625756698,mobservice1,qr_expired,mobile,0.25,random_multibudget,0.08,0.0,0.0,0.2
mobservice1_qr_expired_1625794482,mobservice1,qr_expired,mobile,0.25,random_multibudget,0.27999999999999997,0.0,0.2,0.6
mobservice1_qr_expired_1625841247,mobservice1,qr_expired,mobile,0.25,random_multibudget,0.36,0.0,0.4,0.8
mobservice1_qr_expired_1625890187,mobservice1,qr_expired,mobile,0.25,random_multibudget,0.16,0.0,0.0,0.4
mobservice1_qr_expired_1625930412,mobservice1,qr_expired,mobile,0.25,random_multibudget,0.32,0.2,0.2,0.6
mobservice1_qr_expired_1625972156,mobservice1,qr_expired,mobile,0.25,random_multibudget,0.24000000000000005,0.0,0.2,0.4
mobservice1_qr_expired_1626008252,mobservice1,qr_expired,mobile,0.25,random_multibudget,0.48,0.4,0.4,0.6
mobservice1_qr_expired_1626040718,mobservice1,qr_expired,mobile,0.25,random_multibudget,0.48,0.2,0.6,0.6
mobservice1_qr_expired_1626075193,mobservice1,qr_expired,mobile,0.25,random_multibudget,0.32,0.0,0.4,0.4
mobservice1_qr_expired_1626114894,mobservice1,qr_expired,mobile,0.25,random_multibudget,0.24,0.2,0.2,0.4
mobservice1_qr_expired_1626159261,mobservice1,qr_expired,mobile,0.25,random_multibudget,0.04,0.0,0.0,0.2
mobservice1_qr_expired_1626191632,mobservice1,qr_expired,mobile,0.25,random_multibudget,0.28,0.0,0.2,0.6
mobservice1_qr_expired_1626223304,mobservice1,qr_expired,mobile,0.25,random_multibudget,0.36,0.0,0.4,0.6
mobservice1_qr_expired_1626255336,mobservice1,qr_expired,mobile,0.25,random_multibudget,0.24000000000000005,0.0,0.2,0.4
mobservice1_qr_expired_1626296585,mobservice1,qr_expired,mobile,0.25,random_multibudget,0.08,0.0,0.0,0.4
mobservice1_qr_expired_1626336309,mobservice1,qr_expired,mobile,0.25,random_multibudget,0.08,0.0,0.0,0.2
mobservice1_qr_expired_1626368186,mobservice1,qr_expired,mobile,0.25,random_multibudget,0.12,0.0,0.2,0.2
mobservice1_qr_expired_1626404786,mobservice1,qr_expired,mobile,0.25,random_multibudget,0.24000000000000005,0.0,0.2,0.4
mobservice1_qr_expired_1626433510,mobservice1,qr_expired,mobile,0.25,random_multibudget,0.27999999999999997,0.2,0.2,0.4
mobservice1_qr_expired_1626462926,mobservice1,qr_expired,mobile,0.25,random_multibudget,0.2,0.2,0.2,0.2
mobservice1_qr_expired_1626491905,mobservice1,qr_expired,mobile,0.25,random_multibudget,0.24,0.0,0.2,0.6
mobservice1_qr_expired_1626520267,mobservice1,qr_expired,mobile,0.25,random_multibudget,0.04,0.0,0.0,0.2
mobservice1_qr_expired_1626551052,mobservice1,qr_expired,mobile,0.25,random_multibudget,0.6799999999999999,0.6,0.6,0.8
mobservice1_qr_expired_1626580037,mobservice1,qr_expired,mobile,0.25,random_multibudget,0.08,0.0,0.0,0.2
mobservice1_qr_expired_1626607583,mobservice1,qr_expired,mobile,0.25,random_multibudget,0.04,0.0,0.0,0.2
mobservice1_qr_expired_1626632651,mobservice1,qr_expired,mobile,0.25,random_multibudget,0.36,0.2,0.2,0.6
mobservice1_qr_expired_1626758435,mobservice1,qr_expired,mobile,0.25,random_multibudget,0.04,0.0,0.0,0.2
mobservice1_qr_expired_1626784630,mobservice1,qr_expired,mobile,0.25,random_multibudget,0.04,0.0,0.0,0.2
mobservice1_qr_expired_1626821039,mobservice1,qr_expired,mobile,0.25,random_multibudget,0.15999999999999998,0.0,0.2,0.4
mobservice1_qr_expired_1626856553,mobservice1,qr_expired,mobile,0.25,random_multibudget,0.04,0.0,0.0,0.2
mobservice1_qr_expired_1626884682,mobservice1,qr_expired,mobile,0.25,random_multibudget,0.52,0.2,0.6,0.6
mobservice1_qr_expired_1626917764,mobservice1,qr_expired,mobile,0.25,random_multibudget,0.12,0.0,0.2,0.2
mobservice1_qr_expired_1626941760,mobservice1,qr_expired,mobile,0.25,random_multibudget,0.27999999999999997,0.2,0.2,0.4
mobservice1_qr_expired_1626968701,mobservice1,qr_expired,mobile,0.25,random_multibudget,0.52,0.2,0.6,0.6
mobservice1_qr_expired_1626999263,mobservice1,qr_expired,mobile,0.25,random_multibudget,0.4,0.4,0.4,0.4
mobservice1_qr_expired_1627024159,mobservice1,qr_expired,mobile,0.25,random_multibudget,0.12000000000000002,0.0,0.0,0.4
mobservice1_qr_expired_1627051613,mobservice1,qr_expired,mobile,0.25,random_multibudget,0.2,0.2,0.2,0.2
mobservice1_qr_expired_1627083857,mobservice1,qr_expired,mobile,0.25,random_multibudget,0.64,0.6,0.6,0.8
mobservice1_qr_expired_1627112278,mobservice1,qr_expired,mobile,0.25,random_multibudget,0.44000000000000006,0.2,0.6,0.6
mobservice1_qr_expired_1627135285,mobservice1,qr_expired,mobile,0.25,random_multibudget,0.32,0.0,0.4,0.6
mobservice1_qr_expired_1627157519,mobservice1,qr_expired,mobile,0.25,random_multibudget,0.12000000000000002,0.0,0.0,0.6
mobservice1_qr_expired_1627184031,mobservice1,qr_expired,mobile,0.25,random_multibudget,0.32,0.0,0.2,0.6
mobservice1_qr_expired_1627212755,mobservice1,qr_expired,mobile,0.25,random_multibudget,0.32,0.2,0.2,0.6
mobservice1_qr_expired_1627238319,mobservice1,qr_expired,mobile,0.25,random_multibudget,0.4,0.2,0.4,0.6
mobservice1_qr_expired_1627264132,mobservice1,qr_expired,mobile,0.25,random_multibudget,0.08,0.0,0.0,0.2
mobservice1_qr_expired_1627293860,mobservice1,qr_expired,mobile,0.25,random_multibudget,0.36,0.2,0.2,0.6
mobservice1_qr_expired_1627322979,mobservice1,qr_expired,mobile,0.25,random_multibudget,0.44000000000000006,0.0,0.6,0.6
mobservice1_qr_expired_1627355175,mobservice1,qr_expired,mobile,0.25,random_multibudget,0.2,0.0,0.2,0.4
mobservice1_qr_expired_1627383377,mobservice1,qr_expired,mobile,0.25,random_multibudget,0.27999999999999997,0.0,0.4,0.6
mobservice1_qr_expired_1627410797,mobservice1,qr_expired,mobile,0.25,random_multibudget,0.16,0.0,0.2,0.2
mobservice1_qr_expired_1627438966,mobservice1,qr_expired,mobile,0.25,random_multibudget,0.32,0.0,0.4,0.4
mobservice1_qr_expired_1627466564,mobservice1,qr_expired,mobile,0.25,random_multibudget,0.52,0.0,0.6,0.8
mobservice1_qr_expired_1627500877,mobservice1,qr_expired,mobile,0.25,random_multibudget,0.16,0.0,0.0,0.4
mobservice1_qr_expired_1627528299,mobservice1,qr_expired,mobile,0.25,random_multibudget,0.52,0.2,0.6,0.6
mobservice1_qr_expired_1627552119,mobservice1,qr_expired,mobile,0.25,random_multibudget,0.4,0.4,0.4,0.4
mobservice1_qr_expired_1627579617,mobservice1,qr_expired,mobile,0.25,random_multibudget,0.24,0.0,0.4,0.4
mobservice1_qr_expired_1627607460,mobservice1,qr_expired,mobile,0.25,random_multibudget,0.28,0.0,0.0,0.8
mobservice1_qr_expired_1627636467,mobservice1,qr_expired,mobile,0.25,random_multibudget,0.24,0.0,0.4,0.4
mobservice1_qr_expired_1627666643,mobservice1,qr_expired,mobile,0.25,random_multibudget,0.36,0.0,0.4,0.6
mobservice1_qr_expired_1627691008,mobservice1,qr_expired,mobile,0.25,random_multibudget,0.32,0.0,0.2,0.8
mobservice1_qr_expired_1627716967,mobservice1,qr_expired,mobile,0.25,random_multibudget,0.27999999999999997,0.0,0.4,0.6
mobservice1_qr_expired_1627738658,mobservice1,qr_expired,mobile,0.25,random_multibudget,0.2,0.0,0.2,0.4
mobservice2_cpu_1627454420,mobservice2,cpu,mobile,0.25,random_multibudget,0.36,0.0,0.6,0.6
mobservice2_cpu_1627497596,mobservice2,cpu,mobile,0.25,random_multibudget,0.36,0.0,0.4,0.6
mobservice2_cpu_1627542736,mobservice2,cpu,mobile,0.25,random_multibudget,0.08,0.0,0.0,0.2
mobservice2_cpu_1627761644,mobservice2,cpu,mobile,0.25,random_multibudget,0.36,0.0,0.4,0.8
mobservice2_errno111_1626752406,mobservice2,errno111,mobile,0.25,random_multibudget,0.32,0.0,0.2,0.6
mobservice2_errno111_1626752504,mobservice2,errno111,mobile,0.25,random_multibudget,0.4,0.0,0.6,0.6
mobservice2_memory_1625157918,mobservice2,memory,mobile,0.25,random_multibudget,0.16,0.0,0.0,0.6
mobservice2_memory_1625168598,mobservice2,memory,mobile,0.25,random_multibudget,0.04,0.0,0.0,0.2
mobservice2_memory_1625200044,mobservice2,memory,mobile,0.25,random_multibudget,0.6,0.6,0.6,0.6
mobservice2_memory_1625205092,mobservice2,memory,mobile,0.25,random_multibudget,0.44000000000000006,0.2,0.4,0.6
mobservice2_memory_1625235821,mobservice2,memory,mobile,0.25,random_multibudget,0.52,0.4,0.4,0.8
mobservice2_memory_1625240040,mobservice2,memory,mobile,0.25,random_multibudget,0.52,0.2,0.4,0.8
mobservice2_memory_1625305876,mobservice2,memory,mobile,0.25,random_multibudget,0.04,0.0,0.0,0.2
mobservice2_memory_1625359712,mobservice2,memory,mobile,0.25,random_multibudget,0.4,0.4,0.4,0.4
mobservice2_memory_1625527607,mobservice2,memory,mobile,0.25,random_multibudget,0.36,0.2,0.4,0.6
mobservice2_memory_1625552888,mobservice2,memory,mobile,0.25,random_multibudget,0.32,0.0,0.4,0.6
mobservice2_memory_1625584788,mobservice2,memory,mobile,0.25,random_multibudget,0.27999999999999997,0.0,0.4,0.4
mobservice2_memory_1625676811,mobservice2,memory,mobile,0.25,random_multibudget,0.36,0.2,0.2,0.6
mobservice2_memory_1625680798,mobservice2,memory,mobile,0.25,random_multibudget,0.27999999999999997,0.0,0.4,0.4
mobservice2_memory_1625692971,mobservice2,memory,mobile,0.25,random_multibudget,0.12,0.0,0.2,0.2
mobservice2_memory_1625697606,mobservice2,memory,mobile,0.25,random_multibudget,0.36,0.0,0.4,0.6
mobservice2_memory_1625738510,mobservice2,memory,mobile,0.25,random_multibudget,0.44000000000000006,0.0,0.6,0.6
mobservice2_memory_1625742099,mobservice2,memory,mobile,0.25,random_multibudget,0.6,0.6,0.6,0.6
mobservice2_memory_1625771613,mobservice2,memory,mobile,0.25,random_multibudget,0.27999999999999997,0.0,0.2,0.6
mobservice2_memory_1625831922,mobservice2,memory,mobile,0.25,random_multibudget,0.5599999999999999,0.0,0.8,0.8
mobservice2_memory_1625898199,mobservice2,memory,mobile,0.25,random_multibudget,0.32,0.0,0.4,0.6
mobservice2_memory_1625987443,mobservice2,memory,mobile,0.25,random_multibudget,0.52,0.2,0.6,0.6
mobservice2_memory_1626009884,mobservice2,memory,mobile,0.25,random_multibudget,0.44000000000000006,0.2,0.4,0.6
mobservice2_memory_1626030275,mobservice2,memory,mobile,0.25,random_multibudget,0.16,0.0,0.2,0.2
mobservice2_memory_1626061939,mobservice2,memory,mobile,0.25,random_multibudget,0.2,0.2,0.2,0.2
mobservice2_memory_1626128366,mobservice2,memory,mobile,0.25,random_multibudget,0.32,0.2,0.2,0.6
mobservice2_memory_1626132020,mobservice2,memory,mobile,0.25,random_multibudget,0.5599999999999999,0.4,0.6,0.8
mobservice2_memory_1626157765,mobservice2,memory,mobile,0.25,random_multibudget,0.76,0.4,0.8,1.0
mobservice2_memory_1626198509,mobservice2,memory,mobile,0.25,random_multibudget,0.32,0.0,0.4,0.6
mobservice2_memory_1626201727,mobservice2,memory,mobile,0.25,random_multibudget,0.4,0.4,0.4,0.4
mobservice2_memory_1626240489,mobservice2,memory,mobile,0.25,random_multibudget,0.5599999999999999,0.2,0.6,0.8
mobservice2_memory_1626286299,mobservice2,memory,mobile,0.25,random_multibudget,0.24,0.0,0.2,0.8
mobservice2_memory_1626294885,mobservice2,memory,mobile,0.25,random_multibudget,0.2,0.2,0.2,0.2
mobservice2_memory_1626323276,mobservice2,memory,mobile,0.25,random_multibudget,0.52,0.0,0.6,1.0
mobservice2_memory_1626411067,mobservice2,memory,mobile,0.25,random_multibudget,0.28,0.0,0.2,0.6
mobservice2_memory_1626429148,mobservice2,memory,mobile,0.25,random_multibudget,0.12000000000000002,0.0,0.0,0.4
mobservice2_memory_1626439231,mobservice2,memory,mobile,0.25,random_multibudget,0.0,0.0,0.0,0.0
mobservice2_memory_1626458752,mobservice2,memory,mobile,0.25,random_multibudget,0.2,0.2,0.2,0.2
mobservice2_memory_1626474951,mobservice2,memory,mobile,0.25,random_multibudget,0.2,0.0,0.2,0.4
mobservice2_memory_1626520226,mobservice2,memory,mobile,0.25,random_multibudget,0.36,0.2,0.4,0.4
mobservice2_memory_1626538101,mobservice2,memory,mobile,0.25,random_multibudget,0.48,0.4,0.4,0.6
mobservice2_memory_1626607047,mobservice2,memory,mobile,0.25,random_multibudget,0.24,0.0,0.4,0.4
mobservice2_memory_1626757492,mobservice2,memory,mobile,0.25,random_multibudget,0.5599999999999999,0.4,0.6,0.6
mobservice2_memory_1626785359,mobservice2,memory,mobile,0.25,random_multibudget,0.2,0.0,0.2,0.4
mobservice2_memory_1626890346,mobservice2,memory,mobile,0.25,random_multibudget,0.27999999999999997,0.0,0.4,0.4
mobservice2_memory_1626935991,mobservice2,memory,mobile,0.25,random_multibudget,0.36,0.0,0.2,0.8
mobservice2_memory_1626958150,mobservice2,memory,mobile,0.25,random_multibudget,0.27999999999999997,0.0,0.4,0.6
mobservice2_memory_1626961197,mobservice2,memory,mobile,0.25,random_multibudget,0.04,0.0,0.0,0.2
mobservice2_memory_1626985877,mobservice2,memory,mobile,0.25,random_multibudget,0.6799999999999999,0.4,0.6,1.0
mobservice2_memory_1627037496,mobservice2,memory,mobile,0.25,random_multibudget,0.44000000000000006,0.2,0.4,0.8
mobservice2_memory_1627044227,mobservice2,memory,mobile,0.25,random_multibudget,0.4,0.2,0.2,0.8
mobservice2_memory_1627065444,mobservice2,memory,mobile,0.25,random_multibudget,0.2,0.2,0.2,0.2
mobservice2_memory_1627119333,mobservice2,memory,mobile,0.25,random_multibudget,0.44000000000000006,0.2,0.6,0.6
mobservice2_memory_1627204060,mobservice2,memory,mobile,0.25,random_multibudget,0.32,0.0,0.4,0.4
mobservice2_memory_1627230225,mobservice2,memory,mobile,0.25,random_multibudget,0.36,0.2,0.2,0.6
mobservice2_memory_1627256808,mobservice2,memory,mobile,0.25,random_multibudget,0.2,0.0,0.0,0.6
mobservice2_memory_1627260359,mobservice2,memory,mobile,0.25,random_multibudget,0.28,0.0,0.2,0.6
mobservice2_memory_1627296468,mobservice2,memory,mobile,0.25,random_multibudget,0.2,0.0,0.2,0.4
mobservice2_memory_1627357843,mobservice2,memory,mobile,0.25,random_multibudget,0.36,0.2,0.4,0.4
mobservice2_memory_1627365277,mobservice2,memory,mobile,0.25,random_multibudget,0.36,0.2,0.4,0.4
mobservice2_memory_1627374212,mobservice2,memory,mobile,0.25,random_multibudget,0.48,0.4,0.4,0.6
mobservice2_memory_1627436047,mobservice2,memory,mobile,0.25,random_multibudget,0.44000000000000006,0.4,0.4,0.6
mobservice2_memory_1627471954,mobservice2,memory,mobile,0.25,random_multibudget,0.16,0.0,0.2,0.4
mobservice2_memory_1627514362,mobservice2,memory,mobile,0.25,random_multibudget,0.5599999999999999,0.4,0.6,0.6
mobservice2_memory_1627554299,mobservice2,memory,mobile,0.25,random_multibudget,0.04,0.0,0.0,0.2
mobservice2_memory_1627713570,mobservice2,memory,mobile,0.25,random_multibudget,0.24000000000000005,0.0,0.2,0.6
mobservice2_memory_1627731436,mobservice2,memory,mobile,0.25,random_multibudget,0.64,0.4,0.8,0.8
mobservice2_qr_expired_1625152105,mobservice2,qr_expired,mobile,0.25,random_multibudget,0.08,0.0,0.0,0.2
mobservice2_qr_expired_1625179967,mobservice2,qr_expired,mobile,0.25,random_multibudget,0.5199999999999999,0.0,0.8,1.0
mobservice2_qr_expired_1625210422,mobservice2,qr_expired,mobile,0.25,random_multibudget,0.27999999999999997,0.0,0.4,0.4
mobservice2_qr_expired_1625242846,mobservice2,qr_expired,mobile,0.25,random_multibudget,0.08,0.0,0.0,0.2
mobservice2_qr_expired_1625275953,mobservice2,qr_expired,mobile,0.25,random_multibudget,0.2,0.2,0.2,0.2
mobservice2_qr_expired_1625302666,mobservice2,qr_expired,mobile,0.25,random_multibudget,0.16,0.0,0.0,0.6
mobservice2_qr_expired_1625334978,mobservice2,qr_expired,mobile,0.25,random_multibudget,0.04,0.0,0.0,0.2
mobservice2_qr_expired_1625360218,mobservice2,qr_expired,mobile,0.25,random_multibudget,0.24,0.2,0.2,0.4
mobservice2_qr_expired_1625390816,mobservice2,qr_expired,mobile,0.25,random_multibudget,0.04,0.0,0.0,0.2
mobservice2_qr_expired_1625425284,mobservice2,qr_expired,mobile,0.25,random_multibudget,0.2,0.0,0.2,0.4
mobservice2_qr_expired_1625455022,mobservice2,qr_expired,mobile,0.25,random_multibudget,0.24,0.2,0.2,0.4
mobservice2_qr_expired_1625489299,mobservice2,qr_expired,mobile,0.25,random_multibudget,0.44000000000000006,0.4,0.4,0.6
mobservice2_qr_expired_1625521837,mobservice2,qr_expired,mobile,0.25,random_multibudget,0.5599999999999999,0.0,0.8,0.8
mobservice2_qr_expired_1625553275,mobservice2,qr_expired,mobile,0.25,random_multibudget,0.04,0.0,0.0,0.2
mobservice2_qr_expired_1625586485,mobservice2,qr_expired,mobile,0.25,random_multibudget,0.32,0.0,0.4,0.4
mobservice2_qr_expired_1625632041,mobservice2,qr_expired,mobile,0.25,random_multibudget,0.0,0.0,0.0,0.0
mobservice2_qr_expired_1625675866,mobservice2,qr_expired,mobile,0.25,random_multibudget,0.36,0.2,0.4,0.4
mobservice2_qr_expired_1625722797,mobservice2,qr_expired,mobile,0.25,random_multibudget,0.4,0.0,0.6,0.6
mobservice2_qr_expired_1625778458,mobservice2,qr_expired,mobile,0.25,random_multibudget,0.4,0.0,0.4,0.6
mobservice2_qr_expired_1625827086,mobservice2,qr_expired,mobile,0.25,random_multibudget,0.24,0.0,0.4,0.4
mobservice2_qr_expired_1625871929,mobservice2,qr_expired,mobile,0.25,random_multibudget,0.52,0.2,0.6,0.6
mobservice2_qr_expired_1625913424,mobservice2,qr_expired,mobile,0.25,random_multibudget,0.27999999999999997,0.2,0.2,0.4
mobservice2_qr_expired_1625953921,mobservice2,qr_expired,mobile,0.25,random_multibudget,0.4,0.4,0.4,0.4
mobservice2_qr_expired_1625991677,mobservice2,qr_expired,mobile,0.25,random_multibudget,0.32,0.0,0.4,0.6
mobservice2_qr_expired_1626027488,mobservice2,qr_expired,mobile,0.25,random_multibudget,0.36,0.0,0.4,0.8
mobservice2_qr_expired_1626055588,mobservice2,qr_expired,mobile,0.25,random_multibudget,0.12000000000000002,0.0,0.0,0.4
mobservice2_qr_expired_1626092428,mobservice2,qr_expired,mobile,0.25,random_multibudget,0.24,0.0,0.2,0.6
mobservice2_qr_expired_1626126195,mobservice2,qr_expired,mobile,0.25,random_multibudget,0.2,0.0,0.2,0.4
mobservice2_qr_expired_1626148468,mobservice2,qr_expired,mobile,0.25,random_multibudget,0.48,0.2,0.4,0.8
mobservice2_qr_expired_1626179787,mobservice2,qr_expired,mobile,0.25,random_multibudget,0.28,0.0,0.2,0.6
mobservice2_qr_expired_1626214192,mobservice2,qr_expired,mobile,0.25,random_multibudget,0.4,0.2,0.4,0.6
mobservice2_qr_expired_1626250092,mobservice2,qr_expired,mobile,0.25,random_multibudget,0.24,0.0,0.4,0.4
mobservice2_qr_expired_1626285754,mobservice2,qr_expired,mobile,0.25,random_multibudget,0.6,0.2,0.8,0.8
mobservice2_qr_expired_1626320898,mobservice2,qr_expired,mobile,0.25,random_multibudget,0.5599999999999999,0.4,0.6,0.6
mobservice2_qr_expired_1626353097,mobservice2,qr_expired,mobile,0.25,random_multibudget,0.16,0.0,0.2,0.2
mobservice2_qr_expired_1626386746,mobservice2,qr_expired,mobile,0.25,random_multibudget,0.27999999999999997,0.2,0.2,0.4
mobservice2_qr_expired_1626422509,mobservice2,qr_expired,mobile,0.25,random_multibudget,0.12000000000000002,0.0,0.0,0.4
mobservice2_qr_expired_1626455756,mobservice2,qr_expired,mobile,0.25,random_multibudget,0.24,0.0,0.2,0.6
mobservice2_qr_expired_1626488967,mobservice2,qr_expired,mobile,0.25,random_multibudget,0.4,0.4,0.4,0.4
mobservice2_qr_expired_1626516592,mobservice2,qr_expired,mobile,0.25,random_multibudget,0.16,0.0,0.2,0.2
mobservice2_qr_expired_1626548205,mobservice2,qr_expired,mobile,0.25,random_multibudget,0.24,0.2,0.2,0.4
mobservice2_qr_expired_1626576971,mobservice2,qr_expired,mobile,0.25,random_multibudget,0.2,0.0,0.2,0.4
mobservice2_qr_expired_1626607755,mobservice2,qr_expired,mobile,0.25,random_multibudget,0.44000000000000006,0.2,0.2,1.0
mobservice2_qr_expired_1626636652,mobservice2,qr_expired,mobile,0.25,random_multibudget,0.2,0.0,0.2,0.4
mobservice2_qr_expired_1626763751,mobservice2,qr_expired,mobile,0.25,random_multibudget,0.4,0.0,0.4,0.6
mobservice2_qr_expired_1626790862,mobservice2,qr_expired,mobile,0.25,random_multibudget,0.08,0.0,0.0,0.4
mobservice2_qr_expired_1626826499,mobservice2,qr_expired,mobile,0.25,random_multibudget,0.32,0.0,0.2,0.6
mobservice2_qr_expired_1626855935,mobservice2,qr_expired,mobile,0.25,random_multibudget,0.0,0.0,0.0,0.0
mobservice2_qr_expired_1626885208,mobservice2,qr_expired,mobile,0.25,random_multibudget,0.5599999999999999,0.4,0.6,0.6
mobservice2_qr_expired_1626911607,mobservice2,qr_expired,mobile,0.25,random_multibudget,0.52,0.0,0.6,0.8
mobservice2_qr_expired_1626942742,mobservice2,qr_expired,mobile,0.25,random_multibudget,0.16,0.0,0.2,0.2
mobservice2_qr_expired_1626974155,mobservice2,qr_expired,mobile,0.25,random_multibudget,0.32,0.0,0.4,0.4
mobservice2_qr_expired_1626999471,mobservice2,qr_expired,mobile,0.25,random_multibudget,0.36,0.0,0.4,0.6
mobservice2_qr_expired_1627030453,mobservice2,qr_expired,mobile,0.25,random_multibudget,0.36,0.0,0.4,0.6
mobservice2_qr_expired_1627056700,mobservice2,qr_expired,mobile,0.25,random_multibudget,0.36,0.2,0.4,0.4
mobservice2_qr_expired_1627085196,mobservice2,qr_expired,mobile,0.25,random_multibudget,0.28,0.0,0.2,0.8
mobservice2_qr_expired_1627113655,mobservice2,qr_expired,mobile,0.25,random_multibudget,0.52,0.2,0.6,0.6
mobservice2_qr_expired_1627141574,mobservice2,qr_expired,mobile,0.25,random_multibudget,0.36,0.0,0.4,0.6
mobservice2_qr_expired_1627170090,mobservice2,qr_expired,mobile,0.25,random_multibudget,0.27999999999999997,0.0,0.4,0.6
mobservice2_qr_expired_1627194645,mobservice2,qr_expired,mobile,0.25,random_multibudget,0.08,0.0,0.0,0.2
mobservice2_qr_expired_1627220128,mobservice2,qr_expired,mobile,0.25,random_multibudget,0.2,0.2,0.2,0.2
mobservice2_qr_expired_1627249800,mobservice2,qr_expired,mobile,0.25,random_multibudget,0.24,0.2,0.2,0.4
mobservice2_qr_expired_1627279670,mobservice2,qr_expired,mobile,0.25,random_multibudget,0.32,0.0,0.4,0.4
mobservice2_qr_expired_1627308362,mobservice2,qr_expired,mobile,0.25,random_multibudget,0.4800000000000001,0.0,0.4,0.8
mobservice2_qr_expired_1627337234,mobservice2,qr_expired,mobile,0.25,random_multibudget,0.36,0.0,0.6,0.6
mobservice2_qr_expired_1627363820,mobservice2,qr_expired,mobile,0.25,random_multibudget,0.16,0.0,0.0,0.4
mobservice2_qr_expired_1627389398,mobservice2,qr_expired,mobile,0.25,random_multibudget,0.52,0.0,0.4,1.0
mobservice2_qr_expired_1627418217,mobservice2,qr_expired,mobile,0.25,random_multibudget,0.16,0.0,0.2,0.4
mobservice2_qr_expired_1627450448,mobservice2,qr_expired,mobile,0.25,random_multibudget,0.6799999999999999,0.6,0.6,0.8
mobservice2_qr_expired_1627475638,mobservice2,qr_expired,mobile,0.25,random_multibudget,0.4,0.2,0.4,0.6
mobservice2_qr_expired_1627503713,mobservice2,qr_expired,mobile,0.25,random_multibudget,0.16,0.0,0.2,0.4
mobservice2_qr_expired_1627532257,mobservice2,qr_expired,mobile,0.25,random_multibudget,0.08,0.0,0.0,0.4
mobservice2_qr_expired_1627561033,mobservice2,qr_expired,mobile,0.25,random_multibudget,0.52,0.4,0.4,0.8
mobservice2_qr_expired_1627590661,mobservice2,qr_expired,mobile,0.25,random_multibudget,0.64,0.2,0.8,0.8
mobservice2_qr_expired_1627615107,mobservice2,qr_expired,mobile,0.25,random_multibudget,0.2,0.2,0.2,0.2
mobservice2_qr_expired_1627645682,mobservice2,qr_expired,mobile,0.25,random_multibudget,0.6799999999999999,0.6,0.6,0.8
mobservice2_qr_expired_1627671327,mobservice2,qr_expired,mobile,0.25,random_multibudget,0.08,0.0,0.0,0.2
mobservice2_qr_expired_1627694165,mobservice2,qr_expired,mobile,0.25,random_multibudget,0.4,0.0,0.4,0.6
mobservice2_qr_expired_1627721066,mobservice2,qr_expired,mobile,0.25,random_multibudget,0.16,0.0,0.2,0.2
mobservice2_qr_expired_1627741589,mobservice2,qr_expired,mobile,0.25,random_multibudget,0.24,0.0,0.4,0.4
redisservice1_errno111_1626751802,redisservice1,errno111,cache,0.25,random_multibudget,0.04,0.0,0.0,0.2
redisservice1_errno111_1626752423,redisservice1,errno111,cache,0.25,random_multibudget,0.36,0.0,0.4,0.6
redisservice1_memory_1625145523,redisservice1,memory,cache,0.25,random_multibudget,0.52,0.4,0.4,0.8
redisservice1_memory_1625157279,redisservice1,memory,cache,0.25,random_multibudget,0.36,0.2,0.2,0.6
redisservice1_memory_1625174903,redisservice1,memory,cache,0.25,random_multibudget,0.12000000000000002,0.0,0.0,0.4
redisservice1_memory_1625272609,redisservice1,memory,cache,0.25,random_multibudget,0.2,0.0,0.0,0.8
redisservice1_memory_1625332594,redisservice1,memory,cache,0.25,random_multibudget,0.12000000000000002,0.0,0.0,0.4
redisservice1_memory_1625420467,redisservice1,memory,cache,0.25,random_multibudget,0.12,0.0,0.2,0.2
redisservice1_memory_1625453062,redisservice1,memory,cache,0.25,random_multibudget,0.6,0.2,0.8,1.0
redisservice1_memory_1625473678,redisservice1,memory,cache,0.25,random_multibudget,0.6,0.2,0.6,0.8
redisservice1_memory_1625508996,redisservice1,memory,cache,0.25,random_multibudget,0.0,0.0,0.0,0.0
redisservice1_memory_1625609699,redisservice1,memory,cache,0.25,random_multibudget,0.4,0.0,0.4,0.6
redisservice1_memory_1625631347,redisservice1,memory,cache,0.25,random_multibudget,0.27999999999999997,0.2,0.2,0.4
redisservice1_memory_1625699447,redisservice1,memory,cache,0.25,random_multibudget,0.27999999999999997,0.2,0.2,0.4
redisservice1_memory_1625816205,redisservice1,memory,cache,0.25,random_multibudget,0.2,0.0,0.2,0.4
redisservice1_memory_1625882934,redisservice1,memory,cache,0.25,random_multibudget,0.44000000000000006,0.0,0.6,0.6
redisservice1_memory_1625942635,redisservice1,memory,cache,0.25,random_multibudget,0.52,0.4,0.4,1.0
redisservice1_memory_1626014952,redisservice1,memory,cache,0.25,random_multibudget,0.16,0.0,0.2,0.2
redisservice1_memory_1626130579,redisservice1,memory,cache,0.25,random_multibudget,0.04,0.0,0.0,0.2
redisservice1_memory_1626172859,redisservice1,memory,cache,0.25,random_multibudget,0.48,0.0,0.6,0.8
redisservice1_memory_1626177452,redisservice1,memory,cache,0.25,random_multibudget,0.24,0.0,0.2,0.6
redisservice1_memory_1626185810,redisservice1,memory,cache,0.25,random_multibudget,0.12,0.0,0.2,0.2
redisservice1_memory_1626275221,redisservice1,memory,cache,0.25,random_multibudget,0.52,0.2,0.4,0.8
redisservice1_memory_1626278567,redisservice1,memory,cache,0.25,random_multibudget,0.24,0.2,0.2,0.4
redisservice1_memory_1626337048,redisservice1,memory,cache,0.25,random_multibudget,0.2,0.2,0.2,0.2
redisservice1_memory_1626374212,redisservice1,memory,cache,0.25,random_multibudget,0.32,0.2,0.4,0.4
redisservice1_memory_1626444115,redisservice1,memory,cache,0.25,random_multibudget,0.52,0.4,0.6,0.6
redisservice1_memory_1626517230,redisservice1,memory,cache,0.25,random_multibudget,0.44000000000000006,0.4,0.4,0.6
redisservice1_memory_1626520325,redisservice1,memory,cache,0.25,random_multibudget,0.16,0.0,0.2,0.2
redisservice1_memory_1626552122,redisservice1,memory,cache,0.25,random_multibudget,0.36,0.0,0.4,0.8
redisservice1_memory_1626758417,redisservice1,memory,cache,0.25,random_multibudget,0.12000000000000002,0.0,0.0,0.6
redisservice1_memory_1626851723,redisservice1,memory,cache,0.25,random_multibudget,0.64,0.4,0.8,0.8
redisservice1_memory_1626864205,redisservice1,memory,cache,0.25,random_multibudget,0.12,0.0,0.2,0.2
redisservice1_memory_1626871199,redisservice1,memory,cache,0.25,random_multibudget,0.24,0.0,0.4,0.4
redisservice1_memory_1626943678,redisservice1,memory,cache,0.25,random_multibudget,0.32,0.2,0.4,0.4
redisservice1_memory_1626975786,redisservice1,memory,cache,0.25,random_multibudget,0.12,0.0,0.2,0.2
redisservice1_memory_1626979689,redisservice1,memory,cache,0.25,random_multibudget,0.5599999999999999,0.4,0.4,1.0
redisservice1_memory_1627002068,redisservice1,memory,cache,0.25,random_multibudget,0.4,0.2,0.4,0.6
redisservice1_memory_1627081010,redisservice1,memory,cache,0.25,random_multibudget,0.2,0.0,0.2,0.4
redisservice1_memory_1627111126,redisservice1,memory,cache,0.25,random_multibudget,0.28,0.0,0.2,0.6
redisservice1_memory_1627213476,redisservice1,memory,cache,0.25,random_multibudget,0.16,0.0,0.2,0.2
redisservice1_memory_1627219738,redisservice1,memory,cache,0.25,random_multibudget,0.16,0.0,0.0,0.4
redisservice1_memory_1627303947,redisservice1,memory,cache,0.25,random_multibudget,0.2,0.2,0.2,0.2
redisservice1_memory_1627332332,redisservice1,memory,cache,0.25,random_multibudget,0.12000000000000002,0.0,0.0,0.4
redisservice1_memory_1627362134,redisservice1,memory,cache,0.25,random_multibudget,0.24,0.0,0.2,0.6
redisservice1_memory_1627367085,redisservice1,memory,cache,0.25,random_multibudget,0.4,0.0,0.4,0.6
redisservice1_memory_1627381864,redisservice1,memory,cache,0.25,random_multibudget,0.2,0.0,0.2,0.4
redisservice1_memory_1627436567,redisservice1,memory,cache,0.25,random_multibudget,0.0,0.0,0.0,0.0
redisservice1_memory_1627512202,redisservice1,memory,cache,0.25,random_multibudget,0.24,0.0,0.2,0.6
redisservice1_memory_1627531834,redisservice1,memory,cache,0.25,random_multibudget,0.32,0.0,0.4,0.6
redisservice1_memory_1627574700,redisservice1,memory,cache,0.25,random_multibudget,0.27999999999999997,0.2,0.2,0.6
redisservice1_memory_1627588078,redisservice1,memory,cache,0.25,random_multibudget,0.36,0.2,0.4,0.6
redisservice1_memory_1627657138,redisservice1,memory,cache,0.25,random_multibudget,0.44000000000000006,0.0,0.4,0.8
redisservice1_memory_1627670203,redisservice1,memory,cache,0.25,random_multibudget,0.32,0.0,0.4,0.6
redisservice1_memory_1627713030,redisservice1,memory,cache,0.25,random_multibudget,0.36,0.2,0.4,0.4
redisservice1_memory_1627749155,redisservice1,memory,cache,0.25,random_multibudget,0.32,0.2,0.4,0.4
redisservice1_memory_1627760867,redisservice1,memory,cache,0.25,random_multibudget,0.24,0.0,0.2,0.6
redisservice2_errno111_1626751801,redisservice2,errno111,cache,0.25,random_multibudget,0.16,0.0,0.2,0.2
redisservice2_errno111_1626752427,redisservice2,errno111,cache,0.25,random_multibudget,0.04,0.0,0.0,0.2
redisservice2_memory_1625155035,redisservice2,memory,cache,0.25,random_multibudget,0.24000000000000005,0.0,0.0,0.8
redisservice2_memory_1625165701,redisservice2,memory,cache,0.25,random_multibudget,0.32,0.0,0.4,0.4
redisservice2_memory_1625175011,redisservice2,memory,cache,0.25,random_multibudget,0.36,0.0,0.4,0.6
redisservice2_memory_1625179202,redisservice2,memory,cache,0.25,random_multibudget,0.32,0.0,0.4,0.6
redisservice2_memory_1625250114,redisservice2,memory,cache,0.25,random_multibudget,0.64,0.4,0.8,0.8
redisservice2_memory_1625264600,redisservice2,memory,cache,0.25,random_multibudget,0.36,0.2,0.2,0.6
redisservice2_memory_1625320792,redisservice2,memory,cache,0.25,random_multibudget,0.2,0.0,0.2,0.4
redisservice2_memory_1625324488,redisservice2,memory,cache,0.25,random_multibudget,0.0,0.0,0.0,0.0
redisservice2_memory_1625493529,redisservice2,memory,cache,0.25,random_multibudget,0.32,0.0,0.4,0.4
redisservice2_memory_1625512043,redisservice2,memory,cache,0.25,random_multibudget,0.2,0.0,0.0,0.8
redisservice2_memory_1625620800,redisservice2,memory,cache,0.25,random_multibudget,0.16,0.0,0.2,0.4
redisservice2_memory_1625692590,redisservice2,memory,cache,0.25,random_multibudget,0.36,0.2,0.4,0.4
redisservice2_memory_1625733844,redisservice2,memory,cache,0.25,random_multibudget,0.27999999999999997,0.2,0.2,0.4
redisservice2_memory_1625752669,redisservice2,memory,cache,0.25,random_multibudget,0.2,0.2,0.2,0.2
redisservice2_memory_1625768486,redisservice2,memory,cache,0.25,random_multibudget,0.36,0.2,0.2,0.6
redisservice2_memory_1625790000,redisservice2,memory,cache,0.25,random_multibudget,0.72,0.4,0.6,1.0
redisservice2_memory_1625819320,redisservice2,memory,cache,0.25,random_multibudget,0.12000000000000002,0.0,0.0,0.4
redisservice2_memory_1625845367,redisservice2,memory,cache,0.25,random_multibudget,0.27999999999999997,0.2,0.2,0.6
redisservice2_memory_1625874853,redisservice2,memory,cache,0.25,random_multibudget,0.36,0.2,0.4,0.6
redisservice2_memory_1625882839,redisservice2,memory,cache,0.25,random_multibudget,0.32,0.0,0.4,0.4
redisservice2_memory_1625954379,redisservice2,memory,cache,0.25,random_multibudget,0.16,0.0,0.2,0.2
redisservice2_memory_1625985172,redisservice2,memory,cache,0.25,random_multibudget,0.2,0.0,0.2,0.4
redisservice2_memory_1626048164,redisservice2,memory,cache,0.25,random_multibudget,0.4,0.2,0.4,0.6
redisservice2_memory_1626074288,redisservice2,memory,cache,0.25,random_multibudget,0.2,0.0,0.2,0.4
redisservice2_memory_1626096553,redisservice2,memory,cache,0.25,random_multibudget,0.6,0.2,0.6,1.0
redisservice2_memory_1626127643,redisservice2,memory,cache,0.25,random_multibudget,0.32,0.0,0.4,0.4
redisservice2_memory_1626131951,redisservice2,memory,cache,0.25,random_multibudget,0.52,0.2,0.6,0.8
redisservice2_memory_1626178417,redisservice2,memory,cache,0.25,random_multibudget,0.5599999999999999,0.4,0.6,0.6
redisservice2_memory_1626247718,redisservice2,memory,cache,0.25,random_multibudget,0.08,0.0,0.0,0.2
redisservice2_memory_1626307296,redisservice2,memory,cache,0.25,random_multibudget,0.4,0.2,0.4,0.6
redisservice2_memory_1626319731,redisservice2,memory,cache,0.25,random_multibudget,0.24,0.2,0.2,0.4
redisservice2_memory_1626375654,redisservice2,memory,cache,0.25,random_multibudget,0.44000000000000006,0.2,0.6,0.6
redisservice2_memory_1626410429,redisservice2,memory,cache,0.25,random_multibudget,0.48,0.4,0.4,0.6
redisservice2_memory_1626496139,redisservice2,memory,cache,0.25,random_multibudget,0.36,0.2,0.4,0.4
redisservice2_memory_1626741618,redisservice2,memory,cache,0.25,random_multibudget,0.12,0.0,0.2,0.2
redisservice2_memory_1626765949,redisservice2,memory,cache,0.25,random_multibudget,0.24,0.2,0.2,0.4
redisservice2_memory_1626783759,redisservice2,memory,cache,0.25,random_multibudget,0.12000000000000002,0.0,0.0,0.4
redisservice2_memory_1626847510,redisservice2,memory,cache,0.25,random_multibudget,0.64,0.2,0.8,0.8
redisservice2_memory_1626861594,redisservice2,memory,cache,0.25,random_multibudget,0.5599999999999999,0.4,0.6,0.6
redisservice2_memory_1626934034,redisservice2,memory,cache,0.25,random_multibudget,0.32,0.2,0.4,0.4
redisservice2_memory_1627016217,redisservice2,memory,cache,0.25,random_multibudget,0.36,0.0,0.4,0.8
redisservice2_memory_1627022600,redisservice2,memory,cache,0.25,random_multibudget,0.04,0.0,0.0,0.2
redisservice2_memory_1627063787,redisservice2,memory,cache,0.25,random_multibudget,0.2,0.0,0.2,0.4
redisservice2_memory_1627072253,redisservice2,memory,cache,0.25,random_multibudget,0.12000000000000002,0.0,0.0,0.4
redisservice2_memory_1627115108,redisservice2,memory,cache,0.25,random_multibudget,0.4,0.0,0.6,0.8
redisservice2_memory_1627140541,redisservice2,memory,cache,0.25,random_multibudget,0.36000000000000004,0.0,0.2,0.8
redisservice2_memory_1627269946,redisservice2,memory,cache,0.25,random_multibudget,0.48,0.0,0.6,0.8
redisservice2_memory_1627293263,redisservice2,memory,cache,0.25,random_multibudget,0.2,0.0,0.2,0.4
redisservice2_memory_1627386167,redisservice2,memory,cache,0.25,random_multibudget,0.36,0.0,0.4,0.6
redisservice2_memory_1627409250,redisservice2,memory,cache,0.25,random_multibudget,0.16,0.0,0.2,0.4
redisservice2_memory_1627454973,redisservice2,memory,cache,0.25,random_multibudget,0.0,0.0,0.0,0.0
redisservice2_memory_1627585056,redisservice2,memory,cache,0.25,random_multibudget,0.24,0.0,0.4,0.4
redisservice2_memory_1627613855,redisservice2,memory,cache,0.25,random_multibudget,0.12,0.0,0.2,0.2
redisservice2_memory_1627629714,redisservice2,memory,cache,0.25,random_multibudget,0.2,0.0,0.2,0.4
redisservice2_memory_1627738678,redisservice2,memory,cache,0.25,random_multibudget,0.08,0.0,0.0,0.4
redisservice2_memory_1627745580,redisservice2,memory,cache,0.25,random_multibudget,0.52,0.2,0.4,0.8
redisservice2_memory_1627748697,redisservice2,memory,cache,0.25,random_multibudget,0.4,0.2,0.4,0.6
webservice1_cpu_1627724616,webservice1,cpu,web,0.25,random_multibudget,0.27999999999999997,0.0,0.4,0.6
webservice1_errno111_1626750601,webservice1,errno111,web,0.25,random_multibudget,0.4,0.4,0.4,0.4
webservice1_errno111_1626750732,webservice1,errno111,web,0.25,random_multibudget,0.36,0.0,0.4,0.6
webservice1_file_move_1625256600,webservice1,file_move,web,0.25,random_multibudget,0.4,0.4,0.4,0.4
webservice1_file_move_1625371800,webservice1,file_move,web,0.25,random_multibudget,0.2,0.2,0.2,0.2
webservice1_file_move_1625400601,webservice1,file_move,web,0.25,random_multibudget,0.27999999999999997,0.0,0.4,0.4
webservice1_file_move_1625631001,webservice1,file_move,web,0.25,random_multibudget,0.6,0.6,0.6,0.6
webservice1_file_move_1625706600,webservice1,file_move,web,0.25,random_multibudget,0.52,0.0,0.4,1.0
webservice1_file_move_1625775000,webservice1,file_move,web,0.25,random_multibudget,0.24000000000000005,0.0,0.2,0.4
webservice1_file_move_1625890201,webservice1,file_move,web,0.25,random_multibudget,0.16,0.0,0.2,0.2
webservice1_file_move_1625933400,webservice1,file_move,web,0.25,random_multibudget,0.48,0.2,0.6,0.6
webservice1_file_move_1626149400,webservice1,file_move,web,0.25,random_multibudget,0.32,0.2,0.2,0.6
webservice1_file_move_1626264600,webservice1,file_move,web,0.25,random_multibudget,0.2,0.0,0.2,0.4
webservice1_file_move_1626351000,webservice1,file_move,web,0.25,random_multibudget,0.04,0.0,0.0,0.2
webservice1_file_move_1626509400,webservice1,file_move,web,0.25,random_multibudget,0.72,0.2,0.8,1.0
webservice1_file_move_1626797400,webservice1,file_move,web,0.25,random_multibudget,0.4,0.0,0.4,0.6
webservice1_file_move_1626840600,webservice1,file_move,web,0.25,random_multibudget,0.32,0.2,0.4,0.4
webservice1_file_move_1626916200,webservice1,file_move,web,0.25,random_multibudget,0.32,0.0,0.2,0.8
webservice1_file_move_1627114200,webservice1,file_move,web,0.25,random_multibudget,0.48,0.4,0.4,0.8
webservice1_file_move_1627503000,webservice1,file_move,web,0.25,random_multibudget,0.24000000000000005,0.0,0.0,0.6
webservice1_file_move_1627521000,webservice1,file_move,web,0.25,random_multibudget,0.6,0.6,0.6,0.6
webservice1_file_move_1627531800,webservice1,file_move,web,0.25,random_multibudget,0.36,0.2,0.4,0.4
webservice1_file_move_1627607400,webservice1,file_move,web,0.25,random_multibudget,0.32,0.2,0.2,0.6
webservice1_file_move_1627632600,webservice1,file_move,web,0.25,random_multibudget,0.28,0.0,0.2,0.6
webservice1_file_move_1627661400,webservice1,file_move,web,0.25,random_multibudget,0.04,0.0,0.0,0.2
webservice1_memory_1625222072,webservice1,memory,web,0.25,random_multibudget,0.0,0.0,0.0,0.0
webservice1_memory_1625373179,webservice1,memory,web,0.25,random_multibudget,0.4,0.2,0.4,0.6
webservice1_memory_1625380916,webservice1,memory,web,0.25,random_multibudget,0.2,0.0,0.2,0.4
webservice1_memory_1625415630,webservice1,memory,web,0.25,random_multibudget,0.2,0.0,0.2,0.4
webservice1_memory_1625506658,webservice1,memory,web,0.25,random_multibudget,0.24,0.0,0.2,0.6
webservice1_memory_1625522955,webservice1,memory,web,0.25,random_multibudget,0.36,0.0,0.4,0.6
webservice1_memory_1625546136,webservice1,memory,web,0.25,random_multibudget,0.24,0.0,0.2,0.6
webservice1_memory_1625607930,webservice1,memory,web,0.25,random_multibudget,0.24000000000000005,0.0,0.2,0.4
webservice1_memory_1625662559,webservice1,memory,web,0.25,random_multibudget,0.12000000000000002,0.0,0.0,0.4
webservice1_memory_1625715729,webservice1,memory,web,0.25,random_multibudget,0.4,0.4,0.4,0.4
webservice1_memory_1625744233,webservice1,memory,web,0.25,random_multibudget,0.2,0.0,0.2,0.4
webservice1_memory_1625777703,webservice1,memory,web,0.25,random_multibudget,0.48,0.2,0.4,0.8
webservice1_memory_1625820924,webservice1,memory,web,0.25,random_multibudget,0.08,0.0,0.0,0.4
webservice1_memory_1625860918,webservice1,memory,web,0.25,random_multibudget,0.48,0.2,0.4,0.8
webservice1_memory_1625881257,webservice1,memory,web,0.25,random_multibudget,0.36,0.2,0.4,0.4
webservice1_memory_1625903663,webservice1,memory,web,0.25,random_multibudget,0.2,0.0,0.2,0.4
webservice1_memory_1625957279,webservice1,memory,web,0.25,random_multibudget,0.24,0.0,0.2,0.6
webservice1_memory_1625991808,webservice1,memory,web,0.25,random_multibudget,0.16,0.0,0.2,0.2
webservice1_memory_1626079674,webservice1,memory,web,0.25,random_multibudget,0.08,0.0,0.0,0.4
webservice1_memory_1626111467,webservice1,memory,web,0.25,random_multibudget,0.44000000000000006,0.0,0.6,0.6
webservice1_memory_1626198054,webservice1,memory,web,0.25,random_multibudget,0.52,0.2,0.6,0.8
webservice1_memory_1626236265,webservice1,memory,web,0.25,random_multibudget,0.24,0.0,0.2,0.6
webservice1_memory_1626258904,webservice1,memory,web,0.25,random_multibudget,0.0,0.0,0.0,0.0
webservice1_memory_1626322165,webservice1,memory,web,0.25,random_multibudget,0.4,0.2,0.4,0.8
webservice1_memory_1626371978,webservice1,memory,web,0.25,random_multibudget,0.16,0.0,0.2,0.2
webservice1_memory_1626406508,webservice1,memory,web,0.25,random_multibudget,0.16,0.0,0.2,0.2
webservice1_memory_1626434165,webservice1,memory,web,0.25,random_multibudget,0.24,0.0,0.4,0.4
webservice1_memory_1626498601,webservice1,memory,web,0.25,random_multibudget,0.48,0.2,0.4,0.8
webservice1_memory_1626548045,webservice1,memory,web,0.25,random_multibudget,0.16,0.0,0.2,0.2
webservice1_memory_1626605103,webservice1,memory,web,0.25,random_multibudget,0.2,0.2,0.2,0.2
webservice1_memory_1626759297,webservice1,memory,web,0.25,random_multibudget,0.4,0.0,0.4,0.8
webservice1_memory_1626806854,webservice1,memory,web,0.25,random_multibudget,0.32,0.2,0.2,0.6
webservice1_memory_1626829989,webservice1,memory,web,0.25,random_multibudget,0.44000000000000006,0.0,0.6,0.6
webservice1_memory_1626881411,webservice1,memory,web,0.25,random_multibudget,0.24,0.0,0.4,0.4
webservice1_memory_1626888666,webservice1,memory,web,0.25,random_multibudget,0.24,0.2,0.2,0.4
webservice1_memory_1626917861,webservice1,memory,web,0.25,random_multibudget,0.36,0.2,0.2,0.6
webservice1_memory_1626933556,webservice1,memory,web,0.25,random_multibudget,0.16,0.0,0.2,0.2
webservice1_memory_1626956223,webservice1,memory,web,0.25,random_multibudget,0.52,0.0,0.6,0.8
webservice1_memory_1626992148,webservice1,memory,web,0.25,random_multibudget,0.12000000000000002,0.0,0.0,0.4
webservice1_memory_1627046678,webservice1,memory,web,0.25,random_multibudget,0.2,0.0,0.2,0.4
webservice1_memory_1627057566,webservice1,memory,web,0.25,random_multibudget,0.5599999999999999,0.4,0.6,0.6
webservice1_memory_1627079078,webservice1,memory,web,0.25,random_multibudget,0.2,0.0,0.2,0.6
webservice1_memory_1627100569,webservice1,memory,web,0.25,random_multibudget,0.24,0.0,0.4,0.4
webservice1_memory_1627122542,webservice1,memory,web,0.25,random_multibudget,0.4,0.2,0.4,0.6
webservice1_memory_1627157039,webservice1,memory,web,0.25,random_multibudget,0.27999999999999997,0.0,0.4,0.4
webservice1_memory_1627174739,webservice1,memory,web,0.25,random_multibudget,0.4,0.2,0.4,0.6
webservice1_memory_1627194266,webservice1,memory,web,0.25,random_multibudget,0.24,0.0,0.2,0.6
webservice1_memory_1627218977,webservice1,memory,web,0.25,random_multibudget,0.52,0.2,0.4,0.8
webservice1_memory_1627316277,webservice1,memory,web,0.25,random_multibudget,0.08,0.0,0.0,0.2
webservice1_memory_1627330168,webservice1,memory,web,0.25,random_multibudget,0.27999999999999997,0.0,0.4,0.6
webservice1_memory_1627342282,webservice1,memory,web,0.25,random_multibudget,0.2,0.0,0.2,0.4
webservice1_memory_1627361744,webservice1,memory,web,0.25,random_multibudget,0.2,0.0,0.2,0.6
webservice1_memory_1627381040,webservice1,memory,web,0.25,random_multibudget,0.2,0.0,0.2,0.4
webservice1_memory_1627399949,webservice1,memory,web,0.25,random_multibudget,0.32,0.0,0.4,0.6
webservice1_memory_1627427700,webservice1,memory,web,0.25,random_multibudget,0.44000000000000006,0.2,0.4,0.8
webservice1_memory_1627539698,webservice1,memory,web,0.25,random_multibudget,0.12,0.0,0.2,0.2
webservice1_memory_1627672100,webservice1,memory,web,0.25,random_multibudget,0.36,0.2,0.4,0.6
webservice1_memory_1627708025,webservice1,memory,web,0.25,random_multibudget,0.12,0.0,0.2,0.2
webservice1_memory_1627724870,webservice1,memory,web,0.25,random_multibudget,0.4,0.0,0.4,0.8
webservice1_memory_1627750701,webservice1,memory,web,0.25,random_multibudget,0.4,0.4,0.4,0.4
webservice2_cpu_1627270294,webservice2,cpu,web,0.25,random_multibudget,0.2,0.0,0.2,0.4
webservice2_errno111_1626750601,webservice2,errno111,web,0.25,random_multibudget,0.28,0.0,0.2,0.8
webservice2_errno111_1626750706,webservice2,errno111,web,0.25,random_multibudget,0.36,0.0,0.4,0.8
webservice2_file_move_1625361000,webservice2,file_move,web,0.25,random_multibudget,0.44000000000000006,0.0,0.4,0.8
webservice2_file_move_1625386200,webservice2,file_move,web,0.25,random_multibudget,0.76,0.6,0.8,0.8
webservice2_file_move_1625501400,webservice2,file_move,web,0.25,random_multibudget,0.6,0.2,0.8,0.8
webservice2_file_move_1625559000,webservice2,file_move,web,0.25,random_multibudget,0.52,0.4,0.6,0.6
webservice2_file_move_1625587800,webservice2,file_move,web,0.25,random_multibudget,0.27999999999999997,0.2,0.2,0.4
webservice2_file_move_1625793000,webservice2,file_move,web,0.25,random_multibudget,0.4,0.2,0.4,0.6
webservice2_file_move_1626163800,webservice2,file_move,web,0.25,random_multibudget,0.12000000000000002,0.0,0.0,0.4
webservice2_file_move_1626264600,webservice2,file_move,web,0.25,random_multibudget,0.24000000000000005,0.0,0.2,0.6
webservice2_file_move_1626869400,webservice2,file_move,web,0.25,random_multibudget,0.32,0.0,0.2,0.6
webservice2_file_move_1626883800,webservice2,file_move,web,0.25,random_multibudget,0.15999999999999998,0.0,0.2,0.4
webservice2_file_move_1626927000,webservice2,file_move,web,0.25,random_multibudget,0.8,0.8,0.8,0.8
webservice2_file_move_1626955800,webservice2,file_move,web,0.25,random_multibudget,0.4,0.2,0.4,0.6
webservice2_file_move_1627071001,webservice2,file_move,web,0.25,random_multibudget,0.68,0.2,0.6,1.0
webservice2_file_move_1627089000,webservice2,file_move,web,0.25,random_multibudget,0.32,0.2,0.2,0.6
webservice2_file_move_1627215000,webservice2,file_move,web,0.25,random_multibudget,0.28,0.0,0.2,0.6
webservice2_file_move_1627488601,webservice2,file_move,web,0.25,random_multibudget,0.5599999999999999,0.0,0.8,0.8
webservice2_file_move_1627503000,webservice2,file_move,web,0.25,random_multibudget,0.4,0.4,0.4,0.4
webservice2_file_move_1627575000,webservice2,file_move,web,0.25,random_multibudget,0.48,0.4,0.4,0.6
webservice2_file_move_1627607400,webservice2,file_move,web,0.25,random_multibudget,0.04,0.0,0.0,0.2
webservice2_file_move_1627632600,webservice2,file_move,web,0.25,random_multibudget,0.0,0.0,0.0,0.0
webservice2_file_move_1627704600,webservice2,file_move,web,0.25,random_multibudget,0.48,0.4,0.4,0.6
webservice2_memory_1625138212,webservice2,memory,web,0.25,random_multibudget,0.2,0.0,0.2,0.4
webservice2_memory_1625154530,webservice2,memory,web,0.25,random_multibudget,0.32,0.2,0.2,0.6
webservice2_memory_1625212312,webservice2,memory,web,0.25,random_multibudget,0.24,0.0,0.4,0.4
webservice2_memory_1625325487,webservice2,memory,web,0.25,random_multibudget,0.24000000000000005,0.0,0.2,0.4
webservice2_memory_1625367620,webservice2,memory,web,0.25,random_multibudget,0.24,0.2,0.2,0.4
webservice2_memory_1625381030,webservice2,memory,web,0.25,random_multibudget,0.24000000000000005,0.0,0.2,0.4
webservice2_memory_1625418006,webservice2,memory,web,0.25,random_multibudget,0.0,0.0,0.0,0.0
webservice2_memory_1625424557,webservice2,memory,web,0.25,random_multibudget,0.16,0.0,0.2,0.4
webservice2_memory_1625614232,webservice2,memory,web,0.25,random_multibudget,0.64,0.4,0.6,1.0
webservice2_memory_1625649699,webservice2,memory,web,0.25,random_multibudget,0.52,0.2,0.6,0.8
webservice2_memory_1625734162,webservice2,memory,web,0.25,random_multibudget,0.16,0.0,0.2,0.4
webservice2_memory_1625744497,webservice2,memory,web,0.25,random_multibudget,0.27999999999999997,0.2,0.2,0.6
webservice2_memory_1625747511,webservice2,memory,web,0.25,random_multibudget,0.2,0.0,0.2,0.6
webservice2_memory_1625777099,webservice2,memory,web,0.25,random_multibudget,0.36,0.2,0.2,0.6
webservice2_memory_1625806048,webservice2,memory,web,0.25,random_multibudget,0.24,0.2,0.2,0.4
webservice2_memory_1625856842,webservice2,memory,web,0.25,random_multibudget,0.27999999999999997,0.0,0.4,0.4
webservice2_memory_1625890558,webservice2,memory,web,0.25,random_multibudget,0.15999999999999998,0.0,0.2,0.4
webservice2_memory_1625896703,webservice2,memory,web,0.25,random_multibudget,0.48,0.4,0.4,0.6
webservice2_memory_1626003242,webservice2,memory,web,0.25,random_multibudget,0.24000000000000005,0.0,0.2,0.4
webservice2_memory_1626007446,webservice2,memory,web,0.25,random_multibudget,0.27999999999999997,0.0,0.4,0.4
webservice2_memory_1626018521,webservice2,memory,web,0.25,random_multibudget,0.32,0.2,0.4,0.4
webservice2_memory_1626030740,webservice2,memory,web,0.25,random_multibudget,0.2,0.0,0.2,0.4
webservice2_memory_1626052978,webservice2,memory,web,0.25,random_multibudget,0.32,0.2,0.2,0.6
webservice2_memory_1626097343,webservice2,memory,web,0.25,random_multibudget,0.27999999999999997,0.2,0.2,0.6
webservice2_memory_1626104516,webservice2,memory,web,0.25,random_multibudget,0.4,0.0,0.6,0.8
webservice2_memory_1626204647,webservice2,memory,web,0.25,random_multibudget,0.16,0.0,0.2,0.2
webservice2_memory_1626267308,webservice2,memory,web,0.25,random_multibudget,0.12000000000000002,0.0,0.0,0.4
webservice2_memory_1626284568,webservice2,memory,web,0.25,random_multibudget,0.2,0.0,0.2,0.6
webservice2_memory_1626288105,webservice2,memory,web,0.25,random_multibudget,0.0,0.0,0.0,0.0
webservice2_memory_1626314797,webservice2,memory,web,0.25,random_multibudget,0.15999999999999998,0.0,0.2,0.4
webservice2_memory_1626374035,webservice2,memory,web,0.25,random_multibudget,0.0,0.0,0.0,0.0
webservice2_memory_1626417018,webservice2,memory,web,0.25,random_multibudget,0.48,0.0,0.6,0.8
webservice2_memory_1626427252,webservice2,memory,web,0.25,random_multibudget,0.12,0.0,0.2,0.2
webservice2_memory_1626506288,webservice2,memory,web,0.25,random_multibudget,0.28,0.0,0.2,0.6
webservice2_memory_1626525063,webservice2,memory,web,0.25,random_multibudget,0.15999999999999998,0.0,0.2,0.4
webservice2_memory_1626589456,webservice2,memory,web,0.25,random_multibudget,0.32,0.2,0.2,0.6
webservice2_memory_1626787776,webservice2,memory,web,0.25,random_multibudget,0.36,0.0,0.4,0.6
webservice2_memory_1626817432,webservice2,memory,web,0.25,random_multibudget,0.56,0.0,0.6,0.8
webservice2_memory_1626850836,webservice2,memory,web,0.25,random_multibudget,0.08,0.0,0.0,0.2
webservice2_memory_1626869243,webservice2,memory,web,0.25,random_multibudget,0.16,0.0,0.0,0.6
webservice2_memory_1626905392,webservice2,memory,web,0.25,random_multibudget,0.24000000000000005,0.0,0.2,0.6
webservice2_memory_1626939504,webservice2,memory,web,0.25,random_multibudget,0.4,0.0,0.4,0.8
webservice2_memory_1627032836,webservice2,memory,web,0.25,random_multibudget,0.4,0.0,0.6,0.6
webservice2_memory_1627085325,webservice2,memory,web,0.25,random_multibudget,0.0,0.0,0.0,0.0
webservice2_memory_1627091294,webservice2,memory,web,0.25,random_multibudget,0.44000000000000006,0.0,0.4,0.8
webservice2_memory_1627100690,webservice2,memory,web,0.25,random_multibudget,0.48,0.2,0.4,0.8
webservice2_memory_1627119052,webservice2,memory,web,0.25,random_multibudget,0.16,0.0,0.2,0.2
webservice2_memory_1627196935,webservice2,memory,web,0.25,random_multibudget,0.44000000000000006,0.0,0.6,0.6
webservice2_memory_1627217059,webservice2,memory,web,0.25,random_multibudget,0.36,0.0,0.6,0.6
webservice2_memory_1627286385,webservice2,memory,web,0.25,random_multibudget,0.24000000000000005,0.0,0.0,0.6
webservice2_memory_1627323573,webservice2,memory,web,0.25,random_multibudget,0.27999999999999997,0.0,0.2,0.6
webservice2_memory_1627354358,webservice2,memory,web,0.25,random_multibudget,0.2,0.0,0.2,0.6
webservice2_memory_1627372277,webservice2,memory,web,0.25,random_multibudget,0.36,0.0,0.4,0.8
webservice2_memory_1627423928,webservice2,memory,web,0.25,random_multibudget,0.16,0.0,0.2,0.4
webservice2_memory_1627432266,webservice2,memory,web,0.25,random_multibudget,0.27999999999999997,0.2,0.2,0.4
webservice2_memory_1627459375,webservice2,memory,web,0.25,random_multibudget,0.4,0.2,0.4,0.6
webservice2_memory_1627485396,webservice2,memory,web,0.25,random_multibudget,0.16,0.0,0.0,0.6
webservice2_memory_1627546421,webservice2,memory,web,0.25,random_multibudget,0.6,0.4,0.6,0.8
webservice2_memory_1627570264,webservice2,memory,web,0.25,random_multibudget,0.24,0.0,0.4,0.4
webservice2_memory_1627718583,webservice2,memory,web,0.25,random_multibudget,0.36,0.0,0.6,0.6
webservice2_memory_1627731038,webservice2,memory,web,0.25,random_multibudget,0.56,0.2,0.4,1.0
webservice2_memory_1627742508,webservice2,memory,web,0.25,random_multibudget,0.16,0.0,0.0,0.6
webservice2_memory_1627752181,webservice2,memory,web,0.25,random_multibudget,0.44000000000000006,0.2,0.6,0.6
dbservice1_cpu_1627429585,dbservice1,cpu,database,0.5,adaptive_corrupted_anchor,0.6,0.0,1.0,1.0
dbservice1_cpu_1627464819,dbservice1,cpu,database,0.5,adaptive_corrupted_anchor,0.6,0.0,1.0,1.0
dbservice1_cpu_1627475651,dbservice1,cpu,database,0.5,adaptive_corrupted_anchor,0.4,0.0,0.0,1.0
dbservice1_cpu_1627486293,dbservice1,cpu,database,0.5,adaptive_corrupted_anchor,0.2,0.0,0.0,1.0
dbservice1_cpu_1627509699,dbservice1,cpu,database,0.5,adaptive_corrupted_anchor,0.8,0.0,1.0,1.0
dbservice1_cpu_1627529324,dbservice1,cpu,database,0.5,adaptive_corrupted_anchor,0.8,0.0,1.0,1.0
dbservice1_cpu_1627572876,dbservice1,cpu,database,0.5,adaptive_corrupted_anchor,0.8,0.0,1.0,1.0
dbservice1_cpu_1627703827,dbservice1,cpu,database,0.5,adaptive_corrupted_anchor,0.8,0.0,1.0,1.0
dbservice1_errno111_1626750606,dbservice1,errno111,database,0.5,adaptive_corrupted_anchor,1.0,1.0,1.0,1.0
dbservice1_errno111_1626750701,dbservice1,errno111,database,0.5,adaptive_corrupted_anchor,0.8,0.0,1.0,1.0
dbservice1_memory_1625140467,dbservice1,memory,database,0.5,adaptive_corrupted_anchor,0.4,0.0,0.0,1.0
dbservice1_memory_1625178785,dbservice1,memory,database,0.5,adaptive_corrupted_anchor,1.0,1.0,1.0,1.0
dbservice1_memory_1625188889,dbservice1,memory,database,0.5,adaptive_corrupted_anchor,0.4,0.0,0.0,1.0
dbservice1_memory_1625231603,dbservice1,memory,database,0.5,adaptive_corrupted_anchor,1.0,1.0,1.0,1.0
dbservice1_memory_1625243441,dbservice1,memory,database,0.5,adaptive_corrupted_anchor,1.0,1.0,1.0,1.0
dbservice1_memory_1625384013,dbservice1,memory,database,0.5,adaptive_corrupted_anchor,1.0,1.0,1.0,1.0
dbservice1_memory_1625411468,dbservice1,memory,database,0.5,adaptive_corrupted_anchor,1.0,1.0,1.0,1.0
dbservice1_memory_1625418705,dbservice1,memory,database,0.5,adaptive_corrupted_anchor,1.0,1.0,1.0,1.0
dbservice1_memory_1625578885,dbservice1,memory,database,0.5,adaptive_corrupted_anchor,0.2,0.0,0.0,1.0
dbservice1_memory_1625582957,dbservice1,memory,database,0.5,adaptive_corrupted_anchor,0.6,0.0,1.0,1.0
dbservice1_memory_1625637896,dbservice1,memory,database,0.5,adaptive_corrupted_anchor,1.0,1.0,1.0,1.0
dbservice1_memory_1625671282,dbservice1,memory,database,0.5,adaptive_corrupted_anchor,0.2,0.0,0.0,1.0
dbservice1_memory_1625675230,dbservice1,memory,database,0.5,adaptive_corrupted_anchor,0.4,0.0,0.0,1.0
dbservice1_memory_1625679820,dbservice1,memory,database,0.5,adaptive_corrupted_anchor,0.2,0.0,0.0,1.0
dbservice1_memory_1625768540,dbservice1,memory,database,0.5,adaptive_corrupted_anchor,0.2,0.0,0.0,1.0
dbservice1_memory_1625849028,dbservice1,memory,database,0.5,adaptive_corrupted_anchor,0.6,0.0,1.0,1.0
dbservice1_memory_1625863841,dbservice1,memory,database,0.5,adaptive_corrupted_anchor,0.6,0.0,1.0,1.0
dbservice1_memory_1625867158,dbservice1,memory,database,0.5,adaptive_corrupted_anchor,0.6,0.0,1.0,1.0
dbservice1_memory_1625870624,dbservice1,memory,database,0.5,adaptive_corrupted_anchor,0.4,0.0,0.0,1.0
dbservice1_memory_1625909033,dbservice1,memory,database,0.5,adaptive_corrupted_anchor,0.8,0.0,1.0,1.0
dbservice1_memory_1625914032,dbservice1,memory,database,0.5,adaptive_corrupted_anchor,0.2,0.0,0.0,1.0
dbservice1_memory_1625964302,dbservice1,memory,database,0.5,adaptive_corrupted_anchor,0.8,0.0,1.0,1.0
dbservice1_memory_1626032238,dbservice1,memory,database,0.5,adaptive_corrupted_anchor,0.6,0.0,1.0,1.0
dbservice1_memory_1626113371,dbservice1,memory,database,0.5,adaptive_corrupted_anchor,0.2,0.0,0.0,1.0
dbservice1_memory_1626178789,dbservice1,memory,database,0.5,adaptive_corrupted_anchor,0.8,0.0,1.0,1.0
dbservice1_memory_1626195234,dbservice1,memory,database,0.5,adaptive_corrupted_anchor,0.4,0.0,0.0,1.0
dbservice1_memory_1626266259,dbservice1,memory,database,0.5,adaptive_corrupted_anchor,0.8,0.0,1.0,1.0
dbservice1_memory_1626306060,dbservice1,memory,database,0.5,adaptive_corrupted_anchor,0.4,0.0,0.0,1.0
dbservice1_memory_1626338404,dbservice1,memory,database,0.5,adaptive_corrupted_anchor,1.0,1.0,1.0,1.0
dbservice1_memory_1626343595,dbservice1,memory,database,0.5,adaptive_corrupted_anchor,0.6,0.0,1.0,1.0
dbservice1_memory_1626393113,dbservice1,memory,database,0.5,adaptive_corrupted_anchor,1.0,1.0,1.0,1.0
dbservice1_memory_1626409893,dbservice1,memory,database,0.5,adaptive_corrupted_anchor,0.8,0.0,1.0,1.0
dbservice1_memory_1626425140,dbservice1,memory,database,0.5,adaptive_corrupted_anchor,0.4,0.0,0.0,1.0
dbservice1_memory_1626473914,dbservice1,memory,database,0.5,adaptive_corrupted_anchor,1.0,1.0,1.0,1.0
dbservice1_memory_1626511514,dbservice1,memory,database,0.5,adaptive_corrupted_anchor,0.2,0.0,0.0,1.0
dbservice1_memory_1626540721,dbservice1,memory,database,0.5,adaptive_corrupted_anchor,0.6,0.0,1.0,1.0
dbservice1_memory_1626552538,dbservice1,memory,database,0.5,adaptive_corrupted_anchor,0.6,0.0,1.0,1.0
dbservice1_memory_1626598508,dbservice1,memory,database,0.5,adaptive_corrupted_anchor,1.0,1.0,1.0,1.0
dbservice1_memory_1626773615,dbservice1,memory,database,0.5,adaptive_corrupted_anchor,1.0,1.0,1.0,1.0
dbservice1_memory_1626788281,dbservice1,memory,database,0.5,adaptive_corrupted_anchor,0.2,0.0,0.0,1.0
dbservice1_memory_1626845470,dbservice1,memory,database,0.5,adaptive_corrupted_anchor,1.0,1.0,1.0,1.0
dbservice1_memory_1626858109,dbservice1,memory,database,0.5,adaptive_corrupted_anchor,0.6,0.0,1.0,1.0
dbservice1_memory_1626912896,dbservice1,memory,database,0.5,adaptive_corrupted_anchor,0.8,0.0,1.0,1.0
dbservice1_memory_1626939313,dbservice1,memory,database,0.5,adaptive_corrupted_anchor,0.2,0.0,0.0,1.0
dbservice1_memory_1627046902,dbservice1,memory,database,0.5,adaptive_corrupted_anchor,0.2,0.0,0.0,1.0
dbservice1_memory_1627098214,dbservice1,memory,database,0.5,adaptive_corrupted_anchor,0.2,0.0,0.0,1.0
dbservice1_memory_1627104046,dbservice1,memory,database,0.5,adaptive_corrupted_anchor,0.4,0.0,0.0,1.0
dbservice1_memory_1627119644,dbservice1,memory,database,0.5,adaptive_corrupted_anchor,1.0,1.0,1.0,1.0
dbservice1_memory_1627157147,dbservice1,memory,database,0.5,adaptive_corrupted_anchor,0.4,0.0,0.0,1.0
dbservice1_memory_1627223200,dbservice1,memory,database,0.5,adaptive_corrupted_anchor,0.2,0.0,0.0,1.0
dbservice1_memory_1627237577,dbservice1,memory,database,0.5,adaptive_corrupted_anchor,1.0,1.0,1.0,1.0
dbservice1_memory_1627255258,dbservice1,memory,database,0.5,adaptive_corrupted_anchor,0.8,0.0,1.0,1.0
dbservice1_memory_1627268672,dbservice1,memory,database,0.5,adaptive_corrupted_anchor,1.0,1.0,1.0,1.0
dbservice1_memory_1627272293,dbservice1,memory,database,0.5,adaptive_corrupted_anchor,0.4,0.0,0.0,1.0
dbservice1_memory_1627283279,dbservice1,memory,database,0.5,adaptive_corrupted_anchor,0.8,0.0,1.0,1.0
dbservice1_memory_1627288593,dbservice1,memory,database,0.5,adaptive_corrupted_anchor,0.8,0.0,1.0,1.0
dbservice1_memory_1627297432,dbservice1,memory,database,0.5,adaptive_corrupted_anchor,0.6,0.0,1.0,1.0
dbservice1_memory_1627316827,dbservice1,memory,database,0.5,adaptive_corrupted_anchor,0.8,0.0,1.0,1.0
dbservice1_memory_1627373850,dbservice1,memory,database,0.5,adaptive_corrupted_anchor,1.0,1.0,1.0,1.0
dbservice1_memory_1627386311,dbservice1,memory,database,0.5,adaptive_corrupted_anchor,0.6,0.0,1.0,1.0
dbservice1_memory_1627400139,dbservice1,memory,database,0.5,adaptive_corrupted_anchor,1.0,1.0,1.0,1.0
dbservice1_memory_1627432587,dbservice1,memory,database,0.5,adaptive_corrupted_anchor,0.4,0.0,0.0,1.0
dbservice1_memory_1627477200,dbservice1,memory,database,0.5,adaptive_corrupted_anchor,0.2,0.0,0.0,1.0
dbservice1_memory_1627502421,dbservice1,memory,database,0.5,adaptive_corrupted_anchor,0.6,0.0,1.0,1.0
dbservice1_memory_1627682718,dbservice1,memory,database,0.5,adaptive_corrupted_anchor,0.6,0.0,1.0,1.0
dbservice1_memory_1627702626,dbservice1,memory,database,0.5,adaptive_corrupted_anchor,0.2,0.0,0.0,1.0
dbservice1_memory_1627773523,dbservice1,memory,database,0.5,adaptive_corrupted_anchor,1.0,1.0,1.0,1.0
dbservice2_errno111_1626750601,dbservice2,errno111,database,0.5,adaptive_corrupted_anchor,0.4,0.0,0.0,1.0
dbservice2_errno111_1626750797,dbservice2,errno111,database,0.5,adaptive_corrupted_anchor,0.4,0.0,0.0,1.0
dbservice2_memory_1625144096,dbservice2,memory,database,0.5,adaptive_corrupted_anchor,0.8,0.0,1.0,1.0
dbservice2_memory_1625152223,dbservice2,memory,database,0.5,adaptive_corrupted_anchor,1.0,1.0,1.0,1.0
dbservice2_memory_1625193002,dbservice2,memory,database,0.5,adaptive_corrupted_anchor,0.8,0.0,1.0,1.0
dbservice2_memory_1625257548,dbservice2,memory,database,0.5,adaptive_corrupted_anchor,0.8,0.0,1.0,1.0
dbservice2_memory_1625269953,dbservice2,memory,database,0.5,adaptive_corrupted_anchor,0.4,0.0,0.0,1.0
dbservice2_memory_1625356783,dbservice2,memory,database,0.5,adaptive_corrupted_anchor,0.4,0.0,0.0,1.0
dbservice2_memory_1625363058,dbservice2,memory,database,0.5,adaptive_corrupted_anchor,0.2,0.0,0.0,1.0
dbservice2_memory_1625459089,dbservice2,memory,database,0.5,adaptive_corrupted_anchor,0.6,0.0,1.0,1.0
dbservice2_memory_1625463515,dbservice2,memory,database,0.5,adaptive_corrupted_anchor,0.8,0.0,1.0,1.0
dbservice2_memory_1625564139,dbservice2,memory,database,0.5,adaptive_corrupted_anchor,1.0,1.0,1.0,1.0
dbservice2_memory_1625579430,dbservice2,memory,database,0.5,adaptive_corrupted_anchor,0.8,0.0,1.0,1.0
dbservice2_memory_1625587157,dbservice2,memory,database,0.5,adaptive_corrupted_anchor,0.4,0.0,0.0,1.0
dbservice2_memory_1625634388,dbservice2,memory,database,0.5,adaptive_corrupted_anchor,0.6,0.0,1.0,1.0
dbservice2_memory_1625656892,dbservice2,memory,database,0.5,adaptive_corrupted_anchor,0.4,0.0,0.0,1.0
dbservice2_memory_1625669580,dbservice2,memory,database,0.5,adaptive_corrupted_anchor,0.6,0.0,1.0,1.0
dbservice2_memory_1625704892,dbservice2,memory,database,0.5,adaptive_corrupted_anchor,0.2,0.0,0.0,1.0
dbservice2_memory_1625711897,dbservice2,memory,database,0.5,adaptive_corrupted_anchor,0.8,0.0,1.0,1.0
dbservice2_memory_1625720058,dbservice2,memory,database,0.5,adaptive_corrupted_anchor,0.4,0.0,0.0,1.0
dbservice2_memory_1625780540,dbservice2,memory,database,0.5,adaptive_corrupted_anchor,0.6,0.0,1.0,1.0
dbservice2_memory_1625944726,dbservice2,memory,database,0.5,adaptive_corrupted_anchor,0.8,0.0,1.0,1.0
dbservice2_memory_1625953237,dbservice2,memory,database,0.5,adaptive_corrupted_anchor,0.8,0.0,1.0,1.0
dbservice2_memory_1625981739,dbservice2,memory,database,0.5,adaptive_corrupted_anchor,0.4,0.0,0.0,1.0
dbservice2_memory_1625988716,dbservice2,memory,database,0.5,adaptive_corrupted_anchor,0.6,0.0,1.0,1.0
dbservice2_memory_1626043439,dbservice2,memory,database,0.5,adaptive_corrupted_anchor,0.6,0.0,1.0,1.0
dbservice2_memory_1626053581,dbservice2,memory,database,0.5,adaptive_corrupted_anchor,0.8,0.0,1.0,1.0
dbservice2_memory_1626066255,dbservice2,memory,database,0.5,adaptive_corrupted_anchor,0.8,0.0,1.0,1.0
dbservice2_memory_1626095808,dbservice2,memory,database,0.5,adaptive_corrupted_anchor,1.0,1.0,1.0,1.0
dbservice2_memory_1626127184,dbservice2,memory,database,0.5,adaptive_corrupted_anchor,0.2,0.0,0.0,1.0
dbservice2_memory_1626130474,dbservice2,memory,database,0.5,adaptive_corrupted_anchor,1.0,1.0,1.0,1.0
dbservice2_memory_1626157165,dbservice2,memory,database,0.5,adaptive_corrupted_anchor,1.0,1.0,1.0,1.0
dbservice2_memory_1626243122,dbservice2,memory,database,0.5,adaptive_corrupted_anchor,0.6,0.0,1.0,1.0
dbservice2_memory_1626298216,dbservice2,memory,database,0.5,adaptive_corrupted_anchor,0.8,0.0,1.0,1.0
dbservice2_memory_1626317541,dbservice2,memory,database,0.5,adaptive_corrupted_anchor,0.4,0.0,0.0,1.0
dbservice2_memory_1626325390,dbservice2,memory,database,0.5,adaptive_corrupted_anchor,0.6,0.0,1.0,1.0
dbservice2_memory_1626334718,dbservice2,memory,database,0.5,adaptive_corrupted_anchor,0.6,0.0,1.0,1.0
dbservice2_memory_1626367699,dbservice2,memory,database,0.5,adaptive_corrupted_anchor,0.4,0.0,0.0,1.0
dbservice2_memory_1626372232,dbservice2,memory,database,0.5,adaptive_corrupted_anchor,0.8,0.0,1.0,1.0
dbservice2_memory_1626415344,dbservice2,memory,database,0.5,adaptive_corrupted_anchor,0.2,0.0,0.0,1.0
dbservice2_memory_1626419131,dbservice2,memory,database,0.5,adaptive_corrupted_anchor,0.8,0.0,1.0,1.0
dbservice2_memory_1626430015,dbservice2,memory,database,0.5,adaptive_corrupted_anchor,1.0,1.0,1.0,1.0
dbservice2_memory_1626442568,dbservice2,memory,database,0.5,adaptive_corrupted_anchor,0.6,0.0,1.0,1.0
dbservice2_memory_1626459595,dbservice2,memory,database,0.5,adaptive_corrupted_anchor,1.0,1.0,1.0,1.0
dbservice2_memory_1626497813,dbservice2,memory,database,0.5,adaptive_corrupted_anchor,0.2,0.0,0.0,1.0
dbservice2_memory_1626585941,dbservice2,memory,database,0.5,adaptive_corrupted_anchor,0.8,0.0,1.0,1.0
dbservice2_memory_1626602315,dbservice2,memory,database,0.5,adaptive_corrupted_anchor,0.4,0.0,0.0,1.0
dbservice2_memory_1626607598,dbservice2,memory,database,0.5,adaptive_corrupted_anchor,0.4,0.0,0.0,1.0
dbservice2_memory_1626647915,dbservice2,memory,database,0.5,adaptive_corrupted_anchor,1.0,1.0,1.0,1.0
dbservice2_memory_1626651683,dbservice2,memory,database,0.5,adaptive_corrupted_anchor,0.2,0.0,0.0,1.0
dbservice2_memory_1626750100,dbservice2,memory,database,0.5,adaptive_corrupted_anchor,1.0,1.0,1.0,1.0
dbservice2_memory_1626760761,dbservice2,memory,database,0.5,adaptive_corrupted_anchor,1.0,1.0,1.0,1.0
dbservice2_memory_1626764016,dbservice2,memory,database,0.5,adaptive_corrupted_anchor,0.8,0.0,1.0,1.0
dbservice2_memory_1626790578,dbservice2,memory,database,0.5,adaptive_corrupted_anchor,1.0,1.0,1.0,1.0
dbservice2_memory_1626799339,dbservice2,memory,database,0.5,adaptive_corrupted_anchor,1.0,1.0,1.0,1.0
dbservice2_memory_1626818990,dbservice2,memory,database,0.5,adaptive_corrupted_anchor,1.0,1.0,1.0,1.0
dbservice2_memory_1626839958,dbservice2,memory,database,0.5,adaptive_corrupted_anchor,1.0,1.0,1.0,1.0
dbservice2_memory_1626876599,dbservice2,memory,database,0.5,adaptive_corrupted_anchor,0.4,0.0,0.0,1.0
dbservice2_memory_1626886884,dbservice2,memory,database,0.5,adaptive_corrupted_anchor,0.2,0.0,0.0,1.0
dbservice2_memory_1626890594,dbservice2,memory,database,0.5,adaptive_corrupted_anchor,0.4,0.0,0.0,1.0
dbservice2_memory_1626962039,dbservice2,memory,database,0.5,adaptive_corrupted_anchor,0.4,0.0,0.0,1.0
dbservice2_memory_1626969117,dbservice2,memory,database,0.5,adaptive_corrupted_anchor,0.4,0.0,0.0,1.0
dbservice2_memory_1627002602,dbservice2,memory,database,0.5,adaptive_corrupted_anchor,0.4,0.0,0.0,1.0
dbservice2_memory_1627039811,dbservice2,memory,database,0.5,adaptive_corrupted_anchor,1.0,1.0,1.0,1.0
dbservice2_memory_1627079656,dbservice2,memory,database,0.5,adaptive_corrupted_anchor,0.4,0.0,0.0,1.0
dbservice2_memory_1627087394,dbservice2,memory,database,0.5,adaptive_corrupted_anchor,0.4,0.0,0.0,1.0
dbservice2_memory_1627100858,dbservice2,memory,database,0.5,adaptive_corrupted_anchor,0.2,0.0,0.0,1.0
dbservice2_memory_1627156737,dbservice2,memory,database,0.5,adaptive_corrupted_anchor,0.4,0.0,0.0,1.0
dbservice2_memory_1627184617,dbservice2,memory,database,0.5,adaptive_corrupted_anchor,0.2,0.0,0.0,1.0
dbservice2_memory_1627207759,dbservice2,memory,database,0.5,adaptive_corrupted_anchor,0.6,0.0,1.0,1.0
dbservice2_memory_1627286946,dbservice2,memory,database,0.5,adaptive_corrupted_anchor,0.8,0.0,1.0,1.0
dbservice2_memory_1627303928,dbservice2,memory,database,0.5,adaptive_corrupted_anchor,0.8,0.0,1.0,1.0
dbservice2_memory_1627325374,dbservice2,memory,database,0.5,adaptive_corrupted_anchor,1.0,1.0,1.0,1.0
dbservice2_memory_1627331922,dbservice2,memory,database,0.5,adaptive_corrupted_anchor,0.6,0.0,1.0,1.0
dbservice2_memory_1627375478,dbservice2,memory,database,0.5,adaptive_corrupted_anchor,0.8,0.0,1.0,1.0
dbservice2_memory_1627379165,dbservice2,memory,database,0.5,adaptive_corrupted_anchor,0.8,0.0,1.0,1.0
dbservice2_memory_1627394588,dbservice2,memory,database,0.5,adaptive_corrupted_anchor,1.0,1.0,1.0,1.0
dbservice2_memory_1627402075,dbservice2,memory,database,0.5,adaptive_corrupted_anchor,0.6,0.0,1.0,1.0
dbservice2_memory_1627425736,dbservice2,memory,database,0.5,adaptive_corrupted_anchor,0.4,0.0,0.0,1.0
dbservice2_memory_1627447589,dbservice2,memory,database,0.5,adaptive_corrupted_anchor,0.4,0.0,0.0,1.0
dbservice2_memory_1627457508,dbservice2,memory,database,0.5,adaptive_corrupted_anchor,1.0,1.0,1.0,1.0
dbservice2_memory_1627493621,dbservice2,memory,database,0.5,adaptive_corrupted_anchor,0.6,0.0,1.0,1.0
dbservice2_memory_1627501550,dbservice2,memory,database,0.5,adaptive_corrupted_anchor,1.0,1.0,1.0,1.0
dbservice2_memory_1627519836,dbservice2,memory,database,0.5,adaptive_corrupted_anchor,1.0,1.0,1.0,1.0
dbservice2_memory_1627545507,dbservice2,memory,database,0.5,adaptive_corrupted_anchor,0.6,0.0,1.0,1.0
dbservice2_memory_1627595898,dbservice2,memory,database,0.5,adaptive_corrupted_anchor,0.4,0.0,0.0,1.0
dbservice2_memory_1627643030,dbservice2,memory,database,0.5,adaptive_corrupted_anchor,0.8,0.0,1.0,1.0
dbservice2_memory_1627657911,dbservice2,memory,database,0.5,adaptive_corrupted_anchor,0.8,0.0,1.0,1.0
dbservice2_memory_1627663155,dbservice2,memory,database,0.5,adaptive_corrupted_anchor,0.8,0.0,1.0,1.0
dbservice2_memory_1627680230,dbservice2,memory,database,0.5,adaptive_corrupted_anchor,0.8,0.0,1.0,1.0
dbservice2_memory_1627699210,dbservice2,memory,database,0.5,adaptive_corrupted_anchor,1.0,1.0,1.0,1.0
logservice1_cpu_1627596597,logservice1,cpu,logging,0.5,adaptive_corrupted_anchor,0.4,0.0,0.0,1.0
logservice1_errno111_1626753001,logservice1,errno111,logging,0.5,adaptive_corrupted_anchor,0.4,0.0,0.0,1.0
logservice1_errno111_1626753227,logservice1,errno111,logging,0.5,adaptive_corrupted_anchor,0.4,0.0,0.0,1.0
logservice1_memory_1625207751,logservice1,memory,logging,0.5,adaptive_corrupted_anchor,0.4,0.0,0.0,1.0
logservice1_memory_1625234459,logservice1,memory,logging,0.5,adaptive_corrupted_anchor,0.6,0.0,1.0,1.0
logservice1_memory_1625285989,logservice1,memory,logging,0.5,adaptive_corrupted_anchor,0.6,0.0,1.0,1.0
logservice1_memory_1625298536,logservice1,memory,logging,0.5,adaptive_corrupted_anchor,0.6,0.0,1.0,1.0
logservice1_memory_1625311435,logservice1,memory,logging,0.5,adaptive_corrupted_anchor,0.4,0.0,0.0,1.0
logservice1_memory_1625360381,logservice1,memory,logging,0.5,adaptive_corrupted_anchor,0.8,0.0,1.0,1.0
logservice1_memory_1625437325,logservice1,memory,logging,0.5,adaptive_corrupted_anchor,0.6,0.0,1.0,1.0
logservice1_memory_1625455375,logservice1,memory,logging,0.5,adaptive_corrupted_anchor,0.2,0.0,0.0,1.0
logservice1_memory_1625474243,logservice1,memory,logging,0.5,adaptive_corrupted_anchor,0.6,0.0,1.0,1.0
logservice1_memory_1625493602,logservice1,memory,logging,0.5,adaptive_corrupted_anchor,0.8,0.0,1.0,1.0
logservice1_memory_1625506342,logservice1,memory,logging,0.5,adaptive_corrupted_anchor,0.8,0.0,1.0,1.0
logservice1_memory_1625519722,logservice1,memory,logging,0.5,adaptive_corrupted_anchor,1.0,1.0,1.0,1.0
logservice1_memory_1625642174,logservice1,memory,logging,0.5,adaptive_corrupted_anchor,0.6,0.0,1.0,1.0
logservice1_memory_1625673674,logservice1,memory,logging,0.5,adaptive_corrupted_anchor,0.2,0.0,0.0,1.0
logservice1_memory_1625715126,logservice1,memory,logging,0.5,adaptive_corrupted_anchor,0.6,0.0,1.0,1.0
logservice1_memory_1625737305,logservice1,memory,logging,0.5,adaptive_corrupted_anchor,0.2,0.0,0.0,1.0
logservice1_memory_1625855415,logservice1,memory,logging,0.5,adaptive_corrupted_anchor,0.8,0.0,1.0,1.0
logservice1_memory_1625874131,logservice1,memory,logging,0.5,adaptive_corrupted_anchor,0.8,0.0,1.0,1.0
logservice1_memory_1625894863,logservice1,memory,logging,0.5,adaptive_corrupted_anchor,0.8,0.0,1.0,1.0
logservice1_memory_1625936756,logservice1,memory,logging,0.5,adaptive_corrupted_anchor,0.2,0.0,0.0,1.0
logservice1_memory_1625950367,logservice1,memory,logging,0.5,adaptive_corrupted_anchor,0.2,0.0,0.0,1.0
logservice1_memory_1625967061,logservice1,memory,logging,0.5,adaptive_corrupted_anchor,0.4,0.0,0.0,1.0
logservice1_memory_1626018993,logservice1,memory,logging,0.5,adaptive_corrupted_anchor,0.8,0.0,1.0,1.0
logservice1_memory_1626043063,logservice1,memory,logging,0.5,adaptive_corrupted_anchor,0.6,0.0,1.0,1.0
logservice1_memory_1626069816,logservice1,memory,logging,0.5,adaptive_corrupted_anchor,0.6,0.0,1.0,1.0
logservice1_memory_1626079498,logservice1,memory,logging,0.5,adaptive_corrupted_anchor,0.4,0.0,0.0,1.0
logservice1_memory_1626086075,logservice1,memory,logging,0.5,adaptive_corrupted_anchor,0.4,0.0,0.0,1.0
logservice1_memory_1626102559,logservice1,memory,logging,0.5,adaptive_corrupted_anchor,0.2,0.0,0.0,1.0
logservice1_memory_1626106208,logservice1,memory,logging,0.5,adaptive_corrupted_anchor,0.4,0.0,0.0,1.0
logservice1_memory_1626125407,logservice1,memory,logging,0.5,adaptive_corrupted_anchor,0.2,0.0,0.0,1.0
logservice1_memory_1626139037,logservice1,memory,logging,0.5,adaptive_corrupted_anchor,0.8,0.0,1.0,1.0
logservice1_memory_1626180388,logservice1,memory,logging,0.5,adaptive_corrupted_anchor,0.6,0.0,1.0,1.0
logservice1_memory_1626208343,logservice1,memory,logging,0.5,adaptive_corrupted_anchor,0.8,0.0,1.0,1.0
logservice1_memory_1626218997,logservice1,memory,logging,0.5,adaptive_corrupted_anchor,0.4,0.0,0.0,1.0
logservice1_memory_1626328055,logservice1,memory,logging,0.5,adaptive_corrupted_anchor,0.2,0.0,0.0,1.0
logservice1_memory_1626336834,logservice1,memory,logging,0.5,adaptive_corrupted_anchor,0.2,0.0,0.0,1.0
logservice1_memory_1626371259,logservice1,memory,logging,0.5,adaptive_corrupted_anchor,0.4,0.0,0.0,1.0
logservice1_memory_1626391352,logservice1,memory,logging,0.5,adaptive_corrupted_anchor,1.0,1.0,1.0,1.0
logservice1_memory_1626419736,logservice1,memory,logging,0.5,adaptive_corrupted_anchor,1.0,1.0,1.0,1.0
logservice1_memory_1626541123,logservice1,memory,logging,0.5,adaptive_corrupted_anchor,1.0,1.0,1.0,1.0
logservice1_memory_1626551793,logservice1,memory,logging,0.5,adaptive_corrupted_anchor,1.0,1.0,1.0,1.0
logservice1_memory_1626571662,logservice1,memory,logging,0.5,adaptive_corrupted_anchor,0.2,0.0,0.0,1.0
logservice1_memory_1626575299,logservice1,memory,logging,0.5,adaptive_corrupted_anchor,0.8,0.0,1.0,1.0
logservice1_memory_1626608283,logservice1,memory,logging,0.5,adaptive_corrupted_anchor,0.4,0.0,0.0,1.0
logservice1_memory_1626632009,logservice1,memory,logging,0.5,adaptive_corrupted_anchor,0.4,0.0,0.0,1.0
logservice1_memory_1626764699,logservice1,memory,logging,0.5,adaptive_corrupted_anchor,1.0,1.0,1.0,1.0
logservice1_memory_1626865404,logservice1,memory,logging,0.5,adaptive_corrupted_anchor,0.8,0.0,1.0,1.0
logservice1_memory_1626926283,logservice1,memory,logging,0.5,adaptive_corrupted_anchor,0.8,0.0,1.0,1.0
logservice1_memory_1627024158,logservice1,memory,logging,0.5,adaptive_corrupted_anchor,0.6,0.0,1.0,1.0
logservice1_memory_1627144173,logservice1,memory,logging,0.5,adaptive_corrupted_anchor,0.4,0.0,0.0,1.0
logservice1_memory_1627165561,logservice1,memory,logging,0.5,adaptive_corrupted_anchor,0.4,0.0,0.0,1.0
logservice1_memory_1627170037,logservice1,memory,logging,0.5,adaptive_corrupted_anchor,0.6,0.0,1.0,1.0
logservice1_memory_1627228703,logservice1,memory,logging,0.5,adaptive_corrupted_anchor,0.8,0.0,1.0,1.0
logservice1_memory_1627243989,logservice1,memory,logging,0.5,adaptive_corrupted_anchor,0.2,0.0,0.0,1.0
logservice1_memory_1627283437,logservice1,memory,logging,0.5,adaptive_corrupted_anchor,1.0,1.0,1.0,1.0
logservice1_memory_1627291476,logservice1,memory,logging,0.5,adaptive_corrupted_anchor,0.4,0.0,0.0,1.0
logservice1_memory_1627299080,logservice1,memory,logging,0.5,adaptive_corrupted_anchor,0.2,0.0,0.0,1.0
logservice1_memory_1627310265,logservice1,memory,logging,0.5,adaptive_corrupted_anchor,0.2,0.0,0.0,1.0
logservice1_memory_1627477200,logservice1,memory,logging,0.5,adaptive_corrupted_anchor,0.8,0.0,1.0,1.0
logservice1_memory_1627522806,logservice1,memory,logging,0.5,adaptive_corrupted_anchor,0.4,0.0,0.0,1.0
logservice1_memory_1627545894,logservice1,memory,logging,0.5,adaptive_corrupted_anchor,0.6,0.0,1.0,1.0
logservice1_memory_1627592904,logservice1,memory,logging,0.5,adaptive_corrupted_anchor,0.8,0.0,1.0,1.0
logservice1_memory_1627619594,logservice1,memory,logging,0.5,adaptive_corrupted_anchor,0.6,0.0,1.0,1.0
logservice1_memory_1627700223,logservice1,memory,logging,0.5,adaptive_corrupted_anchor,0.8,0.0,1.0,1.0
logservice1_memory_1627736494,logservice1,memory,logging,0.5,adaptive_corrupted_anchor,0.4,0.0,0.0,1.0
logservice1_memory_1627762043,logservice1,memory,logging,0.5,adaptive_corrupted_anchor,0.6,0.0,1.0,1.0
logservice2_errno111_1626753001,logservice2,errno111,logging,0.5,adaptive_corrupted_anchor,0.8,0.0,1.0,1.0
logservice2_errno111_1626753269,logservice2,errno111,logging,0.5,adaptive_corrupted_anchor,0.4,0.0,0.0,1.0
logservice2_memory_1625172320,logservice2,memory,logging,0.5,adaptive_corrupted_anchor,0.8,0.0,1.0,1.0
logservice2_memory_1625204004,logservice2,memory,logging,0.5,adaptive_corrupted_anchor,1.0,1.0,1.0,1.0
logservice2_memory_1625221783,logservice2,memory,logging,0.5,adaptive_corrupted_anchor,0.8,0.0,1.0,1.0
logservice2_memory_1625304365,logservice2,memory,logging,0.5,adaptive_corrupted_anchor,0.4,0.0,0.0,1.0
logservice2_memory_1625325873,logservice2,memory,logging,0.5,adaptive_corrupted_anchor,0.4,0.0,0.0,1.0
logservice2_memory_1625379370,logservice2,memory,logging,0.5,adaptive_corrupted_anchor,0.4,0.0,0.0,1.0
logservice2_memory_1625396241,logservice2,memory,logging,0.5,adaptive_corrupted_anchor,0.6,0.0,1.0,1.0
logservice2_memory_1625421899,logservice2,memory,logging,0.5,adaptive_corrupted_anchor,0.4,0.0,0.0,1.0
logservice2_memory_1625425518,logservice2,memory,logging,0.5,adaptive_corrupted_anchor,0.4,0.0,0.0,1.0
logservice2_memory_1625469878,logservice2,memory,logging,0.5,adaptive_corrupted_anchor,0.4,0.0,0.0,1.0
logservice2_memory_1625483091,logservice2,memory,logging,0.5,adaptive_corrupted_anchor,1.0,1.0,1.0,1.0
logservice2_memory_1625511359,logservice2,memory,logging,0.5,adaptive_corrupted_anchor,0.8,0.0,1.0,1.0
logservice2_memory_1625518598,logservice2,memory,logging,0.5,adaptive_corrupted_anchor,0.8,0.0,1.0,1.0
logservice2_memory_1625530676,logservice2,memory,logging,0.5,adaptive_corrupted_anchor,0.6,0.0,1.0,1.0
logservice2_memory_1625537669,logservice2,memory,logging,0.5,adaptive_corrupted_anchor,0.8,0.0,1.0,1.0
logservice2_memory_1625567926,logservice2,memory,logging,0.5,adaptive_corrupted_anchor,0.6,0.0,1.0,1.0
logservice2_memory_1625572292,logservice2,memory,logging,0.5,adaptive_corrupted_anchor,0.4,0.0,0.0,1.0
logservice2_memory_1625617463,logservice2,memory,logging,0.5,adaptive_corrupted_anchor,0.4,0.0,0.0,1.0
logservice2_memory_1625630457,logservice2,memory,logging,0.5,adaptive_corrupted_anchor,1.0,1.0,1.0,1.0
logservice2_memory_1625644104,logservice2,memory,logging,0.5,adaptive_corrupted_anchor,0.2,0.0,0.0,1.0
logservice2_memory_1625732122,logservice2,memory,logging,0.5,adaptive_corrupted_anchor,0.6,0.0,1.0,1.0
logservice2_memory_1625756295,logservice2,memory,logging,0.5,adaptive_corrupted_anchor,0.2,0.0,0.0,1.0
logservice2_memory_1625794522,logservice2,memory,logging,0.5,adaptive_corrupted_anchor,0.2,0.0,0.0,1.0
logservice2_memory_1625804275,logservice2,memory,logging,0.5,adaptive_corrupted_anchor,0.4,0.0,0.0,1.0
logservice2_memory_1625880190,logservice2,memory,logging,0.5,adaptive_corrupted_anchor,0.6,0.0,1.0,1.0
logservice2_memory_1625924296,logservice2,memory,logging,0.5,adaptive_corrupted_anchor,0.2,0.0,0.0,1.0
logservice2_memory_1626013929,logservice2,memory,logging,0.5,adaptive_corrupted_anchor,0.2,0.0,0.0,1.0
logservice2_memory_1626050387,logservice2,memory,logging,0.5,adaptive_corrupted_anchor,1.0,1.0,1.0,1.0
logservice2_memory_1626098044,logservice2,memory,logging,0.5,adaptive_corrupted_anchor,1.0,1.0,1.0,1.0
logservice2_memory_1626109759,logservice2,memory,logging,0.5,adaptive_corrupted_anchor,0.2,0.0,0.0,1.0
logservice2_memory_1626248439,logservice2,memory,logging,0.5,adaptive_corrupted_anchor,0.2,0.0,0.0,1.0
logservice2_memory_1626258183,logservice2,memory,logging,0.5,adaptive_corrupted_anchor,0.2,0.0,0.0,1.0
logservice2_memory_1626325133,logservice2,memory,logging,0.5,adaptive_corrupted_anchor,0.4,0.0,0.0,1.0
logservice2_memory_1626366727,logservice2,memory,logging,0.5,adaptive_corrupted_anchor,1.0,1.0,1.0,1.0
logservice2_memory_1626395096,logservice2,memory,logging,0.5,adaptive_corrupted_anchor,0.6,0.0,1.0,1.0
logservice2_memory_1626412771,logservice2,memory,logging,0.5,adaptive_corrupted_anchor,0.4,0.0,0.0,1.0
logservice2_memory_1626469838,logservice2,memory,logging,0.5,adaptive_corrupted_anchor,0.8,0.0,1.0,1.0
logservice2_memory_1626498816,logservice2,memory,logging,0.5,adaptive_corrupted_anchor,0.4,0.0,0.0,1.0
logservice2_memory_1626568670,logservice2,memory,logging,0.5,adaptive_corrupted_anchor,0.8,0.0,1.0,1.0
logservice2_memory_1626765238,logservice2,memory,logging,0.5,adaptive_corrupted_anchor,0.8,0.0,1.0,1.0
logservice2_memory_1626871639,logservice2,memory,logging,0.5,adaptive_corrupted_anchor,1.0,1.0,1.0,1.0
logservice2_memory_1626880416,logservice2,memory,logging,0.5,adaptive_corrupted_anchor,0.2,0.0,0.0,1.0
logservice2_memory_1626922974,logservice2,memory,logging,0.5,adaptive_corrupted_anchor,0.6,0.0,1.0,1.0
logservice2_memory_1626926412,logservice2,memory,logging,0.5,adaptive_corrupted_anchor,1.0,1.0,1.0,1.0
logservice2_memory_1627052258,logservice2,memory,logging,0.5,adaptive_corrupted_anchor,0.6,0.0,1.0,1.0
logservice2_memory_1627069295,logservice2,memory,logging,0.5,adaptive_corrupted_anchor,0.2,0.0,0.0,1.0
logservice2_memory_1627140613,logservice2,memory,logging,0.5,adaptive_corrupted_anchor,0.6,0.0,1.0,1.0
logservice2_memory_1627227124,logservice2,memory,logging,0.5,adaptive_corrupted_anchor,0.8,0.0,1.0,1.0
logservice2_memory_1627353437,logservice2,memory,logging,0.5,adaptive_corrupted_anchor,0.8,0.0,1.0,1.0
logservice2_memory_1627365342,logservice2,memory,logging,0.5,adaptive_corrupted_anchor,0.6,0.0,1.0,1.0
logservice2_memory_1627396756,logservice2,memory,logging,0.5,adaptive_corrupted_anchor,0.8,0.0,1.0,1.0
logservice2_memory_1627410703,logservice2,memory,logging,0.5,adaptive_corrupted_anchor,0.8,0.0,1.0,1.0
logservice2_memory_1627443936,logservice2,memory,logging,0.5,adaptive_corrupted_anchor,0.4,0.0,0.0,1.0
logservice2_memory_1627464739,logservice2,memory,logging,0.5,adaptive_corrupted_anchor,0.2,0.0,0.0,1.0
logservice2_memory_1627509937,logservice2,memory,logging,0.5,adaptive_corrupted_anchor,0.6,0.0,1.0,1.0
logservice2_memory_1627516510,logservice2,memory,logging,0.5,adaptive_corrupted_anchor,0.8,0.0,1.0,1.0
logservice2_memory_1627567356,logservice2,memory,logging,0.5,adaptive_corrupted_anchor,0.4,0.0,0.0,1.0
logservice2_memory_1627590137,logservice2,memory,logging,0.5,adaptive_corrupted_anchor,0.6,0.0,1.0,1.0
logservice2_memory_1627606370,logservice2,memory,logging,0.5,adaptive_corrupted_anchor,0.6,0.0,1.0,1.0
logservice2_memory_1627648981,logservice2,memory,logging,0.5,adaptive_corrupted_anchor,0.8,0.0,1.0,1.0
logservice2_memory_1627688890,logservice2,memory,logging,0.5,adaptive_corrupted_anchor,0.6,0.0,1.0,1.0
logservice2_memory_1627737420,logservice2,memory,logging,0.5,adaptive_corrupted_anchor,0.6,0.0,1.0,1.0
logservice2_memory_1627769554,logservice2,memory,logging,0.5,adaptive_corrupted_anchor,0.8,0.0,1.0,1.0
mobservice1_errno111_1626752402,mobservice1,errno111,mobile,0.5,adaptive_corrupted_anchor,0.6,0.0,1.0,1.0
mobservice1_errno111_1626752556,mobservice1,errno111,mobile,0.5,adaptive_corrupted_anchor,0.2,0.0,0.0,1.0
mobservice1_memory_1625197067,mobservice1,memory,mobile,0.5,adaptive_corrupted_anchor,0.8,0.0,1.0,1.0
mobservice1_memory_1625224444,mobservice1,memory,mobile,0.5,adaptive_corrupted_anchor,0.6,0.0,1.0,1.0
mobservice1_memory_1625232540,mobservice1,memory,mobile,0.5,adaptive_corrupted_anchor,0.6,0.0,1.0,1.0
mobservice1_memory_1625247576,mobservice1,memory,mobile,0.5,adaptive_corrupted_anchor,0.6,0.0,1.0,1.0
mobservice1_memory_1625353753,mobservice1,memory,mobile,0.5,adaptive_corrupted_anchor,0.8,0.0,1.0,1.0
mobservice1_memory_1625379697,mobservice1,memory,mobile,0.5,adaptive_corrupted_anchor,0.2,0.0,0.0,1.0
mobservice1_memory_1625667742,mobservice1,memory,mobile,0.5,adaptive_corrupted_anchor,0.4,0.0,0.0,1.0
mobservice1_memory_1625703099,mobservice1,memory,mobile,0.5,adaptive_corrupted_anchor,1.0,1.0,1.0,1.0
mobservice1_memory_1625735045,mobservice1,memory,mobile,0.5,adaptive_corrupted_anchor,0.2,0.0,0.0,1.0
mobservice1_memory_1625804210,mobservice1,memory,mobile,0.5,adaptive_corrupted_anchor,0.4,0.0,0.0,1.0
mobservice1_memory_1625827494,mobservice1,memory,mobile,0.5,adaptive_corrupted_anchor,1.0,1.0,1.0,1.0
mobservice1_memory_1625832716,mobservice1,memory,mobile,0.5,adaptive_corrupted_anchor,0.2,0.0,0.0,1.0
mobservice1_memory_1625901292,mobservice1,memory,mobile,0.5,adaptive_corrupted_anchor,0.4,0.0,0.0,1.0
mobservice1_memory_1625941772,mobservice1,memory,mobile,0.5,adaptive_corrupted_anchor,1.0,1.0,1.0,1.0
mobservice1_memory_1625961631,mobservice1,memory,mobile,0.5,adaptive_corrupted_anchor,1.0,1.0,1.0,1.0
mobservice1_memory_1625977908,mobservice1,memory,mobile,0.5,adaptive_corrupted_anchor,1.0,1.0,1.0,1.0
mobservice1_memory_1626011901,mobservice1,memory,mobile,0.5,adaptive_corrupted_anchor,0.8,0.0,1.0,1.0
mobservice1_memory_1626023193,mobservice1,memory,mobile,0.5,adaptive_corrupted_anchor,0.2,0.0,0.0,1.0
mobservice1_memory_1626027400,mobservice1,memory,mobile,0.5,adaptive_corrupted_anchor,0.6,0.0,1.0,1.0
mobservice1_memory_1626054650,mobservice1,memory,mobile,0.5,adaptive_corrupted_anchor,0.6,0.0,1.0,1.0
mobservice1_memory_1626117202,mobservice1,memory,mobile,0.5,adaptive_corrupted_anchor,1.0,1.0,1.0,1.0
mobservice1_memory_1626128984,mobservice1,memory,mobile,0.5,adaptive_corrupted_anchor,0.4,0.0,0.0,1.0
mobservice1_memory_1626159110,mobservice1,memory,mobile,0.5,adaptive_corrupted_anchor,0.6,0.0,1.0,1.0
mobservice1_memory_1626168632,mobservice1,memory,mobile,0.5,adaptive_corrupted_anchor,1.0,1.0,1.0,1.0
mobservice1_memory_1626242718,mobservice1,memory,mobile,0.5,adaptive_corrupted_anchor,1.0,1.0,1.0,1.0
mobservice1_memory_1626282681,mobservice1,memory,mobile,0.5,adaptive_corrupted_anchor,0.8,0.0,1.0,1.0
mobservice1_memory_1626299070,mobservice1,memory,mobile,0.5,adaptive_corrupted_anchor,1.0,1.0,1.0,1.0
mobservice1_memory_1626322156,mobservice1,memory,mobile,0.5,adaptive_corrupted_anchor,0.4,0.0,0.0,1.0
mobservice1_memory_1626326168,mobservice1,memory,mobile,0.5,adaptive_corrupted_anchor,0.4,0.0,0.0,1.0
mobservice1_memory_1626349453,mobservice1,memory,mobile,0.5,adaptive_corrupted_anchor,0.2,0.0,0.0,1.0
mobservice1_memory_1626444105,mobservice1,memory,mobile,0.5,adaptive_corrupted_anchor,1.0,1.0,1.0,1.0
mobservice1_memory_1626448997,mobservice1,memory,mobile,0.5,adaptive_corrupted_anchor,0.4,0.0,0.0,1.0
mobservice1_memory_1626488862,mobservice1,memory,mobile,0.5,adaptive_corrupted_anchor,1.0,1.0,1.0,1.0
mobservice1_memory_1626534607,mobservice1,memory,mobile,0.5,adaptive_corrupted_anchor,0.4,0.0,0.0,1.0
mobservice1_memory_1626538445,mobservice1,memory,mobile,0.5,adaptive_corrupted_anchor,1.0,1.0,1.0,1.0
mobservice1_memory_1626555752,mobservice1,memory,mobile,0.5,adaptive_corrupted_anchor,1.0,1.0,1.0,1.0
mobservice1_memory_1626607827,mobservice1,memory,mobile,0.5,adaptive_corrupted_anchor,0.6,0.0,1.0,1.0
mobservice1_memory_1626635810,mobservice1,memory,mobile,0.5,adaptive_corrupted_anchor,0.2,0.0,0.0,1.0
mobservice1_memory_1626640654,mobservice1,memory,mobile,0.5,adaptive_corrupted_anchor,0.6,0.0,1.0,1.0
mobservice1_memory_1626773018,mobservice1,memory,mobile,0.5,adaptive_corrupted_anchor,1.0,1.0,1.0,1.0
mobservice1_memory_1626850195,mobservice1,memory,mobile,0.5,adaptive_corrupted_anchor,0.4,0.0,0.0,1.0
mobservice1_memory_1626877506,mobservice1,memory,mobile,0.5,adaptive_corrupted_anchor,1.0,1.0,1.0,1.0
mobservice1_memory_1626897069,mobservice1,memory,mobile,0.5,adaptive_corrupted_anchor,1.0,1.0,1.0,1.0
mobservice1_memory_1626913833,mobservice1,memory,mobile,0.5,adaptive_corrupted_anchor,1.0,1.0,1.0,1.0
mobservice1_memory_1626933957,mobservice1,memory,mobile,0.5,adaptive_corrupted_anchor,0.8,0.0,1.0,1.0
mobservice1_memory_1626937894,mobservice1,memory,mobile,0.5,adaptive_corrupted_anchor,0.8,0.0,1.0,1.0
mobservice1_memory_1626954084,mobservice1,memory,mobile,0.5,adaptive_corrupted_anchor,0.8,0.0,1.0,1.0
mobservice1_memory_1626958838,mobservice1,memory,mobile,0.5,adaptive_corrupted_anchor,0.6,0.0,1.0,1.0
mobservice1_memory_1627163076,mobservice1,memory,mobile,0.5,adaptive_corrupted_anchor,0.4,0.0,0.0,1.0
mobservice1_memory_1627200697,mobservice1,memory,mobile,0.5,adaptive_corrupted_anchor,0.4,0.0,0.0,1.0
mobservice1_memory_1627219564,mobservice1,memory,mobile,0.5,adaptive_corrupted_anchor,0.6,0.0,1.0,1.0
mobservice1_memory_1627247170,mobservice1,memory,mobile,0.5,adaptive_corrupted_anchor,0.8,0.0,1.0,1.0
mobservice1_memory_1627279781,mobservice1,memory,mobile,0.5,adaptive_corrupted_anchor,0.2,0.0,0.0,1.0
mobservice1_memory_1627283259,mobservice1,memory,mobile,0.5,adaptive_corrupted_anchor,0.2,0.0,0.0,1.0
mobservice1_memory_1627347382,mobservice1,memory,mobile,0.5,adaptive_corrupted_anchor,0.4,0.0,0.0,1.0
mobservice1_memory_1627382521,mobservice1,memory,mobile,0.5,adaptive_corrupted_anchor,1.0,1.0,1.0,1.0
mobservice1_memory_1627387214,mobservice1,memory,mobile,0.5,adaptive_corrupted_anchor,1.0,1.0,1.0,1.0
mobservice1_memory_1627447409,mobservice1,memory,mobile,0.5,adaptive_corrupted_anchor,0.2,0.0,0.0,1.0
mobservice1_memory_1627484554,mobservice1,memory,mobile,0.5,adaptive_corrupted_anchor,0.2,0.0,0.0,1.0
mobservice1_memory_1627514424,mobservice1,memory,mobile,0.5,adaptive_corrupted_anchor,0.2,0.0,0.0,1.0
mobservice1_memory_1627580206,mobservice1,memory,mobile,0.5,adaptive_corrupted_anchor,0.6,0.0,1.0,1.0
mobservice1_memory_1627612966,mobservice1,memory,mobile,0.5,adaptive_corrupted_anchor,0.2,0.0,0.0,1.0
mobservice1_memory_1627645613,mobservice1,memory,mobile,0.5,adaptive_corrupted_anchor,0.6,0.0,1.0,1.0
mobservice1_memory_1627661901,mobservice1,memory,mobile,0.5,adaptive_corrupted_anchor,0.8,0.0,1.0,1.0
mobservice1_memory_1627701774,mobservice1,memory,mobile,0.5,adaptive_corrupted_anchor,0.4,0.0,0.0,1.0
mobservice1_memory_1627731923,mobservice1,memory,mobile,0.5,adaptive_corrupted_anchor,0.8,0.0,1.0,1.0
mobservice1_qr_expired_1625151823,mobservice1,qr_expired,mobile,0.5,adaptive_corrupted_anchor,0.6,0.0,1.0,1.0
mobservice1_qr_expired_1625182698,mobservice1,qr_expired,mobile,0.5,adaptive_corrupted_anchor,0.4,0.0,0.0,1.0
mobservice1_qr_expired_1625210087,mobservice1,qr_expired,mobile,0.5,adaptive_corrupted_anchor,0.2,0.0,0.0,1.0
mobservice1_qr_expired_1625240727,mobservice1,qr_expired,mobile,0.5,adaptive_corrupted_anchor,0.6,0.0,1.0,1.0
mobservice1_qr_expired_1625271564,mobservice1,qr_expired,mobile,0.5,adaptive_corrupted_anchor,1.0,1.0,1.0,1.0
mobservice1_qr_expired_1625296713,mobservice1,qr_expired,mobile,0.5,adaptive_corrupted_anchor,0.8,0.0,1.0,1.0
mobservice1_qr_expired_1625325200,mobservice1,qr_expired,mobile,0.5,adaptive_corrupted_anchor,0.4,0.0,0.0,1.0
mobservice1_qr_expired_1625355663,mobservice1,qr_expired,mobile,0.5,adaptive_corrupted_anchor,0.6,0.0,1.0,1.0
mobservice1_qr_expired_1625383443,mobservice1,qr_expired,mobile,0.5,adaptive_corrupted_anchor,0.4,0.0,0.0,1.0
mobservice1_qr_expired_1625409300,mobservice1,qr_expired,mobile,0.5,adaptive_corrupted_anchor,0.2,0.0,0.0,1.0
mobservice1_qr_expired_1625436871,mobservice1,qr_expired,mobile,0.5,adaptive_corrupted_anchor,1.0,1.0,1.0,1.0
mobservice1_qr_expired_1625473216,mobservice1,qr_expired,mobile,0.5,adaptive_corrupted_anchor,0.4,0.0,0.0,1.0
mobservice1_qr_expired_1625505879,mobservice1,qr_expired,mobile,0.5,adaptive_corrupted_anchor,1.0,1.0,1.0,1.0
mobservice1_qr_expired_1625542705,mobservice1,qr_expired,mobile,0.5,adaptive_corrupted_anchor,0.6,0.0,1.0,1.0
mobservice1_qr_expired_1625580525,mobservice1,qr_expired,mobile,0.5,adaptive_corrupted_anchor,0.6,0.0,1.0,1.0
mobservice1_qr_expired_1625625195,mobservice1,qr_expired,mobile,0.5,adaptive_corrupted_anchor,0.6,0.0,1.0,1.0
mobservice1_qr_expired_1625667731,mobservice1,qr_expired,mobile,0.5,adaptive_corrupted_anchor,0.6,0.0,1.0,1.0
mobservice1_qr_expired_1625711646,mobservice1,qr_expired,mobile,0.5,adaptive_corrupted_anchor,0.2,0.0,0.0,1.0
mobservice1_qr_expired_1625756698,mobservice1,qr_expired,mobile,0.5,adaptive_corrupted_anchor,0.4,0.0,0.0,1.0
mobservice1_qr_expired_1625794482,mobservice1,qr_expired,mobile,0.5,adaptive_corrupted_anchor,0.2,0.0,0.0,1.0
mobservice1_qr_expired_1625841247,mobservice1,qr_expired,mobile,0.5,adaptive_corrupted_anchor,0.2,0.0,0.0,1.0
mobservice1_qr_expired_1625890187,mobservice1,qr_expired,mobile,0.5,adaptive_corrupted_anchor,0.4,0.0,0.0,1.0
mobservice1_qr_expired_1625930412,mobservice1,qr_expired,mobile,0.5,adaptive_corrupted_anchor,1.0,1.0,1.0,1.0
mobservice1_qr_expired_1625972156,mobservice1,qr_expired,mobile,0.5,adaptive_corrupted_anchor,1.0,1.0,1.0,1.0
mobservice1_qr_expired_1626008252,mobservice1,qr_expired,mobile,0.5,adaptive_corrupted_anchor,1.0,1.0,1.0,1.0
mobservice1_qr_expired_1626040718,mobservice1,qr_expired,mobile,0.5,adaptive_corrupted_anchor,0.8,0.0,1.0,1.0
mobservice1_qr_expired_1626075193,mobservice1,qr_expired,mobile,0.5,adaptive_corrupted_anchor,0.6,0.0,1.0,1.0
mobservice1_qr_expired_1626114894,mobservice1,qr_expired,mobile,0.5,adaptive_corrupted_anchor,0.6,0.0,1.0,1.0
mobservice1_qr_expired_1626159261,mobservice1,qr_expired,mobile,0.5,adaptive_corrupted_anchor,0.2,0.0,0.0,1.0
mobservice1_qr_expired_1626191632,mobservice1,qr_expired,mobile,0.5,adaptive_corrupted_anchor,0.6,0.0,1.0,1.0
mobservice1_qr_expired_1626223304,mobservice1,qr_expired,mobile,0.5,adaptive_corrupted_anchor,1.0,1.0,1.0,1.0
mobservice1_qr_expired_1626255336,mobservice1,qr_expired,mobile,0.5,adaptive_corrupted_anchor,1.0,1.0,1.0,1.0
mobservice1_qr_expired_1626296585,mobservice1,qr_expired,mobile,0.5,adaptive_corrupted_anchor,0.4,0.0,0.0,1.0
mobservice1_qr_expired_1626336309,mobservice1,qr_expired,mobile,0.5,adaptive_corrupted_anchor,1.0,1.0,1.0,1.0
mobservice1_qr_expired_1626368186,mobservice1,qr_expired,mobile,0.5,adaptive_corrupted_anchor,0.6,0.0,1.0,1.0
mobservice1_qr_expired_1626404786,mobservice1,qr_expired,mobile,0.5,adaptive_corrupted_anchor,0.8,0.0,1.0,1.0
mobservice1_qr_expired_1626433510,mobservice1,qr_expired,mobile,0.5,adaptive_corrupted_anchor,0.8,0.0,1.0,1.0
mobservice1_qr_expired_1626462926,mobservice1,qr_expired,mobile,0.5,adaptive_corrupted_anchor,0.8,0.0,1.0,1.0
mobservice1_qr_expired_1626491905,mobservice1,qr_expired,mobile,0.5,adaptive_corrupted_anchor,0.2,0.0,0.0,1.0
mobservice1_qr_expired_1626520267,mobservice1,qr_expired,mobile,0.5,adaptive_corrupted_anchor,0.4,0.0,0.0,1.0
mobservice1_qr_expired_1626551052,mobservice1,qr_expired,mobile,0.5,adaptive_corrupted_anchor,1.0,1.0,1.0,1.0
mobservice1_qr_expired_1626580037,mobservice1,qr_expired,mobile,0.5,adaptive_corrupted_anchor,0.4,0.0,0.0,1.0
mobservice1_qr_expired_1626607583,mobservice1,qr_expired,mobile,0.5,adaptive_corrupted_anchor,1.0,1.0,1.0,1.0
mobservice1_qr_expired_1626632651,mobservice1,qr_expired,mobile,0.5,adaptive_corrupted_anchor,1.0,1.0,1.0,1.0
mobservice1_qr_expired_1626758435,mobservice1,qr_expired,mobile,0.5,adaptive_corrupted_anchor,0.2,0.0,0.0,1.0
mobservice1_qr_expired_1626784630,mobservice1,qr_expired,mobile,0.5,adaptive_corrupted_anchor,0.8,0.0,1.0,1.0
mobservice1_qr_expired_1626821039,mobservice1,qr_expired,mobile,0.5,adaptive_corrupted_anchor,1.0,1.0,1.0,1.0
mobservice1_qr_expired_1626856553,mobservice1,qr_expired,mobile,0.5,adaptive_corrupted_anchor,0.6,0.0,1.0,1.0
mobservice1_qr_expired_1626884682,mobservice1,qr_expired,mobile,0.5,adaptive_corrupted_anchor,1.0,1.0,1.0,1.0
mobservice1_qr_expired_1626917764,mobservice1,qr_expired,mobile,0.5,adaptive_corrupted_anchor,0.4,0.0,0.0,1.0
mobservice1_qr_expired_1626941760,mobservice1,qr_expired,mobile,0.5,adaptive_corrupted_anchor,0.8,0.0,1.0,1.0
mobservice1_qr_expired_1626968701,mobservice1,qr_expired,mobile,0.5,adaptive_corrupted_anchor,0.6,0.0,1.0,1.0
mobservice1_qr_expired_1626999263,mobservice1,qr_expired,mobile,0.5,adaptive_corrupted_anchor,1.0,1.0,1.0,1.0
mobservice1_qr_expired_1627024159,mobservice1,qr_expired,mobile,0.5,adaptive_corrupted_anchor,1.0,1.0,1.0,1.0
mobservice1_qr_expired_1627051613,mobservice1,qr_expired,mobile,0.5,adaptive_corrupted_anchor,0.2,0.0,0.0,1.0
mobservice1_qr_expired_1627083857,mobservice1,qr_expired,mobile,0.5,adaptive_corrupted_anchor,1.0,1.0,1.0,1.0
mobservice1_qr_expired_1627112278,mobservice1,qr_expired,mobile,0.5,adaptive_corrupted_anchor,0.8,0.0,1.0,1.0
mobservice1_qr_expired_1627135285,mobservice1,qr_expired,mobile,0.5,adaptive_corrupted_anchor,0.4,0.0,0.0,1.0
mobservice1_qr_expired_1627157519,mobservice1,qr_expired,mobile,0.5,adaptive_corrupted_anchor,0.6,0.0,1.0,1.0
mobservice1_qr_expired_1627184031,mobservice1,qr_expired,mobile,0.5,adaptive_corrupted_anchor,0.8,0.0,1.0,1.0
mobservice1_qr_expired_1627212755,mobservice1,qr_expired,mobile,0.5,adaptive_corrupted_anchor,1.0,1.0,1.0,1.0
mobservice1_qr_expired_1627238319,mobservice1,qr_expired,mobile,0.5,adaptive_corrupted_anchor,1.0,1.0,1.0,1.0
mobservice1_qr_expired_1627264132,mobservice1,qr_expired,mobile,0.5,adaptive_corrupted_anchor,1.0,1.0,1.0,1.0
mobservice1_qr_expired_1627293860,mobservice1,qr_expired,mobile,0.5,adaptive_corrupted_anchor,1.0,1.0,1.0,1.0
mobservice1_qr_expired_1627322979,mobservice1,qr_expired,mobile,0.5,adaptive_corrupted_anchor,0.2,0.0,0.0,1.0
mobservice1_qr_expired_1627355175,mobservice1,qr_expired,mobile,0.5,adaptive_corrupted_anchor,0.4,0.0,0.0,1.0
mobservice1_qr_expired_1627383377,mobservice1,qr_expired,mobile,0.5,adaptive_corrupted_anchor,0.6,0.0,1.0,1.0
mobservice1_qr_expired_1627410797,mobservice1,qr_expired,mobile,0.5,adaptive_corrupted_anchor,0.4,0.0,0.0,1.0
mobservice1_qr_expired_1627438966,mobservice1,qr_expired,mobile,0.5,adaptive_corrupted_anchor,1.0,1.0,1.0,1.0
mobservice1_qr_expired_1627466564,mobservice1,qr_expired,mobile,0.5,adaptive_corrupted_anchor,0.8,0.0,1.0,1.0
mobservice1_qr_expired_1627500877,mobservice1,qr_expired,mobile,0.5,adaptive_corrupted_anchor,0.4,0.0,0.0,1.0
mobservice1_qr_expired_1627528299,mobservice1,qr_expired,mobile,0.5,adaptive_corrupted_anchor,0.2,0.0,0.0,1.0
mobservice1_qr_expired_1627552119,mobservice1,qr_expired,mobile,0.5,adaptive_corrupted_anchor,0.6,0.0,1.0,1.0
mobservice1_qr_expired_1627579617,mobservice1,qr_expired,mobile,0.5,adaptive_corrupted_anchor,0.2,0.0,0.0,1.0
mobservice1_qr_expired_1627607460,mobservice1,qr_expired,mobile,0.5,adaptive_corrupted_anchor,1.0,1.0,1.0,1.0
mobservice1_qr_expired_1627636467,mobservice1,qr_expired,mobile,0.5,adaptive_corrupted_anchor,0.4,0.0,0.0,1.0
mobservice1_qr_expired_1627666643,mobservice1,qr_expired,mobile,0.5,adaptive_corrupted_anchor,0.4,0.0,0.0,1.0
mobservice1_qr_expired_1627691008,mobservice1,qr_expired,mobile,0.5,adaptive_corrupted_anchor,0.2,0.0,0.0,1.0
mobservice1_qr_expired_1627716967,mobservice1,qr_expired,mobile,0.5,adaptive_corrupted_anchor,0.4,0.0,0.0,1.0
mobservice1_qr_expired_1627738658,mobservice1,qr_expired,mobile,0.5,adaptive_corrupted_anchor,0.8,0.0,1.0,1.0
mobservice2_cpu_1627454420,mobservice2,cpu,mobile,0.5,adaptive_corrupted_anchor,0.4,0.0,0.0,1.0
mobservice2_cpu_1627497596,mobservice2,cpu,mobile,0.5,adaptive_corrupted_anchor,0.2,0.0,0.0,1.0
mobservice2_cpu_1627542736,mobservice2,cpu,mobile,0.5,adaptive_corrupted_anchor,1.0,1.0,1.0,1.0
mobservice2_cpu_1627761644,mobservice2,cpu,mobile,0.5,adaptive_corrupted_anchor,0.2,0.0,0.0,1.0
mobservice2_errno111_1626752406,mobservice2,errno111,mobile,0.5,adaptive_corrupted_anchor,0.6,0.0,1.0,1.0
mobservice2_errno111_1626752504,mobservice2,errno111,mobile,0.5,adaptive_corrupted_anchor,0.6,0.0,1.0,1.0
mobservice2_memory_1625157918,mobservice2,memory,mobile,0.5,adaptive_corrupted_anchor,0.6,0.0,1.0,1.0
mobservice2_memory_1625168598,mobservice2,memory,mobile,0.5,adaptive_corrupted_anchor,0.8,0.0,1.0,1.0
mobservice2_memory_1625200044,mobservice2,memory,mobile,0.5,adaptive_corrupted_anchor,1.0,1.0,1.0,1.0
mobservice2_memory_1625205092,mobservice2,memory,mobile,0.5,adaptive_corrupted_anchor,1.0,1.0,1.0,1.0
mobservice2_memory_1625235821,mobservice2,memory,mobile,0.5,adaptive_corrupted_anchor,1.0,1.0,1.0,1.0
mobservice2_memory_1625240040,mobservice2,memory,mobile,0.5,adaptive_corrupted_anchor,0.6,0.0,1.0,1.0
mobservice2_memory_1625305876,mobservice2,memory,mobile,0.5,adaptive_corrupted_anchor,0.8,0.0,1.0,1.0
mobservice2_memory_1625359712,mobservice2,memory,mobile,0.5,adaptive_corrupted_anchor,1.0,1.0,1.0,1.0
mobservice2_memory_1625527607,mobservice2,memory,mobile,0.5,adaptive_corrupted_anchor,1.0,1.0,1.0,1.0
mobservice2_memory_1625552888,mobservice2,memory,mobile,0.5,adaptive_corrupted_anchor,0.6,0.0,1.0,1.0
mobservice2_memory_1625584788,mobservice2,memory,mobile,0.5,adaptive_corrupted_anchor,0.2,0.0,0.0,1.0
mobservice2_memory_1625676811,mobservice2,memory,mobile,0.5,adaptive_corrupted_anchor,1.0,1.0,1.0,1.0
mobservice2_memory_1625680798,mobservice2,memory,mobile,0.5,adaptive_corrupted_anchor,1.0,1.0,1.0,1.0
mobservice2_memory_1625692971,mobservice2,memory,mobile,0.5,adaptive_corrupted_anchor,0.6,0.0,1.0,1.0
mobservice2_memory_1625697606,mobservice2,memory,mobile,0.5,adaptive_corrupted_anchor,0.4,0.0,0.0,1.0
mobservice2_memory_1625738510,mobservice2,memory,mobile,0.5,adaptive_corrupted_anchor,1.0,1.0,1.0,1.0
mobservice2_memory_1625742099,mobservice2,memory,mobile,0.5,adaptive_corrupted_anchor,0.8,0.0,1.0,1.0
mobservice2_memory_1625771613,mobservice2,memory,mobile,0.5,adaptive_corrupted_anchor,1.0,1.0,1.0,1.0
mobservice2_memory_1625831922,mobservice2,memory,mobile,0.5,adaptive_corrupted_anchor,0.8,0.0,1.0,1.0
mobservice2_memory_1625898199,mobservice2,memory,mobile,0.5,adaptive_corrupted_anchor,0.6,0.0,1.0,1.0
mobservice2_memory_1625987443,mobservice2,memory,mobile,0.5,adaptive_corrupted_anchor,0.4,0.0,0.0,1.0
mobservice2_memory_1626009884,mobservice2,memory,mobile,0.5,adaptive_corrupted_anchor,0.2,0.0,0.0,1.0
mobservice2_memory_1626030275,mobservice2,memory,mobile,0.5,adaptive_corrupted_anchor,0.6,0.0,1.0,1.0
mobservice2_memory_1626061939,mobservice2,memory,mobile,0.5,adaptive_corrupted_anchor,0.4,0.0,0.0,1.0
mobservice2_memory_1626128366,mobservice2,memory,mobile,0.5,adaptive_corrupted_anchor,0.8,0.0,1.0,1.0
mobservice2_memory_1626132020,mobservice2,memory,mobile,0.5,adaptive_corrupted_anchor,0.2,0.0,0.0,1.0
mobservice2_memory_1626157765,mobservice2,memory,mobile,0.5,adaptive_corrupted_anchor,0.4,0.0,0.0,1.0
mobservice2_memory_1626198509,mobservice2,memory,mobile,0.5,adaptive_corrupted_anchor,0.4,0.0,0.0,1.0
mobservice2_memory_1626201727,mobservice2,memory,mobile,0.5,adaptive_corrupted_anchor,1.0,1.0,1.0,1.0
mobservice2_memory_1626240489,mobservice2,memory,mobile,0.5,adaptive_corrupted_anchor,1.0,1.0,1.0,1.0
mobservice2_memory_1626286299,mobservice2,memory,mobile,0.5,adaptive_corrupted_anchor,1.0,1.0,1.0,1.0
mobservice2_memory_1626294885,mobservice2,memory,mobile,0.5,adaptive_corrupted_anchor,1.0,1.0,1.0,1.0
mobservice2_memory_1626323276,mobservice2,memory,mobile,0.5,adaptive_corrupted_anchor,0.6,0.0,1.0,1.0
mobservice2_memory_1626411067,mobservice2,memory,mobile,0.5,adaptive_corrupted_anchor,1.0,1.0,1.0,1.0
mobservice2_memory_1626429148,mobservice2,memory,mobile,0.5,adaptive_corrupted_anchor,0.4,0.0,0.0,1.0
mobservice2_memory_1626439231,mobservice2,memory,mobile,0.5,adaptive_corrupted_anchor,0.4,0.0,0.0,1.0
mobservice2_memory_1626458752,mobservice2,memory,mobile,0.5,adaptive_corrupted_anchor,0.8,0.0,1.0,1.0
mobservice2_memory_1626474951,mobservice2,memory,mobile,0.5,adaptive_corrupted_anchor,1.0,1.0,1.0,1.0
mobservice2_memory_1626520226,mobservice2,memory,mobile,0.5,adaptive_corrupted_anchor,1.0,1.0,1.0,1.0
mobservice2_memory_1626538101,mobservice2,memory,mobile,0.5,adaptive_corrupted_anchor,0.6,0.0,1.0,1.0
mobservice2_memory_1626607047,mobservice2,memory,mobile,0.5,adaptive_corrupted_anchor,0.8,0.0,1.0,1.0
mobservice2_memory_1626757492,mobservice2,memory,mobile,0.5,adaptive_corrupted_anchor,1.0,1.0,1.0,1.0
mobservice2_memory_1626785359,mobservice2,memory,mobile,0.5,adaptive_corrupted_anchor,0.2,0.0,0.0,1.0
mobservice2_memory_1626890346,mobservice2,memory,mobile,0.5,adaptive_corrupted_anchor,0.2,0.0,0.0,1.0
mobservice2_memory_1626935991,mobservice2,memory,mobile,0.5,adaptive_corrupted_anchor,0.6,0.0,1.0,1.0
mobservice2_memory_1626958150,mobservice2,memory,mobile,0.5,adaptive_corrupted_anchor,1.0,1.0,1.0,1.0
mobservice2_memory_1626961197,mobservice2,memory,mobile,0.5,adaptive_corrupted_anchor,0.8,0.0,1.0,1.0
mobservice2_memory_1626985877,mobservice2,memory,mobile,0.5,adaptive_corrupted_anchor,0.8,0.0,1.0,1.0
mobservice2_memory_1627037496,mobservice2,memory,mobile,0.5,adaptive_corrupted_anchor,0.8,0.0,1.0,1.0
mobservice2_memory_1627044227,mobservice2,memory,mobile,0.5,adaptive_corrupted_anchor,0.6,0.0,1.0,1.0
mobservice2_memory_1627065444,mobservice2,memory,mobile,0.5,adaptive_corrupted_anchor,0.8,0.0,1.0,1.0
mobservice2_memory_1627119333,mobservice2,memory,mobile,0.5,adaptive_corrupted_anchor,1.0,1.0,1.0,1.0
mobservice2_memory_1627204060,mobservice2,memory,mobile,0.5,adaptive_corrupted_anchor,0.8,0.0,1.0,1.0
mobservice2_memory_1627230225,mobservice2,memory,mobile,0.5,adaptive_corrupted_anchor,1.0,1.0,1.0,1.0
mobservice2_memory_1627256808,mobservice2,memory,mobile,0.5,adaptive_corrupted_anchor,1.0,1.0,1.0,1.0
mobservice2_memory_1627260359,mobservice2,memory,mobile,0.5,adaptive_corrupted_anchor,1.0,1.0,1.0,1.0
mobservice2_memory_1627296468,mobservice2,memory,mobile,0.5,adaptive_corrupted_anchor,0.4,0.0,0.0,1.0
mobservice2_memory_1627357843,mobservice2,memory,mobile,0.5,adaptive_corrupted_anchor,0.4,0.0,0.0,1.0
mobservice2_memory_1627365277,mobservice2,memory,mobile,0.5,adaptive_corrupted_anchor,1.0,1.0,1.0,1.0
mobservice2_memory_1627374212,mobservice2,memory,mobile,0.5,adaptive_corrupted_anchor,1.0,1.0,1.0,1.0
mobservice2_memory_1627436047,mobservice2,memory,mobile,0.5,adaptive_corrupted_anchor,0.8,0.0,1.0,1.0
mobservice2_memory_1627471954,mobservice2,memory,mobile,0.5,adaptive_corrupted_anchor,0.8,0.0,1.0,1.0
mobservice2_memory_1627514362,mobservice2,memory,mobile,0.5,adaptive_corrupted_anchor,1.0,1.0,1.0,1.0
mobservice2_memory_1627554299,mobservice2,memory,mobile,0.5,adaptive_corrupted_anchor,1.0,1.0,1.0,1.0
mobservice2_memory_1627713570,mobservice2,memory,mobile,0.5,adaptive_corrupted_anchor,0.4,0.0,0.0,1.0
mobservice2_memory_1627731436,mobservice2,memory,mobile,0.5,adaptive_corrupted_anchor,1.0,1.0,1.0,1.0
mobservice2_qr_expired_1625152105,mobservice2,qr_expired,mobile,0.5,adaptive_corrupted_anchor,0.8,0.0,1.0,1.0
mobservice2_qr_expired_1625179967,mobservice2,qr_expired,mobile,0.5,adaptive_corrupted_anchor,0.2,0.0,0.0,1.0
mobservice2_qr_expired_1625210422,mobservice2,qr_expired,mobile,0.5,adaptive_corrupted_anchor,0.6,0.0,1.0,1.0
mobservice2_qr_expired_1625242846,mobservice2,qr_expired,mobile,0.5,adaptive_corrupted_anchor,0.8,0.0,1.0,1.0
mobservice2_qr_expired_1625275953,mobservice2,qr_expired,mobile,0.5,adaptive_corrupted_anchor,1.0,1.0,1.0,1.0
mobservice2_qr_expired_1625302666,mobservice2,qr_expired,mobile,0.5,adaptive_corrupted_anchor,0.6,0.0,1.0,1.0
mobservice2_qr_expired_1625334978,mobservice2,qr_expired,mobile,0.5,adaptive_corrupted_anchor,0.8,0.0,1.0,1.0
mobservice2_qr_expired_1625360218,mobservice2,qr_expired,mobile,0.5,adaptive_corrupted_anchor,1.0,1.0,1.0,1.0
mobservice2_qr_expired_1625390816,mobservice2,qr_expired,mobile,0.5,adaptive_corrupted_anchor,1.0,1.0,1.0,1.0
mobservice2_qr_expired_1625425284,mobservice2,qr_expired,mobile,0.5,adaptive_corrupted_anchor,0.8,0.0,1.0,1.0
mobservice2_qr_expired_1625455022,mobservice2,qr_expired,mobile,0.5,adaptive_corrupted_anchor,1.0,1.0,1.0,1.0
mobservice2_qr_expired_1625489299,mobservice2,qr_expired,mobile,0.5,adaptive_corrupted_anchor,0.8,0.0,1.0,1.0
mobservice2_qr_expired_1625521837,mobservice2,qr_expired,mobile,0.5,adaptive_corrupted_anchor,0.8,0.0,1.0,1.0
mobservice2_qr_expired_1625553275,mobservice2,qr_expired,mobile,0.5,adaptive_corrupted_anchor,1.0,1.0,1.0,1.0
mobservice2_qr_expired_1625586485,mobservice2,qr_expired,mobile,0.5,adaptive_corrupted_anchor,0.8,0.0,1.0,1.0
mobservice2_qr_expired_1625632041,mobservice2,qr_expired,mobile,0.5,adaptive_corrupted_anchor,0.8,0.0,1.0,1.0
mobservice2_qr_expired_1625675866,mobservice2,qr_expired,mobile,0.5,adaptive_corrupted_anchor,0.6,0.0,1.0,1.0
mobservice2_qr_expired_1625722797,mobservice2,qr_expired,mobile,0.5,adaptive_corrupted_anchor,1.0,1.0,1.0,1.0
mobservice2_qr_expired_1625778458,mobservice2,qr_expired,mobile,0.5,adaptive_corrupted_anchor,1.0,1.0,1.0,1.0
mobservice2_qr_expired_1625827086,mobservice2,qr_expired,mobile,0.5,adaptive_corrupted_anchor,0.2,0.0,0.0,1.0
mobservice2_qr_expired_1625871929,mobservice2,qr_expired,mobile,0.5,adaptive_corrupted_anchor,0.8,0.0,1.0,1.0
mobservice2_qr_expired_1625913424,mobservice2,qr_expired,mobile,0.5,adaptive_corrupted_anchor,0.6,0.0,1.0,1.0
mobservice2_qr_expired_1625953921,mobservice2,qr_expired,mobile,0.5,adaptive_corrupted_anchor,1.0,1.0,1.0,1.0
mobservice2_qr_expired_1625991677,mobservice2,qr_expired,mobile,0.5,adaptive_corrupted_anchor,0.4,0.0,0.0,1.0
mobservice2_qr_expired_1626027488,mobservice2,qr_expired,mobile,0.5,adaptive_corrupted_anchor,0.4,0.0,0.0,1.0
mobservice2_qr_expired_1626055588,mobservice2,qr_expired,mobile,0.5,adaptive_corrupted_anchor,0.2,0.0,0.0,1.0
mobservice2_qr_expired_1626092428,mobservice2,qr_expired,mobile,0.5,adaptive_corrupted_anchor,0.2,0.0,0.0,1.0
mobservice2_qr_expired_1626126195,mobservice2,qr_expired,mobile,0.5,adaptive_corrupted_anchor,0.8,0.0,1.0,1.0
mobservice2_qr_expired_1626148468,mobservice2,qr_expired,mobile,0.5,adaptive_corrupted_anchor,0.8,0.0,1.0,1.0
mobservice2_qr_expired_1626179787,mobservice2,qr_expired,mobile,0.5,adaptive_corrupted_anchor,0.6,0.0,1.0,1.0
mobservice2_qr_expired_1626214192,mobservice2,qr_expired,mobile,0.5,adaptive_corrupted_anchor,1.0,1.0,1.0,1.0
mobservice2_qr_expired_1626250092,mobservice2,qr_expired,mobile,0.5,adaptive_corrupted_anchor,0.2,0.0,0.0,1.0
mobservice2_qr_expired_1626285754,mobservice2,qr_expired,mobile,0.5,adaptive_corrupted_anchor,1.0,1.0,1.0,1.0
mobservice2_qr_expired_1626320898,mobservice2,qr_expired,mobile,0.5,adaptive_corrupted_anchor,1.0,1.0,1.0,1.0
mobservice2_qr_expired_1626353097,mobservice2,qr_expired,mobile,0.5,adaptive_corrupted_anchor,0.4,0.0,0.0,1.0
mobservice2_qr_expired_1626386746,mobservice2,qr_expired,mobile,0.5,adaptive_corrupted_anchor,0.2,0.0,0.0,1.0
mobservice2_qr_expired_1626422509,mobservice2,qr_expired,mobile,0.5,adaptive_corrupted_anchor,0.6,0.0,1.0,1.0
mobservice2_qr_expired_1626455756,mobservice2,qr_expired,mobile,0.5,adaptive_corrupted_anchor,1.0,1.0,1.0,1.0
mobservice2_qr_expired_1626488967,mobservice2,qr_expired,mobile,0.5,adaptive_corrupted_anchor,1.0,1.0,1.0,1.0
mobservice2_qr_expired_1626516592,mobservice2,qr_expired,mobile,0.5,adaptive_corrupted_anchor,1.0,1.0,1.0,1.0
mobservice2_qr_expired_1626548205,mobservice2,qr_expired,mobile,0.5,adaptive_corrupted_anchor,1.0,1.0,1.0,1.0
mobservice2_qr_expired_1626576971,mobservice2,qr_expired,mobile,0.5,adaptive_corrupted_anchor,1.0,1.0,1.0,1.0
mobservice2_qr_expired_1626607755,mobservice2,qr_expired,mobile,0.5,adaptive_corrupted_anchor,1.0,1.0,1.0,1.0
mobservice2_qr_expired_1626636652,mobservice2,qr_expired,mobile,0.5,adaptive_corrupted_anchor,0.6,0.0,1.0,1.0
mobservice2_qr_expired_1626763751,mobservice2,qr_expired,mobile,0.5,adaptive_corrupted_anchor,0.8,0.0,1.0,1.0
mobservice2_qr_expired_1626790862,mobservice2,qr_expired,mobile,0.5,adaptive_corrupted_anchor,0.2,0.0,0.0,1.0
mobservice2_qr_expired_1626826499,mobservice2,qr_expired,mobile,0.5,adaptive_corrupted_anchor,0.4,0.0,0.0,1.0
mobservice2_qr_expired_1626855935,mobservice2,qr_expired,mobile,0.5,adaptive_corrupted_anchor,1.0,1.0,1.0,1.0
mobservice2_qr_expired_1626885208,mobservice2,qr_expired,mobile,0.5,adaptive_corrupted_anchor,0.8,0.0,1.0,1.0
mobservice2_qr_expired_1626911607,mobservice2,qr_expired,mobile,0.5,adaptive_corrupted_anchor,0.8,0.0,1.0,1.0
mobservice2_qr_expired_1626942742,mobservice2,qr_expired,mobile,0.5,adaptive_corrupted_anchor,1.0,1.0,1.0,1.0
mobservice2_qr_expired_1626974155,mobservice2,qr_expired,mobile,0.5,adaptive_corrupted_anchor,0.2,0.0,0.0,1.0
mobservice2_qr_expired_1626999471,mobservice2,qr_expired,mobile,0.5,adaptive_corrupted_anchor,1.0,1.0,1.0,1.0
mobservice2_qr_expired_1627030453,mobservice2,qr_expired,mobile,0.5,adaptive_corrupted_anchor,0.6,0.0,1.0,1.0
mobservice2_qr_expired_1627056700,mobservice2,qr_expired,mobile,0.5,adaptive_corrupted_anchor,0.8,0.0,1.0,1.0
mobservice2_qr_expired_1627085196,mobservice2,qr_expired,mobile,0.5,adaptive_corrupted_anchor,0.8,0.0,1.0,1.0
mobservice2_qr_expired_1627113655,mobservice2,qr_expired,mobile,0.5,adaptive_corrupted_anchor,1.0,1.0,1.0,1.0
mobservice2_qr_expired_1627141574,mobservice2,qr_expired,mobile,0.5,adaptive_corrupted_anchor,0.8,0.0,1.0,1.0
mobservice2_qr_expired_1627170090,mobservice2,qr_expired,mobile,0.5,adaptive_corrupted_anchor,0.6,0.0,1.0,1.0
mobservice2_qr_expired_1627194645,mobservice2,qr_expired,mobile,0.5,adaptive_corrupted_anchor,0.8,0.0,1.0,1.0
mobservice2_qr_expired_1627220128,mobservice2,qr_expired,mobile,0.5,adaptive_corrupted_anchor,1.0,1.0,1.0,1.0
mobservice2_qr_expired_1627249800,mobservice2,qr_expired,mobile,0.5,adaptive_corrupted_anchor,1.0,1.0,1.0,1.0
mobservice2_qr_expired_1627279670,mobservice2,qr_expired,mobile,0.5,adaptive_corrupted_anchor,0.8,0.0,1.0,1.0
mobservice2_qr_expired_1627308362,mobservice2,qr_expired,mobile,0.5,adaptive_corrupted_anchor,0.8,0.0,1.0,1.0
mobservice2_qr_expired_1627337234,mobservice2,qr_expired,mobile,0.5,adaptive_corrupted_anchor,0.2,0.0,0.0,1.0
mobservice2_qr_expired_1627363820,mobservice2,qr_expired,mobile,0.5,adaptive_corrupted_anchor,0.6,0.0,1.0,1.0
mobservice2_qr_expired_1627389398,mobservice2,qr_expired,mobile,0.5,adaptive_corrupted_anchor,0.8,0.0,1.0,1.0
mobservice2_qr_expired_1627418217,mobservice2,qr_expired,mobile,0.5,adaptive_corrupted_anchor,0.6,0.0,1.0,1.0
mobservice2_qr_expired_1627450448,mobservice2,qr_expired,mobile,0.5,adaptive_corrupted_anchor,1.0,1.0,1.0,1.0
mobservice2_qr_expired_1627475638,mobservice2,qr_expired,mobile,0.5,adaptive_corrupted_anchor,1.0,1.0,1.0,1.0
mobservice2_qr_expired_1627503713,mobservice2,qr_expired,mobile,0.5,adaptive_corrupted_anchor,0.8,0.0,1.0,1.0
mobservice2_qr_expired_1627532257,mobservice2,qr_expired,mobile,0.5,adaptive_corrupted_anchor,1.0,1.0,1.0,1.0
mobservice2_qr_expired_1627561033,mobservice2,qr_expired,mobile,0.5,adaptive_corrupted_anchor,1.0,1.0,1.0,1.0
mobservice2_qr_expired_1627590661,mobservice2,qr_expired,mobile,0.5,adaptive_corrupted_anchor,0.6,0.0,1.0,1.0
mobservice2_qr_expired_1627615107,mobservice2,qr_expired,mobile,0.5,adaptive_corrupted_anchor,1.0,1.0,1.0,1.0
mobservice2_qr_expired_1627645682,mobservice2,qr_expired,mobile,0.5,adaptive_corrupted_anchor,1.0,1.0,1.0,1.0
mobservice2_qr_expired_1627671327,mobservice2,qr_expired,mobile,0.5,adaptive_corrupted_anchor,0.2,0.0,0.0,1.0
mobservice2_qr_expired_1627694165,mobservice2,qr_expired,mobile,0.5,adaptive_corrupted_anchor,0.6,0.0,1.0,1.0
mobservice2_qr_expired_1627721066,mobservice2,qr_expired,mobile,0.5,adaptive_corrupted_anchor,0.4,0.0,0.0,1.0
mobservice2_qr_expired_1627741589,mobservice2,qr_expired,mobile,0.5,adaptive_corrupted_anchor,0.2,0.0,0.0,1.0
redisservice1_errno111_1626751802,redisservice1,errno111,cache,0.5,adaptive_corrupted_anchor,0.6,0.0,1.0,1.0
redisservice1_errno111_1626752423,redisservice1,errno111,cache,0.5,adaptive_corrupted_anchor,0.4,0.0,0.0,1.0
redisservice1_memory_1625145523,redisservice1,memory,cache,0.5,adaptive_corrupted_anchor,1.0,1.0,1.0,1.0
redisservice1_memory_1625157279,redisservice1,memory,cache,0.5,adaptive_corrupted_anchor,0.8,0.0,1.0,1.0
redisservice1_memory_1625174903,redisservice1,memory,cache,0.5,adaptive_corrupted_anchor,0.8,0.0,1.0,1.0
redisservice1_memory_1625272609,redisservice1,memory,cache,0.5,adaptive_corrupted_anchor,0.2,0.0,0.0,1.0
redisservice1_memory_1625332594,redisservice1,memory,cache,0.5,adaptive_corrupted_anchor,0.6,0.0,1.0,1.0
redisservice1_memory_1625420467,redisservice1,memory,cache,0.5,adaptive_corrupted_anchor,0.2,0.0,0.0,1.0
redisservice1_memory_1625453062,redisservice1,memory,cache,0.5,adaptive_corrupted_anchor,0.4,0.0,0.0,1.0
redisservice1_memory_1625473678,redisservice1,memory,cache,0.5,adaptive_corrupted_anchor,0.8,0.0,1.0,1.0
redisservice1_memory_1625508996,redisservice1,memory,cache,0.5,adaptive_corrupted_anchor,0.6,0.0,1.0,1.0
redisservice1_memory_1625609699,redisservice1,memory,cache,0.5,adaptive_corrupted_anchor,1.0,1.0,1.0,1.0
redisservice1_memory_1625631347,redisservice1,memory,cache,0.5,adaptive_corrupted_anchor,1.0,1.0,1.0,1.0
redisservice1_memory_1625699447,redisservice1,memory,cache,0.5,adaptive_corrupted_anchor,0.4,0.0,0.0,1.0
redisservice1_memory_1625816205,redisservice1,memory,cache,0.5,adaptive_corrupted_anchor,1.0,1.0,1.0,1.0
redisservice1_memory_1625882934,redisservice1,memory,cache,0.5,adaptive_corrupted_anchor,0.8,0.0,1.0,1.0
redisservice1_memory_1625942635,redisservice1,memory,cache,0.5,adaptive_corrupted_anchor,0.8,0.0,1.0,1.0
redisservice1_memory_1626014952,redisservice1,memory,cache,0.5,adaptive_corrupted_anchor,0.4,0.0,0.0,1.0
redisservice1_memory_1626130579,redisservice1,memory,cache,0.5,adaptive_corrupted_anchor,1.0,1.0,1.0,1.0
redisservice1_memory_1626172859,redisservice1,memory,cache,0.5,adaptive_corrupted_anchor,1.0,1.0,1.0,1.0
redisservice1_memory_1626177452,redisservice1,memory,cache,0.5,adaptive_corrupted_anchor,0.8,0.0,1.0,1.0
redisservice1_memory_1626185810,redisservice1,memory,cache,0.5,adaptive_corrupted_anchor,0.2,0.0,0.0,1.0
redisservice1_memory_1626275221,redisservice1,memory,cache,0.5,adaptive_corrupted_anchor,0.2,0.0,0.0,1.0
redisservice1_memory_1626278567,redisservice1,memory,cache,0.5,adaptive_corrupted_anchor,1.0,1.0,1.0,1.0
redisservice1_memory_1626337048,redisservice1,memory,cache,0.5,adaptive_corrupted_anchor,1.0,1.0,1.0,1.0
redisservice1_memory_1626374212,redisservice1,memory,cache,0.5,adaptive_corrupted_anchor,0.4,0.0,0.0,1.0
redisservice1_memory_1626444115,redisservice1,memory,cache,0.5,adaptive_corrupted_anchor,0.8,0.0,1.0,1.0
redisservice1_memory_1626517230,redisservice1,memory,cache,0.5,adaptive_corrupted_anchor,0.6,0.0,1.0,1.0
redisservice1_memory_1626520325,redisservice1,memory,cache,0.5,adaptive_corrupted_anchor,0.8,0.0,1.0,1.0
redisservice1_memory_1626552122,redisservice1,memory,cache,0.5,adaptive_corrupted_anchor,0.6,0.0,1.0,1.0
redisservice1_memory_1626758417,redisservice1,memory,cache,0.5,adaptive_corrupted_anchor,0.6,0.0,1.0,1.0
redisservice1_memory_1626851723,redisservice1,memory,cache,0.5,adaptive_corrupted_anchor,0.4,0.0,0.0,1.0
redisservice1_memory_1626864205,redisservice1,memory,cache,0.5,adaptive_corrupted_anchor,0.2,0.0,0.0,1.0
redisservice1_memory_1626871199,redisservice1,memory,cache,0.5,adaptive_corrupted_anchor,0.2,0.0,0.0,1.0
redisservice1_memory_1626943678,redisservice1,memory,cache,0.5,adaptive_corrupted_anchor,1.0,1.0,1.0,1.0
redisservice1_memory_1626975786,redisservice1,memory,cache,0.5,adaptive_corrupted_anchor,1.0,1.0,1.0,1.0
redisservice1_memory_1626979689,redisservice1,memory,cache,0.5,adaptive_corrupted_anchor,0.2,0.0,0.0,1.0
redisservice1_memory_1627002068,redisservice1,memory,cache,0.5,adaptive_corrupted_anchor,0.8,0.0,1.0,1.0
redisservice1_memory_1627081010,redisservice1,memory,cache,0.5,adaptive_corrupted_anchor,1.0,1.0,1.0,1.0
redisservice1_memory_1627111126,redisservice1,memory,cache,0.5,adaptive_corrupted_anchor,0.6,0.0,1.0,1.0
redisservice1_memory_1627213476,redisservice1,memory,cache,0.5,adaptive_corrupted_anchor,1.0,1.0,1.0,1.0
redisservice1_memory_1627219738,redisservice1,memory,cache,0.5,adaptive_corrupted_anchor,0.8,0.0,1.0,1.0
redisservice1_memory_1627303947,redisservice1,memory,cache,0.5,adaptive_corrupted_anchor,0.8,0.0,1.0,1.0
redisservice1_memory_1627332332,redisservice1,memory,cache,0.5,adaptive_corrupted_anchor,0.2,0.0,0.0,1.0
redisservice1_memory_1627362134,redisservice1,memory,cache,0.5,adaptive_corrupted_anchor,0.6,0.0,1.0,1.0
redisservice1_memory_1627367085,redisservice1,memory,cache,0.5,adaptive_corrupted_anchor,0.8,0.0,1.0,1.0
redisservice1_memory_1627381864,redisservice1,memory,cache,0.5,adaptive_corrupted_anchor,1.0,1.0,1.0,1.0
redisservice1_memory_1627436567,redisservice1,memory,cache,0.5,adaptive_corrupted_anchor,1.0,1.0,1.0,1.0
redisservice1_memory_1627512202,redisservice1,memory,cache,0.5,adaptive_corrupted_anchor,0.2,0.0,0.0,1.0
redisservice1_memory_1627531834,redisservice1,memory,cache,0.5,adaptive_corrupted_anchor,0.2,0.0,0.0,1.0
redisservice1_memory_1627574700,redisservice1,memory,cache,0.5,adaptive_corrupted_anchor,0.8,0.0,1.0,1.0
redisservice1_memory_1627588078,redisservice1,memory,cache,0.5,adaptive_corrupted_anchor,0.8,0.0,1.0,1.0
redisservice1_memory_1627657138,redisservice1,memory,cache,0.5,adaptive_corrupted_anchor,0.2,0.0,0.0,1.0
redisservice1_memory_1627670203,redisservice1,memory,cache,0.5,adaptive_corrupted_anchor,0.6,0.0,1.0,1.0
redisservice1_memory_1627713030,redisservice1,memory,cache,0.5,adaptive_corrupted_anchor,0.8,0.0,1.0,1.0
redisservice1_memory_1627749155,redisservice1,memory,cache,0.5,adaptive_corrupted_anchor,0.2,0.0,0.0,1.0
redisservice1_memory_1627760867,redisservice1,memory,cache,0.5,adaptive_corrupted_anchor,0.4,0.0,0.0,1.0
redisservice2_errno111_1626751801,redisservice2,errno111,cache,0.5,adaptive_corrupted_anchor,0.8,0.0,1.0,1.0
redisservice2_errno111_1626752427,redisservice2,errno111,cache,0.5,adaptive_corrupted_anchor,0.6,0.0,1.0,1.0
redisservice2_memory_1625155035,redisservice2,memory,cache,0.5,adaptive_corrupted_anchor,0.8,0.0,1.0,1.0
redisservice2_memory_1625165701,redisservice2,memory,cache,0.5,adaptive_corrupted_anchor,0.6,0.0,1.0,1.0
redisservice2_memory_1625175011,redisservice2,memory,cache,0.5,adaptive_corrupted_anchor,0.8,0.0,1.0,1.0
redisservice2_memory_1625179202,redisservice2,memory,cache,0.5,adaptive_corrupted_anchor,1.0,1.0,1.0,1.0
redisservice2_memory_1625250114,redisservice2,memory,cache,0.5,adaptive_corrupted_anchor,0.8,0.0,1.0,1.0
redisservice2_memory_1625264600,redisservice2,memory,cache,0.5,adaptive_corrupted_anchor,0.6,0.0,1.0,1.0
redisservice2_memory_1625320792,redisservice2,memory,cache,0.5,adaptive_corrupted_anchor,0.4,0.0,0.0,1.0
redisservice2_memory_1625324488,redisservice2,memory,cache,0.5,adaptive_corrupted_anchor,0.4,0.0,0.0,1.0
redisservice2_memory_1625493529,redisservice2,memory,cache,0.5,adaptive_corrupted_anchor,0.6,0.0,1.0,1.0
redisservice2_memory_1625512043,redisservice2,memory,cache,0.5,adaptive_corrupted_anchor,0.4,0.0,0.0,1.0
redisservice2_memory_1625620800,redisservice2,memory,cache,0.5,adaptive_corrupted_anchor,0.6,0.0,1.0,1.0
redisservice2_memory_1625692590,redisservice2,memory,cache,0.5,adaptive_corrupted_anchor,0.8,0.0,1.0,1.0
redisservice2_memory_1625733844,redisservice2,memory,cache,0.5,adaptive_corrupted_anchor,1.0,1.0,1.0,1.0
redisservice2_memory_1625752669,redisservice2,memory,cache,0.5,adaptive_corrupted_anchor,0.8,0.0,1.0,1.0
redisservice2_memory_1625768486,redisservice2,memory,cache,0.5,adaptive_corrupted_anchor,0.2,0.0,0.0,1.0
redisservice2_memory_1625790000,redisservice2,memory,cache,0.5,adaptive_corrupted_anchor,1.0,1.0,1.0,1.0
redisservice2_memory_1625819320,redisservice2,memory,cache,0.5,adaptive_corrupted_anchor,0.4,0.0,0.0,1.0
redisservice2_memory_1625845367,redisservice2,memory,cache,0.5,adaptive_corrupted_anchor,0.2,0.0,0.0,1.0
redisservice2_memory_1625874853,redisservice2,memory,cache,0.5,adaptive_corrupted_anchor,0.6,0.0,1.0,1.0
redisservice2_memory_1625882839,redisservice2,memory,cache,0.5,adaptive_corrupted_anchor,0.2,0.0,0.0,1.0
redisservice2_memory_1625954379,redisservice2,memory,cache,0.5,adaptive_corrupted_anchor,1.0,1.0,1.0,1.0
redisservice2_memory_1625985172,redisservice2,memory,cache,0.5,adaptive_corrupted_anchor,0.8,0.0,1.0,1.0
redisservice2_memory_1626048164,redisservice2,memory,cache,0.5,adaptive_corrupted_anchor,0.2,0.0,0.0,1.0
redisservice2_memory_1626074288,redisservice2,memory,cache,0.5,adaptive_corrupted_anchor,1.0,1.0,1.0,1.0
redisservice2_memory_1626096553,redisservice2,memory,cache,0.5,adaptive_corrupted_anchor,0.8,0.0,1.0,1.0
redisservice2_memory_1626127643,redisservice2,memory,cache,0.5,adaptive_corrupted_anchor,1.0,1.0,1.0,1.0
redisservice2_memory_1626131951,redisservice2,memory,cache,0.5,adaptive_corrupted_anchor,1.0,1.0,1.0,1.0
redisservice2_memory_1626178417,redisservice2,memory,cache,0.5,adaptive_corrupted_anchor,0.2,0.0,0.0,1.0
redisservice2_memory_1626247718,redisservice2,memory,cache,0.5,adaptive_corrupted_anchor,1.0,1.0,1.0,1.0
redisservice2_memory_1626307296,redisservice2,memory,cache,0.5,adaptive_corrupted_anchor,0.2,0.0,0.0,1.0
redisservice2_memory_1626319731,redisservice2,memory,cache,0.5,adaptive_corrupted_anchor,0.6,0.0,1.0,1.0
redisservice2_memory_1626375654,redisservice2,memory,cache,0.5,adaptive_corrupted_anchor,0.8,0.0,1.0,1.0
redisservice2_memory_1626410429,redisservice2,memory,cache,0.5,adaptive_corrupted_anchor,0.6,0.0,1.0,1.0
redisservice2_memory_1626496139,redisservice2,memory,cache,0.5,adaptive_corrupted_anchor,0.4,0.0,0.0,1.0
redisservice2_memory_1626741618,redisservice2,memory,cache,0.5,adaptive_corrupted_anchor,1.0,1.0,1.0,1.0
redisservice2_memory_1626765949,redisservice2,memory,cache,0.5,adaptive_corrupted_anchor,1.0,1.0,1.0,1.0
redisservice2_memory_1626783759,redisservice2,memory,cache,0.5,adaptive_corrupted_anchor,0.8,0.0,1.0,1.0
redisservice2_memory_1626847510,redisservice2,memory,cache,0.5,adaptive_corrupted_anchor,0.4,0.0,0.0,1.0
redisservice2_memory_1626861594,redisservice2,memory,cache,0.5,adaptive_corrupted_anchor,0.8,0.0,1.0,1.0
redisservice2_memory_1626934034,redisservice2,memory,cache,0.5,adaptive_corrupted_anchor,0.2,0.0,0.0,1.0
redisservice2_memory_1627016217,redisservice2,memory,cache,0.5,adaptive_corrupted_anchor,0.6,0.0,1.0,1.0
redisservice2_memory_1627022600,redisservice2,memory,cache,0.5,adaptive_corrupted_anchor,0.2,0.0,0.0,1.0
redisservice2_memory_1627063787,redisservice2,memory,cache,0.5,adaptive_corrupted_anchor,0.2,0.0,0.0,1.0
redisservice2_memory_1627072253,redisservice2,memory,cache,0.5,adaptive_corrupted_anchor,0.4,0.0,0.0,1.0
redisservice2_memory_1627115108,redisservice2,memory,cache,0.5,adaptive_corrupted_anchor,1.0,1.0,1.0,1.0
redisservice2_memory_1627140541,redisservice2,memory,cache,0.5,adaptive_corrupted_anchor,0.8,0.0,1.0,1.0
redisservice2_memory_1627269946,redisservice2,memory,cache,0.5,adaptive_corrupted_anchor,0.4,0.0,0.0,1.0
redisservice2_memory_1627293263,redisservice2,memory,cache,0.5,adaptive_corrupted_anchor,0.2,0.0,0.0,1.0
redisservice2_memory_1627386167,redisservice2,memory,cache,0.5,adaptive_corrupted_anchor,1.0,1.0,1.0,1.0
redisservice2_memory_1627409250,redisservice2,memory,cache,0.5,adaptive_corrupted_anchor,0.2,0.0,0.0,1.0
redisservice2_memory_1627454973,redisservice2,memory,cache,0.5,adaptive_corrupted_anchor,1.0,1.0,1.0,1.0
redisservice2_memory_1627585056,redisservice2,memory,cache,0.5,adaptive_corrupted_anchor,0.4,0.0,0.0,1.0
redisservice2_memory_1627613855,redisservice2,memory,cache,0.5,adaptive_corrupted_anchor,0.4,0.0,0.0,1.0
redisservice2_memory_1627629714,redisservice2,memory,cache,0.5,adaptive_corrupted_anchor,0.8,0.0,1.0,1.0
redisservice2_memory_1627738678,redisservice2,memory,cache,0.5,adaptive_corrupted_anchor,0.4,0.0,0.0,1.0
redisservice2_memory_1627745580,redisservice2,memory,cache,0.5,adaptive_corrupted_anchor,0.6,0.0,1.0,1.0
redisservice2_memory_1627748697,redisservice2,memory,cache,0.5,adaptive_corrupted_anchor,1.0,1.0,1.0,1.0
webservice1_cpu_1627724616,webservice1,cpu,web,0.5,adaptive_corrupted_anchor,0.4,0.0,0.0,1.0
webservice1_errno111_1626750601,webservice1,errno111,web,0.5,adaptive_corrupted_anchor,0.8,0.0,1.0,1.0
webservice1_errno111_1626750732,webservice1,errno111,web,0.5,adaptive_corrupted_anchor,0.8,0.0,1.0,1.0
webservice1_file_move_1625256600,webservice1,file_move,web,0.5,adaptive_corrupted_anchor,1.0,1.0,1.0,1.0
webservice1_file_move_1625371800,webservice1,file_move,web,0.5,adaptive_corrupted_anchor,1.0,1.0,1.0,1.0
webservice1_file_move_1625400601,webservice1,file_move,web,0.5,adaptive_corrupted_anchor,1.0,1.0,1.0,1.0
webservice1_file_move_1625631001,webservice1,file_move,web,0.5,adaptive_corrupted_anchor,1.0,1.0,1.0,1.0
webservice1_file_move_1625706600,webservice1,file_move,web,0.5,adaptive_corrupted_anchor,1.0,1.0,1.0,1.0
webservice1_file_move_1625775000,webservice1,file_move,web,0.5,adaptive_corrupted_anchor,0.8,0.0,1.0,1.0
webservice1_file_move_1625890201,webservice1,file_move,web,0.5,adaptive_corrupted_anchor,0.8,0.0,1.0,1.0
webservice1_file_move_1625933400,webservice1,file_move,web,0.5,adaptive_corrupted_anchor,0.8,0.0,1.0,1.0
webservice1_file_move_1626149400,webservice1,file_move,web,0.5,adaptive_corrupted_anchor,0.8,0.0,1.0,1.0
webservice1_file_move_1626264600,webservice1,file_move,web,0.5,adaptive_corrupted_anchor,0.8,0.0,1.0,1.0
webservice1_file_move_1626351000,webservice1,file_move,web,0.5,adaptive_corrupted_anchor,0.8,0.0,1.0,1.0
webservice1_file_move_1626509400,webservice1,file_move,web,0.5,adaptive_corrupted_anchor,1.0,1.0,1.0,1.0
webservice1_file_move_1626797400,webservice1,file_move,web,0.5,adaptive_corrupted_anchor,0.8,0.0,1.0,1.0
webservice1_file_move_1626840600,webservice1,file_move,web,0.5,adaptive_corrupted_anchor,1.0,1.0,1.0,1.0
webservice1_file_move_1626916200,webservice1,file_move,web,0.5,adaptive_corrupted_anchor,1.0,1.0,1.0,1.0
webservice1_file_move_1627114200,webservice1,file_move,web,0.5,adaptive_corrupted_anchor,0.8,0.0,1.0,1.0
webservice1_file_move_1627503000,webservice1,file_move,web,0.5,adaptive_corrupted_anchor,1.0,1.0,1.0,1.0
webservice1_file_move_1627521000,webservice1,file_move,web,0.5,adaptive_corrupted_anchor,1.0,1.0,1.0,1.0
webservice1_file_move_1627531800,webservice1,file_move,web,0.5,adaptive_corrupted_anchor,1.0,1.0,1.0,1.0
webservice1_file_move_1627607400,webservice1,file_move,web,0.5,adaptive_corrupted_anchor,1.0,1.0,1.0,1.0
webservice1_file_move_1627632600,webservice1,file_move,web,0.5,adaptive_corrupted_anchor,1.0,1.0,1.0,1.0
webservice1_file_move_1627661400,webservice1,file_move,web,0.5,adaptive_corrupted_anchor,1.0,1.0,1.0,1.0
webservice1_memory_1625222072,webservice1,memory,web,0.5,adaptive_corrupted_anchor,0.4,0.0,0.0,1.0
webservice1_memory_1625373179,webservice1,memory,web,0.5,adaptive_corrupted_anchor,0.6,0.0,1.0,1.0
webservice1_memory_1625380916,webservice1,memory,web,0.5,adaptive_corrupted_anchor,0.6,0.0,1.0,1.0
webservice1_memory_1625415630,webservice1,memory,web,0.5,adaptive_corrupted_anchor,0.4,0.0,0.0,1.0
webservice1_memory_1625506658,webservice1,memory,web,0.5,adaptive_corrupted_anchor,0.2,0.0,0.0,1.0
webservice1_memory_1625522955,webservice1,memory,web,0.5,adaptive_corrupted_anchor,0.2,0.0,0.0,1.0
webservice1_memory_1625546136,webservice1,memory,web,0.5,adaptive_corrupted_anchor,0.6,0.0,1.0,1.0
webservice1_memory_1625607930,webservice1,memory,web,0.5,adaptive_corrupted_anchor,0.4,0.0,0.0,1.0
webservice1_memory_1625662559,webservice1,memory,web,0.5,adaptive_corrupted_anchor,0.4,0.0,0.0,1.0
webservice1_memory_1625715729,webservice1,memory,web,0.5,adaptive_corrupted_anchor,0.6,0.0,1.0,1.0
webservice1_memory_1625744233,webservice1,memory,web,0.5,adaptive_corrupted_anchor,0.4,0.0,0.0,1.0
webservice1_memory_1625777703,webservice1,memory,web,0.5,adaptive_corrupted_anchor,0.2,0.0,0.0,1.0
webservice1_memory_1625820924,webservice1,memory,web,0.5,adaptive_corrupted_anchor,0.6,0.0,1.0,1.0
webservice1_memory_1625860918,webservice1,memory,web,0.5,adaptive_corrupted_anchor,0.4,0.0,0.0,1.0
webservice1_memory_1625881257,webservice1,memory,web,0.5,adaptive_corrupted_anchor,0.4,0.0,0.0,1.0
webservice1_memory_1625903663,webservice1,memory,web,0.5,adaptive_corrupted_anchor,0.6,0.0,1.0,1.0
webservice1_memory_1625957279,webservice1,memory,web,0.5,adaptive_corrupted_anchor,0.6,0.0,1.0,1.0
webservice1_memory_1625991808,webservice1,memory,web,0.5,adaptive_corrupted_anchor,0.6,0.0,1.0,1.0
webservice1_memory_1626079674,webservice1,memory,web,0.5,adaptive_corrupted_anchor,1.0,1.0,1.0,1.0
webservice1_memory_1626111467,webservice1,memory,web,0.5,adaptive_corrupted_anchor,0.2,0.0,0.0,1.0
webservice1_memory_1626198054,webservice1,memory,web,0.5,adaptive_corrupted_anchor,0.6,0.0,1.0,1.0
webservice1_memory_1626236265,webservice1,memory,web,0.5,adaptive_corrupted_anchor,0.6,0.0,1.0,1.0
webservice1_memory_1626258904,webservice1,memory,web,0.5,adaptive_corrupted_anchor,0.6,0.0,1.0,1.0
webservice1_memory_1626322165,webservice1,memory,web,0.5,adaptive_corrupted_anchor,0.6,0.0,1.0,1.0
webservice1_memory_1626371978,webservice1,memory,web,0.5,adaptive_corrupted_anchor,0.2,0.0,0.0,1.0
webservice1_memory_1626406508,webservice1,memory,web,0.5,adaptive_corrupted_anchor,0.2,0.0,0.0,1.0
webservice1_memory_1626434165,webservice1,memory,web,0.5,adaptive_corrupted_anchor,0.2,0.0,0.0,1.0
webservice1_memory_1626498601,webservice1,memory,web,0.5,adaptive_corrupted_anchor,0.6,0.0,1.0,1.0
webservice1_memory_1626548045,webservice1,memory,web,0.5,adaptive_corrupted_anchor,0.2,0.0,0.0,1.0
webservice1_memory_1626605103,webservice1,memory,web,0.5,adaptive_corrupted_anchor,0.6,0.0,1.0,1.0
webservice1_memory_1626759297,webservice1,memory,web,0.5,adaptive_corrupted_anchor,0.4,0.0,0.0,1.0
webservice1_memory_1626806854,webservice1,memory,web,0.5,adaptive_corrupted_anchor,0.6,0.0,1.0,1.0
webservice1_memory_1626829989,webservice1,memory,web,0.5,adaptive_corrupted_anchor,0.6,0.0,1.0,1.0
webservice1_memory_1626881411,webservice1,memory,web,0.5,adaptive_corrupted_anchor,0.6,0.0,1.0,1.0
webservice1_memory_1626888666,webservice1,memory,web,0.5,adaptive_corrupted_anchor,0.8,0.0,1.0,1.0
webservice1_memory_1626917861,webservice1,memory,web,0.5,adaptive_corrupted_anchor,0.2,0.0,0.0,1.0
webservice1_memory_1626933556,webservice1,memory,web,0.5,adaptive_corrupted_anchor,0.8,0.0,1.0,1.0
webservice1_memory_1626956223,webservice1,memory,web,0.5,adaptive_corrupted_anchor,0.2,0.0,0.0,1.0
webservice1_memory_1626992148,webservice1,memory,web,0.5,adaptive_corrupted_anchor,0.2,0.0,0.0,1.0
webservice1_memory_1627046678,webservice1,memory,web,0.5,adaptive_corrupted_anchor,0.2,0.0,0.0,1.0
webservice1_memory_1627057566,webservice1,memory,web,0.5,adaptive_corrupted_anchor,1.0,1.0,1.0,1.0
webservice1_memory_1627079078,webservice1,memory,web,0.5,adaptive_corrupted_anchor,0.4,0.0,0.0,1.0
webservice1_memory_1627100569,webservice1,memory,web,0.5,adaptive_corrupted_anchor,0.4,0.0,0.0,1.0
webservice1_memory_1627122542,webservice1,memory,web,0.5,adaptive_corrupted_anchor,1.0,1.0,1.0,1.0
webservice1_memory_1627157039,webservice1,memory,web,0.5,adaptive_corrupted_anchor,0.6,0.0,1.0,1.0
webservice1_memory_1627174739,webservice1,memory,web,0.5,adaptive_corrupted_anchor,1.0,1.0,1.0,1.0
webservice1_memory_1627194266,webservice1,memory,web,0.5,adaptive_corrupted_anchor,0.2,0.0,0.0,1.0
webservice1_memory_1627218977,webservice1,memory,web,0.5,adaptive_corrupted_anchor,0.8,0.0,1.0,1.0
webservice1_memory_1627316277,webservice1,memory,web,0.5,adaptive_corrupted_anchor,0.8,0.0,1.0,1.0
webservice1_memory_1627330168,webservice1,memory,web,0.5,adaptive_corrupted_anchor,0.4,0.0,0.0,1.0
webservice1_memory_1627342282,webservice1,memory,web,0.5,adaptive_corrupted_anchor,0.8,0.0,1.0,1.0
webservice1_memory_1627361744,webservice1,memory,web,0.5,adaptive_corrupted_anchor,0.8,0.0,1.0,1.0
webservice1_memory_1627381040,webservice1,memory,web,0.5,adaptive_corrupted_anchor,0.4,0.0,0.0,1.0
webservice1_memory_1627399949,webservice1,memory,web,0.5,adaptive_corrupted_anchor,0.4,0.0,0.0,1.0
webservice1_memory_1627427700,webservice1,memory,web,0.5,adaptive_corrupted_anchor,0.4,0.0,0.0,1.0
webservice1_memory_1627539698,webservice1,memory,web,0.5,adaptive_corrupted_anchor,1.0,1.0,1.0,1.0
webservice1_memory_1627672100,webservice1,memory,web,0.5,adaptive_corrupted_anchor,0.6,0.0,1.0,1.0
webservice1_memory_1627708025,webservice1,memory,web,0.5,adaptive_corrupted_anchor,0.2,0.0,0.0,1.0
webservice1_memory_1627724870,webservice1,memory,web,0.5,adaptive_corrupted_anchor,1.0,1.0,1.0,1.0
webservice1_memory_1627750701,webservice1,memory,web,0.5,adaptive_corrupted_anchor,0.6,0.0,1.0,1.0
webservice2_cpu_1627270294,webservice2,cpu,web,0.5,adaptive_corrupted_anchor,0.8,0.0,1.0,1.0
webservice2_errno111_1626750601,webservice2,errno111,web,0.5,adaptive_corrupted_anchor,0.6,0.0,1.0,1.0
webservice2_errno111_1626750706,webservice2,errno111,web,0.5,adaptive_corrupted_anchor,0.4,0.0,0.0,1.0
webservice2_file_move_1625361000,webservice2,file_move,web,0.5,adaptive_corrupted_anchor,1.0,1.0,1.0,1.0
webservice2_file_move_1625386200,webservice2,file_move,web,0.5,adaptive_corrupted_anchor,0.8,0.0,1.0,1.0
webservice2_file_move_1625501400,webservice2,file_move,web,0.5,adaptive_corrupted_anchor,1.0,1.0,1.0,1.0
webservice2_file_move_1625559000,webservice2,file_move,web,0.5,adaptive_corrupted_anchor,0.2,0.0,0.0,1.0
webservice2_file_move_1625587800,webservice2,file_move,web,0.5,adaptive_corrupted_anchor,0.6,0.0,1.0,1.0
webservice2_file_move_1625793000,webservice2,file_move,web,0.5,adaptive_corrupted_anchor,1.0,1.0,1.0,1.0
webservice2_file_move_1626163800,webservice2,file_move,web,0.5,adaptive_corrupted_anchor,1.0,1.0,1.0,1.0
webservice2_file_move_1626264600,webservice2,file_move,web,0.5,adaptive_corrupted_anchor,0.8,0.0,1.0,1.0
webservice2_file_move_1626869400,webservice2,file_move,web,0.5,adaptive_corrupted_anchor,0.8,0.0,1.0,1.0
webservice2_file_move_1626883800,webservice2,file_move,web,0.5,adaptive_corrupted_anchor,0.8,0.0,1.0,1.0
webservice2_file_move_1626927000,webservice2,file_move,web,0.5,adaptive_corrupted_anchor,1.0,1.0,1.0,1.0
webservice2_file_move_1626955800,webservice2,file_move,web,0.5,adaptive_corrupted_anchor,0.8,0.0,1.0,1.0
webservice2_file_move_1627071001,webservice2,file_move,web,0.5,adaptive_corrupted_anchor,0.8,0.0,1.0,1.0
webservice2_file_move_1627089000,webservice2,file_move,web,0.5,adaptive_corrupted_anchor,0.6,0.0,1.0,1.0
webservice2_file_move_1627215000,webservice2,file_move,web,0.5,adaptive_corrupted_anchor,0.8,0.0,1.0,1.0
webservice2_file_move_1627488601,webservice2,file_move,web,0.5,adaptive_corrupted_anchor,0.4,0.0,0.0,1.0
webservice2_file_move_1627503000,webservice2,file_move,web,0.5,adaptive_corrupted_anchor,1.0,1.0,1.0,1.0
webservice2_file_move_1627575000,webservice2,file_move,web,0.5,adaptive_corrupted_anchor,1.0,1.0,1.0,1.0
webservice2_file_move_1627607400,webservice2,file_move,web,0.5,adaptive_corrupted_anchor,1.0,1.0,1.0,1.0
webservice2_file_move_1627632600,webservice2,file_move,web,0.5,adaptive_corrupted_anchor,1.0,1.0,1.0,1.0
webservice2_file_move_1627704600,webservice2,file_move,web,0.5,adaptive_corrupted_anchor,1.0,1.0,1.0,1.0
webservice2_memory_1625138212,webservice2,memory,web,0.5,adaptive_corrupted_anchor,0.2,0.0,0.0,1.0
webservice2_memory_1625154530,webservice2,memory,web,0.5,adaptive_corrupted_anchor,0.2,0.0,0.0,1.0
webservice2_memory_1625212312,webservice2,memory,web,0.5,adaptive_corrupted_anchor,0.4,0.0,0.0,1.0
webservice2_memory_1625325487,webservice2,memory,web,0.5,adaptive_corrupted_anchor,0.6,0.0,1.0,1.0
webservice2_memory_1625367620,webservice2,memory,web,0.5,adaptive_corrupted_anchor,0.6,0.0,1.0,1.0
webservice2_memory_1625381030,webservice2,memory,web,0.5,adaptive_corrupted_anchor,0.8,0.0,1.0,1.0
webservice2_memory_1625418006,webservice2,memory,web,0.5,adaptive_corrupted_anchor,0.8,0.0,1.0,1.0
webservice2_memory_1625424557,webservice2,memory,web,0.5,adaptive_corrupted_anchor,0.8,0.0,1.0,1.0
webservice2_memory_1625614232,webservice2,memory,web,0.5,adaptive_corrupted_anchor,1.0,1.0,1.0,1.0
webservice2_memory_1625649699,webservice2,memory,web,0.5,adaptive_corrupted_anchor,0.2,0.0,0.0,1.0
webservice2_memory_1625734162,webservice2,memory,web,0.5,adaptive_corrupted_anchor,0.8,0.0,1.0,1.0
webservice2_memory_1625744497,webservice2,memory,web,0.5,adaptive_corrupted_anchor,0.6,0.0,1.0,1.0
webservice2_memory_1625747511,webservice2,memory,web,0.5,adaptive_corrupted_anchor,1.0,1.0,1.0,1.0
webservice2_memory_1625777099,webservice2,memory,web,0.5,adaptive_corrupted_anchor,1.0,1.0,1.0,1.0
webservice2_memory_1625806048,webservice2,memory,web,0.5,adaptive_corrupted_anchor,0.4,0.0,0.0,1.0
webservice2_memory_1625856842,webservice2,memory,web,0.5,adaptive_corrupted_anchor,0.8,0.0,1.0,1.0
webservice2_memory_1625890558,webservice2,memory,web,0.5,adaptive_corrupted_anchor,0.6,0.0,1.0,1.0
webservice2_memory_1625896703,webservice2,memory,web,0.5,adaptive_corrupted_anchor,1.0,1.0,1.0,1.0
webservice2_memory_1626003242,webservice2,memory,web,0.5,adaptive_corrupted_anchor,0.4,0.0,0.0,1.0
webservice2_memory_1626007446,webservice2,memory,web,0.5,adaptive_corrupted_anchor,0.6,0.0,1.0,1.0
webservice2_memory_1626018521,webservice2,memory,web,0.5,adaptive_corrupted_anchor,0.2,0.0,0.0,1.0
webservice2_memory_1626030740,webservice2,memory,web,0.5,adaptive_corrupted_anchor,0.4,0.0,0.0,1.0
webservice2_memory_1626052978,webservice2,memory,web,0.5,adaptive_corrupted_anchor,0.8,0.0,1.0,1.0
webservice2_memory_1626097343,webservice2,memory,web,0.5,adaptive_corrupted_anchor,0.6,0.0,1.0,1.0
webservice2_memory_1626104516,webservice2,memory,web,0.5,adaptive_corrupted_anchor,0.8,0.0,1.0,1.0
webservice2_memory_1626204647,webservice2,memory,web,0.5,adaptive_corrupted_anchor,0.4,0.0,0.0,1.0
webservice2_memory_1626267308,webservice2,memory,web,0.5,adaptive_corrupted_anchor,0.2,0.0,0.0,1.0
webservice2_memory_1626284568,webservice2,memory,web,0.5,adaptive_corrupted_anchor,0.6,0.0,1.0,1.0
webservice2_memory_1626288105,webservice2,memory,web,0.5,adaptive_corrupted_anchor,0.8,0.0,1.0,1.0
webservice2_memory_1626314797,webservice2,memory,web,0.5,adaptive_corrupted_anchor,0.4,0.0,0.0,1.0
webservice2_memory_1626374035,webservice2,memory,web,0.5,adaptive_corrupted_anchor,0.2,0.0,0.0,1.0
webservice2_memory_1626417018,webservice2,memory,web,0.5,adaptive_corrupted_anchor,0.6,0.0,1.0,1.0
webservice2_memory_1626427252,webservice2,memory,web,0.5,adaptive_corrupted_anchor,0.4,0.0,0.0,1.0
webservice2_memory_1626506288,webservice2,memory,web,0.5,adaptive_corrupted_anchor,0.8,0.0,1.0,1.0
webservice2_memory_1626525063,webservice2,memory,web,0.5,adaptive_corrupted_anchor,1.0,1.0,1.0,1.0
webservice2_memory_1626589456,webservice2,memory,web,0.5,adaptive_corrupted_anchor,0.4,0.0,0.0,1.0
webservice2_memory_1626787776,webservice2,memory,web,0.5,adaptive_corrupted_anchor,0.8,0.0,1.0,1.0
webservice2_memory_1626817432,webservice2,memory,web,0.5,adaptive_corrupted_anchor,0.4,0.0,0.0,1.0
webservice2_memory_1626850836,webservice2,memory,web,0.5,adaptive_corrupted_anchor,0.4,0.0,0.0,1.0
webservice2_memory_1626869243,webservice2,memory,web,0.5,adaptive_corrupted_anchor,0.8,0.0,1.0,1.0
webservice2_memory_1626905392,webservice2,memory,web,0.5,adaptive_corrupted_anchor,0.4,0.0,0.0,1.0
webservice2_memory_1626939504,webservice2,memory,web,0.5,adaptive_corrupted_anchor,0.4,0.0,0.0,1.0
webservice2_memory_1627032836,webservice2,memory,web,0.5,adaptive_corrupted_anchor,0.2,0.0,0.0,1.0
webservice2_memory_1627085325,webservice2,memory,web,0.5,adaptive_corrupted_anchor,0.6,0.0,1.0,1.0
webservice2_memory_1627091294,webservice2,memory,web,0.5,adaptive_corrupted_anchor,0.4,0.0,0.0,1.0
webservice2_memory_1627100690,webservice2,memory,web,0.5,adaptive_corrupted_anchor,0.4,0.0,0.0,1.0
webservice2_memory_1627119052,webservice2,memory,web,0.5,adaptive_corrupted_anchor,0.4,0.0,0.0,1.0
webservice2_memory_1627196935,webservice2,memory,web,0.5,adaptive_corrupted_anchor,0.2,0.0,0.0,1.0
webservice2_memory_1627217059,webservice2,memory,web,0.5,adaptive_corrupted_anchor,0.8,0.0,1.0,1.0
webservice2_memory_1627286385,webservice2,memory,web,0.5,adaptive_corrupted_anchor,0.2,0.0,0.0,1.0
webservice2_memory_1627323573,webservice2,memory,web,0.5,adaptive_corrupted_anchor,0.6,0.0,1.0,1.0
webservice2_memory_1627354358,webservice2,memory,web,0.5,adaptive_corrupted_anchor,0.2,0.0,0.0,1.0
webservice2_memory_1627372277,webservice2,memory,web,0.5,adaptive_corrupted_anchor,0.4,0.0,0.0,1.0
webservice2_memory_1627423928,webservice2,memory,web,0.5,adaptive_corrupted_anchor,0.6,0.0,1.0,1.0
webservice2_memory_1627432266,webservice2,memory,web,0.5,adaptive_corrupted_anchor,0.8,0.0,1.0,1.0
webservice2_memory_1627459375,webservice2,memory,web,0.5,adaptive_corrupted_anchor,1.0,1.0,1.0,1.0
webservice2_memory_1627485396,webservice2,memory,web,0.5,adaptive_corrupted_anchor,0.4,0.0,0.0,1.0
webservice2_memory_1627546421,webservice2,memory,web,0.5,adaptive_corrupted_anchor,1.0,1.0,1.0,1.0
webservice2_memory_1627570264,webservice2,memory,web,0.5,adaptive_corrupted_anchor,1.0,1.0,1.0,1.0
webservice2_memory_1627718583,webservice2,memory,web,0.5,adaptive_corrupted_anchor,0.2,0.0,0.0,1.0
webservice2_memory_1627731038,webservice2,memory,web,0.5,adaptive_corrupted_anchor,0.4,0.0,0.0,1.0
webservice2_memory_1627742508,webservice2,memory,web,0.5,adaptive_corrupted_anchor,0.6,0.0,1.0,1.0
webservice2_memory_1627752181,webservice2,memory,web,0.5,adaptive_corrupted_anchor,1.0,1.0,1.0,1.0
dbservice1_cpu_1627429585,dbservice1,cpu,database,0.5,anchored_random_rest,0.8800000000000001,0.4,1.0,1.0
dbservice1_cpu_1627464819,dbservice1,cpu,database,0.5,anchored_random_rest,0.8400000000000001,0.4,1.0,1.0
dbservice1_cpu_1627475651,dbservice1,cpu,database,0.5,anchored_random_rest,0.6,0.0,0.8,1.0
dbservice1_cpu_1627486293,dbservice1,cpu,database,0.5,anchored_random_rest,0.2,0.0,0.0,1.0
dbservice1_cpu_1627509699,dbservice1,cpu,database,0.5,anchored_random_rest,0.8800000000000001,0.4,1.0,1.0
dbservice1_cpu_1627529324,dbservice1,cpu,database,0.5,anchored_random_rest,0.8400000000000001,0.4,1.0,1.0
dbservice1_cpu_1627572876,dbservice1,cpu,database,0.5,anchored_random_rest,0.8400000000000001,0.4,1.0,1.0
dbservice1_cpu_1627703827,dbservice1,cpu,database,0.5,anchored_random_rest,1.0,1.0,1.0,1.0
dbservice1_errno111_1626750606,dbservice1,errno111,database,0.5,anchored_random_rest,0.76,0.2,1.0,1.0
dbservice1_errno111_1626750701,dbservice1,errno111,database,0.5,anchored_random_rest,0.8,0.6,0.8,1.0
dbservice1_memory_1625140467,dbservice1,memory,database,0.5,anchored_random_rest,0.8,0.2,1.0,1.0
dbservice1_memory_1625178785,dbservice1,memory,database,0.5,anchored_random_rest,0.72,0.2,0.8,1.0
dbservice1_memory_1625188889,dbservice1,memory,database,0.5,anchored_random_rest,0.32,0.0,0.2,1.0
dbservice1_memory_1625231603,dbservice1,memory,database,0.5,anchored_random_rest,0.8400000000000001,0.4,1.0,1.0
dbservice1_memory_1625243441,dbservice1,memory,database,0.5,anchored_random_rest,0.9199999999999999,0.6,1.0,1.0
dbservice1_memory_1625384013,dbservice1,memory,database,0.5,anchored_random_rest,0.8400000000000001,0.4,1.0,1.0
dbservice1_memory_1625411468,dbservice1,memory,database,0.5,anchored_random_rest,1.0,1.0,1.0,1.0
dbservice1_memory_1625418705,dbservice1,memory,database,0.5,anchored_random_rest,0.9199999999999999,0.6,1.0,1.0
dbservice1_memory_1625578885,dbservice1,memory,database,0.5,anchored_random_rest,0.36,0.0,0.2,1.0
dbservice1_memory_1625582957,dbservice1,memory,database,0.5,anchored_random_rest,0.5599999999999999,0.0,0.6,1.0
dbservice1_memory_1625637896,dbservice1,memory,database,0.5,anchored_random_rest,0.8,0.2,1.0,1.0
dbservice1_memory_1625671282,dbservice1,memory,database,0.5,anchored_random_rest,0.52,0.0,0.8,1.0
dbservice1_memory_1625675230,dbservice1,memory,database,0.5,anchored_random_rest,0.8,0.6,0.8,1.0
dbservice1_memory_1625679820,dbservice1,memory,database,0.5,anchored_random_rest,0.32,0.0,0.2,1.0
dbservice1_memory_1625768540,dbservice1,memory,database,0.5,anchored_random_rest,0.44000000000000006,0.0,0.2,1.0
dbservice1_memory_1625849028,dbservice1,memory,database,0.5,anchored_random_rest,0.8400000000000001,0.2,1.0,1.0
dbservice1_memory_1625863841,dbservice1,memory,database,0.5,anchored_random_rest,0.68,0.0,0.8,1.0
dbservice1_memory_1625867158,dbservice1,memory,database,0.5,anchored_random_rest,0.6,0.2,0.6,1.0
dbservice1_memory_1625870624,dbservice1,memory,database,0.5,anchored_random_rest,0.6799999999999999,0.2,0.8,1.0
dbservice1_memory_1625909033,dbservice1,memory,database,0.5,anchored_random_rest,0.76,0.2,1.0,1.0
dbservice1_memory_1625914032,dbservice1,memory,database,0.5,anchored_random_rest,0.48,0.2,0.4,1.0
dbservice1_memory_1625964302,dbservice1,memory,database,0.5,anchored_random_rest,0.5599999999999999,0.2,0.6,1.0
dbservice1_memory_1626032238,dbservice1,memory,database,0.5,anchored_random_rest,0.4,0.0,0.4,1.0
dbservice1_memory_1626113371,dbservice1,memory,database,0.5,anchored_random_rest,0.4,0.0,0.4,1.0
dbservice1_memory_1626178789,dbservice1,memory,database,0.5,anchored_random_rest,0.52,0.0,0.6,1.0
dbservice1_memory_1626195234,dbservice1,memory,database,0.5,anchored_random_rest,0.32,0.0,0.2,1.0
dbservice1_memory_1626266259,dbservice1,memory,database,0.5,anchored_random_rest,0.9199999999999999,0.8,1.0,1.0
dbservice1_memory_1626306060,dbservice1,memory,database,0.5,anchored_random_rest,0.48,0.0,0.6,1.0
dbservice1_memory_1626338404,dbservice1,memory,database,0.5,anchored_random_rest,0.4800000000000001,0.0,0.4,1.0
dbservice1_memory_1626343595,dbservice1,memory,database,0.5,anchored_random_rest,0.44000000000000006,0.0,0.4,1.0
dbservice1_memory_1626393113,dbservice1,memory,database,0.5,anchored_random_rest,1.0,1.0,1.0,1.0
dbservice1_memory_1626409893,dbservice1,memory,database,0.5,anchored_random_rest,0.52,0.0,0.6,1.0
dbservice1_memory_1626425140,dbservice1,memory,database,0.5,anchored_random_rest,0.68,0.4,0.6,1.0
dbservice1_memory_1626473914,dbservice1,memory,database,0.5,anchored_random_rest,1.0,1.0,1.0,1.0
dbservice1_memory_1626511514,dbservice1,memory,database,0.5,anchored_random_rest,1.0,1.0,1.0,1.0
dbservice1_memory_1626540721,dbservice1,memory,database,0.5,anchored_random_rest,0.52,0.0,0.4,1.0
dbservice1_memory_1626552538,dbservice1,memory,database,0.5,anchored_random_rest,0.52,0.2,0.4,1.0
dbservice1_memory_1626598508,dbservice1,memory,database,0.5,anchored_random_rest,0.48,0.2,0.4,1.0
dbservice1_memory_1626773615,dbservice1,memory,database,0.5,anchored_random_rest,0.8800000000000001,0.4,1.0,1.0
dbservice1_memory_1626788281,dbservice1,memory,database,0.5,anchored_random_rest,0.52,0.2,0.4,1.0
dbservice1_memory_1626845470,dbservice1,memory,database,0.5,anchored_random_rest,0.96,0.8,1.0,1.0
dbservice1_memory_1626858109,dbservice1,memory,database,0.5,anchored_random_rest,0.4800000000000001,0.0,0.2,1.0
dbservice1_memory_1626912896,dbservice1,memory,database,0.5,anchored_random_rest,0.8800000000000001,0.4,1.0,1.0
dbservice1_memory_1626939313,dbservice1,memory,database,0.5,anchored_random_rest,0.48,0.0,0.6,1.0
dbservice1_memory_1627046902,dbservice1,memory,database,0.5,anchored_random_rest,0.68,0.0,0.8,1.0
dbservice1_memory_1627098214,dbservice1,memory,database,0.5,anchored_random_rest,0.5599999999999999,0.0,0.6,1.0
dbservice1_memory_1627104046,dbservice1,memory,database,0.5,anchored_random_rest,0.44000000000000006,0.0,0.4,1.0
dbservice1_memory_1627119644,dbservice1,memory,database,0.5,anchored_random_rest,0.8,0.6,0.8,1.0
dbservice1_memory_1627157147,dbservice1,memory,database,0.5,anchored_random_rest,0.32,0.0,0.2,1.0
dbservice1_memory_1627223200,dbservice1,memory,database,0.5,anchored_random_rest,0.32,0.0,0.0,1.0
dbservice1_memory_1627237577,dbservice1,memory,database,0.5,anchored_random_rest,0.96,0.8,1.0,1.0
dbservice1_memory_1627255258,dbservice1,memory,database,0.5,anchored_random_rest,0.6,0.0,0.6,1.0
dbservice1_memory_1627268672,dbservice1,memory,database,0.5,anchored_random_rest,0.8,0.4,1.0,1.0
dbservice1_memory_1627272293,dbservice1,memory,database,0.5,anchored_random_rest,0.72,0.2,0.8,1.0
dbservice1_memory_1627283279,dbservice1,memory,database,0.5,anchored_random_rest,0.5199999999999999,0.0,0.8,1.0
dbservice1_memory_1627288593,dbservice1,memory,database,0.5,anchored_random_rest,0.9199999999999999,0.6,1.0,1.0
dbservice1_memory_1627297432,dbservice1,memory,database,0.5,anchored_random_rest,0.48,0.0,0.4,1.0
dbservice1_memory_1627316827,dbservice1,memory,database,0.5,anchored_random_rest,0.44000000000000006,0.2,0.4,1.0
dbservice1_memory_1627373850,dbservice1,memory,database,0.5,anchored_random_rest,0.8,0.4,1.0,1.0
dbservice1_memory_1627386311,dbservice1,memory,database,0.5,anchored_random_rest,0.6,0.0,0.8,1.0
dbservice1_memory_1627400139,dbservice1,memory,database,0.5,anchored_random_rest,0.9199999999999999,0.6,1.0,1.0
dbservice1_memory_1627432587,dbservice1,memory,database,0.5,anchored_random_rest,0.68,0.0,0.8,1.0
dbservice1_memory_1627477200,dbservice1,memory,database,0.5,anchored_random_rest,0.52,0.0,0.6,1.0
dbservice1_memory_1627502421,dbservice1,memory,database,0.5,anchored_random_rest,0.5599999999999999,0.2,0.4,1.0
dbservice1_memory_1627682718,dbservice1,memory,database,0.5,anchored_random_rest,0.52,0.0,0.6,1.0
dbservice1_memory_1627702626,dbservice1,memory,database,0.5,anchored_random_rest,0.2,0.0,0.0,1.0
dbservice1_memory_1627773523,dbservice1,memory,database,0.5,anchored_random_rest,0.44000000000000006,0.0,0.2,1.0
dbservice2_errno111_1626750601,dbservice2,errno111,database,0.5,anchored_random_rest,0.68,0.0,0.8,1.0
dbservice2_errno111_1626750797,dbservice2,errno111,database,0.5,anchored_random_rest,0.48,0.0,0.4,1.0
dbservice2_memory_1625144096,dbservice2,memory,database,0.5,anchored_random_rest,0.6,0.0,0.8,1.0
dbservice2_memory_1625152223,dbservice2,memory,database,0.5,anchored_random_rest,0.8,0.4,1.0,1.0
dbservice2_memory_1625193002,dbservice2,memory,database,0.5,anchored_random_rest,0.72,0.2,0.8,1.0
dbservice2_memory_1625257548,dbservice2,memory,database,0.5,anchored_random_rest,0.72,0.0,1.0,1.0
dbservice2_memory_1625269953,dbservice2,memory,database,0.5,anchored_random_rest,0.4,0.0,0.4,1.0
dbservice2_memory_1625356783,dbservice2,memory,database,0.5,anchored_random_rest,0.36,0.0,0.2,1.0
dbservice2_memory_1625363058,dbservice2,memory,database,0.5,anchored_random_rest,0.24000000000000005,0.0,0.0,1.0
dbservice2_memory_1625459089,dbservice2,memory,database,0.5,anchored_random_rest,0.4,0.0,0.4,1.0
dbservice2_memory_1625463515,dbservice2,memory,database,0.5,anchored_random_rest,0.48,0.2,0.2,1.0
dbservice2_memory_1625564139,dbservice2,memory,database,0.5,anchored_random_rest,0.96,0.8,1.0,1.0
dbservice2_memory_1625579430,dbservice2,memory,database,0.5,anchored_random_rest,0.8,0.2,1.0,1.0
dbservice2_memory_1625587157,dbservice2,memory,database,0.5,anchored_random_rest,0.64,0.0,0.8,1.0
dbservice2_memory_1625634388,dbservice2,memory,database,0.5,anchored_random_rest,0.48,0.2,0.4,1.0
dbservice2_memory_1625656892,dbservice2,memory,database,0.5,anchored_random_rest,0.64,0.0,1.0,1.0
dbservice2_memory_1625669580,dbservice2,memory,database,0.5,anchored_random_rest,0.8,0.2,1.0,1.0
dbservice2_memory_1625704892,dbservice2,memory,database,0.5,anchored_random_rest,0.4,0.0,0.2,1.0
dbservice2_memory_1625711897,dbservice2,memory,database,0.5,anchored_random_rest,0.68,0.0,0.8,1.0
dbservice2_memory_1625720058,dbservice2,memory,database,0.5,anchored_random_rest,0.72,0.2,1.0,1.0
dbservice2_memory_1625780540,dbservice2,memory,database,0.5,anchored_random_rest,0.5599999999999999,0.0,0.6,1.0
dbservice2_memory_1625944726,dbservice2,memory,database,0.5,anchored_random_rest,0.8800000000000001,0.6,1.0,1.0
dbservice2_memory_1625953237,dbservice2,memory,database,0.5,anchored_random_rest,0.56,0.0,0.6,1.0
dbservice2_memory_1625981739,dbservice2,memory,database,0.5,anchored_random_rest,0.52,0.0,0.4,1.0
dbservice2_memory_1625988716,dbservice2,memory,database,0.5,anchored_random_rest,0.5599999999999999,0.0,0.6,1.0
dbservice2_memory_1626043439,dbservice2,memory,database,0.5,anchored_random_rest,0.32,0.0,0.2,1.0
dbservice2_memory_1626053581,dbservice2,memory,database,0.5,anchored_random_rest,0.8800000000000001,0.6,1.0,1.0
dbservice2_memory_1626066255,dbservice2,memory,database,0.5,anchored_random_rest,0.72,0.4,0.8,1.0
dbservice2_memory_1626095808,dbservice2,memory,database,0.5,anchored_random_rest,0.96,0.8,1.0,1.0
dbservice2_memory_1626127184,dbservice2,memory,database,0.5,anchored_random_rest,0.52,0.0,0.6,1.0
dbservice2_memory_1626130474,dbservice2,memory,database,0.5,anchored_random_rest,0.5599999999999999,0.0,0.6,1.0
dbservice2_memory_1626157165,dbservice2,memory,database,0.5,anchored_random_rest,1.0,1.0,1.0,1.0
dbservice2_memory_1626243122,dbservice2,memory,database,0.5,anchored_random_rest,0.64,0.0,0.8,1.0
dbservice2_memory_1626298216,dbservice2,memory,database,0.5,anchored_random_rest,0.52,0.0,0.4,1.0
dbservice2_memory_1626317541,dbservice2,memory,database,0.5,anchored_random_rest,0.27999999999999997,0.0,0.2,1.0
dbservice2_memory_1626325390,dbservice2,memory,database,0.5,anchored_random_rest,0.28,0.0,0.0,1.0
dbservice2_memory_1626334718,dbservice2,memory,database,0.5,anchored_random_rest,0.96,0.8,1.0,1.0
dbservice2_memory_1626367699,dbservice2,memory,database,0.5,anchored_random_rest,0.56,0.0,0.4,1.0
dbservice2_memory_1626372232,dbservice2,memory,database,0.5,anchored_random_rest,0.4800000000000001,0.2,0.2,1.0
dbservice2_memory_1626415344,dbservice2,memory,database,0.5,anchored_random_rest,0.4800000000000001,0.2,0.2,1.0
dbservice2_memory_1626419131,dbservice2,memory,database,0.5,anchored_random_rest,0.48,0.0,0.4,1.0
dbservice2_memory_1626430015,dbservice2,memory,database,0.5,anchored_random_rest,1.0,1.0,1.0,1.0
dbservice2_memory_1626442568,dbservice2,memory,database,0.5,anchored_random_rest,0.8800000000000001,0.4,1.0,1.0
dbservice2_memory_1626459595,dbservice2,memory,database,0.5,anchored_random_rest,0.6799999999999999,0.4,0.6,1.0
dbservice2_memory_1626497813,dbservice2,memory,database,0.5,anchored_random_rest,0.56,0.2,0.6,1.0
dbservice2_memory_1626585941,dbservice2,memory,database,0.5,anchored_random_rest,0.4,0.0,0.4,1.0
dbservice2_memory_1626602315,dbservice2,memory,database,0.5,anchored_random_rest,0.68,0.0,0.8,1.0
dbservice2_memory_1626607598,dbservice2,memory,database,0.5,anchored_random_rest,0.28,0.0,0.0,1.0
dbservice2_memory_1626647915,dbservice2,memory,database,0.5,anchored_random_rest,0.8,0.6,0.8,1.0
dbservice2_memory_1626651683,dbservice2,memory,database,0.5,anchored_random_rest,0.56,0.2,0.4,1.0
dbservice2_memory_1626750100,dbservice2,memory,database,0.5,anchored_random_rest,0.8800000000000001,0.6,1.0,1.0
dbservice2_memory_1626760761,dbservice2,memory,database,0.5,anchored_random_rest,1.0,1.0,1.0,1.0
dbservice2_memory_1626764016,dbservice2,memory,database,0.5,anchored_random_rest,0.44000000000000006,0.0,0.4,1.0
dbservice2_memory_1626790578,dbservice2,memory,database,0.5,anchored_random_rest,1.0,1.0,1.0,1.0
dbservice2_memory_1626799339,dbservice2,memory,database,0.5,anchored_random_rest,0.9199999999999999,0.6,1.0,1.0
dbservice2_memory_1626818990,dbservice2,memory,database,0.5,anchored_random_rest,0.72,0.4,0.8,1.0
dbservice2_memory_1626839958,dbservice2,memory,database,0.5,anchored_random_rest,0.8400000000000001,0.8,0.8,1.0
dbservice2_memory_1626876599,dbservice2,memory,database,0.5,anchored_random_rest,0.52,0.0,0.4,1.0
dbservice2_memory_1626886884,dbservice2,memory,database,0.5,anchored_random_rest,0.68,0.2,0.6,1.0
dbservice2_memory_1626890594,dbservice2,memory,database,0.5,anchored_random_rest,0.4,0.0,0.4,1.0
dbservice2_memory_1626962039,dbservice2,memory,database,0.5,anchored_random_rest,0.4800000000000001,0.0,0.4,1.0
dbservice2_memory_1626969117,dbservice2,memory,database,0.5,anchored_random_rest,0.76,0.2,0.8,1.0
dbservice2_memory_1627002602,dbservice2,memory,database,0.5,anchored_random_rest,0.64,0.2,0.6,1.0
dbservice2_memory_1627039811,dbservice2,memory,database,0.5,anchored_random_rest,0.96,0.8,1.0,1.0
dbservice2_memory_1627079656,dbservice2,memory,database,0.5,anchored_random_rest,0.36,0.0,0.2,1.0
dbservice2_memory_1627087394,dbservice2,memory,database,0.5,anchored_random_rest,0.44000000000000006,0.0,0.4,1.0
dbservice2_memory_1627100858,dbservice2,memory,database,0.5,anchored_random_rest,0.44000000000000006,0.0,0.4,1.0
dbservice2_memory_1627156737,dbservice2,memory,database,0.5,anchored_random_rest,0.36,0.0,0.0,1.0
dbservice2_memory_1627184617,dbservice2,memory,database,0.5,anchored_random_rest,0.44000000000000006,0.0,0.2,1.0
dbservice2_memory_1627207759,dbservice2,memory,database,0.5,anchored_random_rest,0.28,0.0,0.0,1.0
dbservice2_memory_1627286946,dbservice2,memory,database,0.5,anchored_random_rest,0.8,0.2,1.0,1.0
dbservice2_memory_1627303928,dbservice2,memory,database,0.5,anchored_random_rest,0.52,0.0,0.6,1.0
dbservice2_memory_1627325374,dbservice2,memory,database,0.5,anchored_random_rest,0.8,0.0,1.0,1.0
dbservice2_memory_1627331922,dbservice2,memory,database,0.5,anchored_random_rest,0.8800000000000001,0.6,1.0,1.0
dbservice2_memory_1627375478,dbservice2,memory,database,0.5,anchored_random_rest,0.28,0.0,0.0,1.0
dbservice2_memory_1627379165,dbservice2,memory,database,0.5,anchored_random_rest,0.64,0.2,0.6,1.0
dbservice2_memory_1627394588,dbservice2,memory,database,0.5,anchored_random_rest,0.72,0.4,0.8,1.0
dbservice2_memory_1627402075,dbservice2,memory,database,0.5,anchored_random_rest,0.8400000000000001,0.4,1.0,1.0
dbservice2_memory_1627425736,dbservice2,memory,database,0.5,anchored_random_rest,0.4,0.0,0.4,1.0
dbservice2_memory_1627447589,dbservice2,memory,database,0.5,anchored_random_rest,0.36,0.0,0.4,1.0
dbservice2_memory_1627457508,dbservice2,memory,database,0.5,anchored_random_rest,0.6799999999999999,0.6,0.6,1.0
dbservice2_memory_1627493621,dbservice2,memory,database,0.5,anchored_random_rest,0.8400000000000001,0.2,1.0,1.0
dbservice2_memory_1627501550,dbservice2,memory,database,0.5,anchored_random_rest,0.5599999999999999,0.0,0.8,1.0
dbservice2_memory_1627519836,dbservice2,memory,database,0.5,anchored_random_rest,0.8400000000000001,0.6,0.8,1.0
dbservice2_memory_1627545507,dbservice2,memory,database,0.5,anchored_random_rest,0.8400000000000001,0.2,1.0,1.0
dbservice2_memory_1627595898,dbservice2,memory,database,0.5,anchored_random_rest,0.5599999999999999,0.0,0.8,1.0
dbservice2_memory_1627643030,dbservice2,memory,database,0.5,anchored_random_rest,0.52,0.0,0.6,1.0
dbservice2_memory_1627657911,dbservice2,memory,database,0.5,anchored_random_rest,0.52,0.2,0.4,1.0
dbservice2_memory_1627663155,dbservice2,memory,database,0.5,anchored_random_rest,0.8400000000000001,0.2,1.0,1.0
dbservice2_memory_1627680230,dbservice2,memory,database,0.5,anchored_random_rest,0.72,0.0,1.0,1.0
dbservice2_memory_1627699210,dbservice2,memory,database,0.5,anchored_random_rest,0.9199999999999999,0.8,1.0,1.0
logservice1_cpu_1627596597,logservice1,cpu,logging,0.5,anchored_random_rest,0.5599999999999999,0.0,0.8,1.0
logservice1_errno111_1626753001,logservice1,errno111,logging,0.5,anchored_random_rest,0.52,0.0,0.6,1.0
logservice1_errno111_1626753227,logservice1,errno111,logging,0.5,anchored_random_rest,0.28,0.0,0.0,1.0
logservice1_memory_1625207751,logservice1,memory,logging,0.5,anchored_random_rest,0.4,0.0,0.2,1.0
logservice1_memory_1625234459,logservice1,memory,logging,0.5,anchored_random_rest,0.44000000000000006,0.0,0.2,1.0
logservice1_memory_1625285989,logservice1,memory,logging,0.5,anchored_random_rest,0.8400000000000001,0.4,1.0,1.0
logservice1_memory_1625298536,logservice1,memory,logging,0.5,anchored_random_rest,0.36,0.0,0.4,1.0
logservice1_memory_1625311435,logservice1,memory,logging,0.5,anchored_random_rest,0.48,0.0,0.6,1.0
logservice1_memory_1625360381,logservice1,memory,logging,0.5,anchored_random_rest,0.8,0.4,0.8,1.0
logservice1_memory_1625437325,logservice1,memory,logging,0.5,anchored_random_rest,0.4,0.0,0.4,1.0
logservice1_memory_1625455375,logservice1,memory,logging,0.5,anchored_random_rest,0.52,0.0,0.6,1.0
logservice1_memory_1625474243,logservice1,memory,logging,0.5,anchored_random_rest,0.52,0.0,0.6,1.0
logservice1_memory_1625493602,logservice1,memory,logging,0.5,anchored_random_rest,0.6,0.0,1.0,1.0
logservice1_memory_1625506342,logservice1,memory,logging,0.5,anchored_random_rest,0.6799999999999999,0.2,1.0,1.0
logservice1_memory_1625519722,logservice1,memory,logging,0.5,anchored_random_rest,0.96,0.8,1.0,1.0
logservice1_memory_1625642174,logservice1,memory,logging,0.5,anchored_random_rest,0.64,0.0,0.8,1.0
logservice1_memory_1625673674,logservice1,memory,logging,0.5,anchored_random_rest,0.36,0.0,0.2,1.0
logservice1_memory_1625715126,logservice1,memory,logging,0.5,anchored_random_rest,0.44000000000000006,0.2,0.4,1.0
logservice1_memory_1625737305,logservice1,memory,logging,0.5,anchored_random_rest,0.48,0.2,0.4,1.0
logservice1_memory_1625855415,logservice1,memory,logging,0.5,anchored_random_rest,0.4,0.0,0.4,1.0
logservice1_memory_1625874131,logservice1,memory,logging,0.5,anchored_random_rest,0.8800000000000001,0.4,1.0,1.0
logservice1_memory_1625894863,logservice1,memory,logging,0.5,anchored_random_rest,0.5599999999999999,0.0,0.6,1.0
logservice1_memory_1625936756,logservice1,memory,logging,0.5,anchored_random_rest,0.6,0.2,0.6,1.0
logservice1_memory_1625950367,logservice1,memory,logging,0.5,anchored_random_rest,0.32,0.0,0.2,1.0
logservice1_memory_1625967061,logservice1,memory,logging,0.5,anchored_random_rest,0.44000000000000006,0.0,0.2,1.0
logservice1_memory_1626018993,logservice1,memory,logging,0.5,anchored_random_rest,0.48,0.0,0.4,1.0
logservice1_memory_1626043063,logservice1,memory,logging,0.5,anchored_random_rest,0.4,0.0,0.4,1.0
logservice1_memory_1626069816,logservice1,memory,logging,0.5,anchored_random_rest,0.4,0.0,0.2,1.0
logservice1_memory_1626079498,logservice1,memory,logging,0.5,anchored_random_rest,0.36,0.0,0.2,1.0
logservice1_memory_1626086075,logservice1,memory,logging,0.5,anchored_random_rest,0.5599999999999999,0.0,0.6,1.0
logservice1_memory_1626102559,logservice1,memory,logging,0.5,anchored_random_rest,0.43999999999999995,0.0,0.6,1.0
logservice1_memory_1626106208,logservice1,memory,logging,0.5,anchored_random_rest,0.6,0.2,0.6,1.0
logservice1_memory_1626125407,logservice1,memory,logging,0.5,anchored_random_rest,0.32,0.0,0.2,1.0
logservice1_memory_1626139037,logservice1,memory,logging,0.5,anchored_random_rest,0.52,0.0,0.6,1.0
logservice1_memory_1626180388,logservice1,memory,logging,0.5,anchored_random_rest,0.44000000000000006,0.0,0.4,1.0
logservice1_memory_1626208343,logservice1,memory,logging,0.5,anchored_random_rest,0.68,0.2,0.6,1.0
logservice1_memory_1626218997,logservice1,memory,logging,0.5,anchored_random_rest,0.44000000000000006,0.0,0.6,1.0
logservice1_memory_1626328055,logservice1,memory,logging,0.5,anchored_random_rest,0.36,0.0,0.2,1.0
logservice1_memory_1626336834,logservice1,memory,logging,0.5,anchored_random_rest,0.32,0.0,0.2,1.0
logservice1_memory_1626371259,logservice1,memory,logging,0.5,anchored_random_rest,0.6,0.2,0.4,1.0
logservice1_memory_1626391352,logservice1,memory,logging,0.5,anchored_random_rest,1.0,1.0,1.0,1.0
logservice1_memory_1626419736,logservice1,memory,logging,0.5,anchored_random_rest,0.72,0.2,0.8,1.0
logservice1_memory_1626541123,logservice1,memory,logging,0.5,anchored_random_rest,0.8400000000000001,0.6,0.8,1.0
logservice1_memory_1626551793,logservice1,memory,logging,0.5,anchored_random_rest,0.9199999999999999,0.6,1.0,1.0
logservice1_memory_1626571662,logservice1,memory,logging,0.5,anchored_random_rest,0.52,0.0,0.6,1.0
logservice1_memory_1626575299,logservice1,memory,logging,0.5,anchored_random_rest,0.64,0.0,0.8,1.0
logservice1_memory_1626608283,logservice1,memory,logging,0.5,anchored_random_rest,0.76,0.2,0.8,1.0
logservice1_memory_1626632009,logservice1,memory,logging,0.5,anchored_random_rest,0.32,0.0,0.2,1.0
logservice1_memory_1626764699,logservice1,memory,logging,0.5,anchored_random_rest,0.6799999999999999,0.0,1.0,1.0
logservice1_memory_1626865404,logservice1,memory,logging,0.5,anchored_random_rest,0.44000000000000006,0.0,0.2,1.0
logservice1_memory_1626926283,logservice1,memory,logging,0.5,anchored_random_rest,0.64,0.0,1.0,1.0
logservice1_memory_1627024158,logservice1,memory,logging,0.5,anchored_random_rest,0.44000000000000006,0.0,0.2,1.0
logservice1_memory_1627144173,logservice1,memory,logging,0.5,anchored_random_rest,0.32,0.0,0.0,1.0
logservice1_memory_1627165561,logservice1,memory,logging,0.5,anchored_random_rest,0.4800000000000001,0.0,0.4,1.0
logservice1_memory_1627170037,logservice1,memory,logging,0.5,anchored_random_rest,0.4,0.0,0.2,1.0
logservice1_memory_1627228703,logservice1,memory,logging,0.5,anchored_random_rest,0.8800000000000001,0.4,1.0,1.0
logservice1_memory_1627243989,logservice1,memory,logging,0.5,anchored_random_rest,0.36,0.0,0.2,1.0
logservice1_memory_1627283437,logservice1,memory,logging,0.5,anchored_random_rest,0.52,0.0,0.6,1.0
logservice1_memory_1627291476,logservice1,memory,logging,0.5,anchored_random_rest,0.48,0.2,0.4,1.0
logservice1_memory_1627299080,logservice1,memory,logging,0.5,anchored_random_rest,0.36,0.0,0.2,1.0
logservice1_memory_1627310265,logservice1,memory,logging,0.5,anchored_random_rest,0.56,0.2,0.6,1.0
logservice1_memory_1627477200,logservice1,memory,logging,0.5,anchored_random_rest,0.48,0.0,0.6,1.0
logservice1_memory_1627522806,logservice1,memory,logging,0.5,anchored_random_rest,0.32,0.0,0.2,1.0
logservice1_memory_1627545894,logservice1,memory,logging,0.5,anchored_random_rest,0.9199999999999999,0.6,1.0,1.0
logservice1_memory_1627592904,logservice1,memory,logging,0.5,anchored_random_rest,0.52,0.2,0.4,1.0
logservice1_memory_1627619594,logservice1,memory,logging,0.5,anchored_random_rest,0.64,0.0,1.0,1.0
logservice1_memory_1627700223,logservice1,memory,logging,0.5,anchored_random_rest,0.76,0.4,0.8,1.0
logservice1_memory_1627736494,logservice1,memory,logging,0.5,anchored_random_rest,0.36,0.0,0.0,1.0
logservice1_memory_1627762043,logservice1,memory,logging,0.5,anchored_random_rest,0.8,0.0,1.0,1.0
logservice2_errno111_1626753001,logservice2,errno111,logging,0.5,anchored_random_rest,0.6,0.2,0.4,1.0
logservice2_errno111_1626753269,logservice2,errno111,logging,0.5,anchored_random_rest,0.52,0.0,0.6,1.0
logservice2_memory_1625172320,logservice2,memory,logging,0.5,anchored_random_rest,0.72,0.2,1.0,1.0
logservice2_memory_1625204004,logservice2,memory,logging,0.5,anchored_random_rest,0.96,0.8,1.0,1.0
logservice2_memory_1625221783,logservice2,memory,logging,0.5,anchored_random_rest,0.76,0.2,1.0,1.0
logservice2_memory_1625304365,logservice2,memory,logging,0.5,anchored_random_rest,0.52,0.0,0.6,1.0
logservice2_memory_1625325873,logservice2,memory,logging,0.5,anchored_random_rest,0.32,0.0,0.0,1.0
logservice2_memory_1625379370,logservice2,memory,logging,0.5,anchored_random_rest,0.36,0.0,0.2,1.0
logservice2_memory_1625396241,logservice2,memory,logging,0.5,anchored_random_rest,0.48,0.0,0.6,1.0
logservice2_memory_1625421899,logservice2,memory,logging,0.5,anchored_random_rest,0.36,0.0,0.2,1.0
logservice2_memory_1625425518,logservice2,memory,logging,0.5,anchored_random_rest,0.2,0.0,0.0,1.0
logservice2_memory_1625469878,logservice2,memory,logging,0.5,anchored_random_rest,0.44000000000000006,0.0,0.2,1.0
logservice2_memory_1625483091,logservice2,memory,logging,0.5,anchored_random_rest,0.8400000000000001,0.2,1.0,1.0
logservice2_memory_1625511359,logservice2,memory,logging,0.5,anchored_random_rest,0.44000000000000006,0.0,0.4,1.0
logservice2_memory_1625518598,logservice2,memory,logging,0.5,anchored_random_rest,0.8400000000000001,0.2,1.0,1.0
logservice2_memory_1625530676,logservice2,memory,logging,0.5,anchored_random_rest,0.8400000000000001,0.4,1.0,1.0
logservice2_memory_1625537669,logservice2,memory,logging,0.5,anchored_random_rest,0.8800000000000001,0.4,1.0,1.0
logservice2_memory_1625567926,logservice2,memory,logging,0.5,anchored_random_rest,0.52,0.0,0.6,1.0
logservice2_memory_1625572292,logservice2,memory,logging,0.5,anchored_random_rest,0.32,0.0,0.2,1.0
logservice2_memory_1625617463,logservice2,memory,logging,0.5,anchored_random_rest,0.76,0.2,1.0,1.0
logservice2_memory_1625630457,logservice2,memory,logging,0.5,anchored_random_rest,0.5599999999999999,0.0,0.6,1.0
logservice2_memory_1625644104,logservice2,memory,logging,0.5,anchored_random_rest,0.32,0.0,0.2,1.0
logservice2_memory_1625732122,logservice2,memory,logging,0.5,anchored_random_rest,0.8800000000000001,0.4,1.0,1.0
logservice2_memory_1625756295,logservice2,memory,logging,0.5,anchored_random_rest,0.4,0.2,0.2,1.0
logservice2_memory_1625794522,logservice2,memory,logging,0.5,anchored_random_rest,0.4,0.0,0.2,1.0
logservice2_memory_1625804275,logservice2,memory,logging,0.5,anchored_random_rest,0.36,0.0,0.4,1.0
logservice2_memory_1625880190,logservice2,memory,logging,0.5,anchored_random_rest,0.76,0.4,1.0,1.0
logservice2_memory_1625924296,logservice2,memory,logging,0.5,anchored_random_rest,0.72,0.2,1.0,1.0
logservice2_memory_1626013929,logservice2,memory,logging,0.5,anchored_random_rest,0.4800000000000001,0.0,0.2,1.0
logservice2_memory_1626050387,logservice2,memory,logging,0.5,anchored_random_rest,0.5599999999999999,0.0,0.6,1.0
logservice2_memory_1626098044,logservice2,memory,logging,0.5,anchored_random_rest,0.44000000000000006,0.0,0.4,1.0
logservice2_memory_1626109759,logservice2,memory,logging,0.5,anchored_random_rest,0.52,0.0,0.6,1.0
logservice2_memory_1626248439,logservice2,memory,logging,0.5,anchored_random_rest,0.32,0.0,0.2,1.0
logservice2_memory_1626258183,logservice2,memory,logging,0.5,anchored_random_rest,0.24000000000000005,0.0,0.0,1.0
logservice2_memory_1626325133,logservice2,memory,logging,0.5,anchored_random_rest,0.4800000000000001,0.0,0.2,1.0
logservice2_memory_1626366727,logservice2,memory,logging,0.5,anchored_random_rest,0.8800000000000001,0.4,1.0,1.0
logservice2_memory_1626395096,logservice2,memory,logging,0.5,anchored_random_rest,0.48,0.0,0.4,1.0
logservice2_memory_1626412771,logservice2,memory,logging,0.5,anchored_random_rest,0.32,0.0,0.2,1.0
logservice2_memory_1626469838,logservice2,memory,logging,0.5,anchored_random_rest,0.8800000000000001,0.4,1.0,1.0
logservice2_memory_1626498816,logservice2,memory,logging,0.5,anchored_random_rest,0.52,0.0,0.6,1.0
logservice2_memory_1626568670,logservice2,memory,logging,0.5,anchored_random_rest,0.6,0.0,0.6,1.0
logservice2_memory_1626765238,logservice2,memory,logging,0.5,anchored_random_rest,0.68,0.0,0.8,1.0
logservice2_memory_1626871639,logservice2,memory,logging,0.5,anchored_random_rest,0.64,0.0,0.8,1.0
logservice2_memory_1626880416,logservice2,memory,logging,0.5,anchored_random_rest,0.48,0.0,0.4,1.0
logservice2_memory_1626922974,logservice2,memory,logging,0.5,anchored_random_rest,0.32,0.0,0.2,1.0
logservice2_memory_1626926412,logservice2,memory,logging,0.5,anchored_random_rest,0.48,0.0,0.6,1.0
logservice2_memory_1627052258,logservice2,memory,logging,0.5,anchored_random_rest,0.32,0.0,0.0,1.0
logservice2_memory_1627069295,logservice2,memory,logging,0.5,anchored_random_rest,0.36,0.0,0.0,1.0
logservice2_memory_1627140613,logservice2,memory,logging,0.5,anchored_random_rest,0.36,0.0,0.4,1.0
logservice2_memory_1627227124,logservice2,memory,logging,0.5,anchored_random_rest,0.6799999999999999,0.2,0.8,1.0
logservice2_memory_1627353437,logservice2,memory,logging,0.5,anchored_random_rest,0.4800000000000001,0.0,0.4,1.0
logservice2_memory_1627365342,logservice2,memory,logging,0.5,anchored_random_rest,0.76,0.2,1.0,1.0
logservice2_memory_1627396756,logservice2,memory,logging,0.5,anchored_random_rest,0.72,0.2,1.0,1.0
logservice2_memory_1627410703,logservice2,memory,logging,0.5,anchored_random_rest,0.6,0.0,0.8,1.0
logservice2_memory_1627443936,logservice2,memory,logging,0.5,anchored_random_rest,0.5599999999999999,0.0,0.6,1.0
logservice2_memory_1627464739,logservice2,memory,logging,0.5,anchored_random_rest,0.28,0.0,0.0,1.0
logservice2_memory_1627509937,logservice2,memory,logging,0.5,anchored_random_rest,0.76,0.4,0.8,1.0
logservice2_memory_1627516510,logservice2,memory,logging,0.5,anchored_random_rest,0.6,0.2,0.6,1.0
logservice2_memory_1627567356,logservice2,memory,logging,0.5,anchored_random_rest,0.8,0.4,1.0,1.0
logservice2_memory_1627590137,logservice2,memory,logging,0.5,anchored_random_rest,0.5599999999999999,0.2,0.6,1.0
logservice2_memory_1627606370,logservice2,memory,logging,0.5,anchored_random_rest,0.72,0.0,0.8,1.0
logservice2_memory_1627648981,logservice2,memory,logging,0.5,anchored_random_rest,0.8400000000000001,0.4,1.0,1.0
logservice2_memory_1627688890,logservice2,memory,logging,0.5,anchored_random_rest,0.5599999999999999,0.2,0.6,1.0
logservice2_memory_1627737420,logservice2,memory,logging,0.5,anchored_random_rest,0.6,0.0,0.8,1.0
logservice2_memory_1627769554,logservice2,memory,logging,0.5,anchored_random_rest,0.52,0.0,0.6,1.0
mobservice1_errno111_1626752402,mobservice1,errno111,mobile,0.5,anchored_random_rest,0.72,0.4,0.8,1.0
mobservice1_errno111_1626752556,mobservice1,errno111,mobile,0.5,anchored_random_rest,0.44000000000000006,0.0,0.4,1.0
mobservice1_memory_1625197067,mobservice1,memory,mobile,0.5,anchored_random_rest,0.8,0.4,0.8,1.0
mobservice1_memory_1625224444,mobservice1,memory,mobile,0.5,anchored_random_rest,0.72,0.2,1.0,1.0
mobservice1_memory_1625232540,mobservice1,memory,mobile,0.5,anchored_random_rest,0.4,0.0,0.2,1.0
mobservice1_memory_1625247576,mobservice1,memory,mobile,0.5,anchored_random_rest,0.5599999999999999,0.0,0.6,1.0
mobservice1_memory_1625353753,mobservice1,memory,mobile,0.5,anchored_random_rest,0.6799999999999999,0.2,0.8,1.0
mobservice1_memory_1625379697,mobservice1,memory,mobile,0.5,anchored_random_rest,0.36,0.0,0.2,1.0
mobservice1_memory_1625667742,mobservice1,memory,mobile,0.5,anchored_random_rest,0.24000000000000005,0.0,0.0,1.0
mobservice1_memory_1625703099,mobservice1,memory,mobile,0.5,anchored_random_rest,0.96,0.8,1.0,1.0
mobservice1_memory_1625735045,mobservice1,memory,mobile,0.5,anchored_random_rest,0.4,0.0,0.4,1.0
mobservice1_memory_1625804210,mobservice1,memory,mobile,0.5,anchored_random_rest,0.6799999999999999,0.6,0.6,1.0
mobservice1_memory_1625827494,mobservice1,memory,mobile,0.5,anchored_random_rest,0.9199999999999999,0.6,1.0,1.0
mobservice1_memory_1625832716,mobservice1,memory,mobile,0.5,anchored_random_rest,0.64,0.0,0.8,1.0
mobservice1_memory_1625901292,mobservice1,memory,mobile,0.5,anchored_random_rest,0.52,0.2,0.6,1.0
mobservice1_memory_1625941772,mobservice1,memory,mobile,0.5,anchored_random_rest,0.68,0.2,0.8,1.0
mobservice1_memory_1625961631,mobservice1,memory,mobile,0.5,anchored_random_rest,0.68,0.0,0.8,1.0
mobservice1_memory_1625977908,mobservice1,memory,mobile,0.5,anchored_random_rest,0.96,0.8,1.0,1.0
mobservice1_memory_1626011901,mobservice1,memory,mobile,0.5,anchored_random_rest,0.72,0.4,0.8,1.0
mobservice1_memory_1626023193,mobservice1,memory,mobile,0.5,anchored_random_rest,0.44000000000000006,0.0,0.4,1.0
mobservice1_memory_1626027400,mobservice1,memory,mobile,0.5,anchored_random_rest,0.44000000000000006,0.0,0.2,1.0
mobservice1_memory_1626054650,mobservice1,memory,mobile,0.5,anchored_random_rest,0.76,0.4,0.8,1.0
mobservice1_memory_1626117202,mobservice1,memory,mobile,0.5,anchored_random_rest,0.96,0.8,1.0,1.0
mobservice1_memory_1626128984,mobservice1,memory,mobile,0.5,anchored_random_rest,0.44000000000000006,0.2,0.2,1.0
mobservice1_memory_1626159110,mobservice1,memory,mobile,0.5,anchored_random_rest,0.44000000000000006,0.0,0.4,1.0
mobservice1_memory_1626168632,mobservice1,memory,mobile,0.5,anchored_random_rest,0.8,0.4,1.0,1.0
mobservice1_memory_1626242718,mobservice1,memory,mobile,0.5,anchored_random_rest,0.8800000000000001,0.4,1.0,1.0
mobservice1_memory_1626282681,mobservice1,memory,mobile,0.5,anchored_random_rest,0.6,0.2,0.6,1.0
mobservice1_memory_1626299070,mobservice1,memory,mobile,0.5,anchored_random_rest,0.76,0.2,1.0,1.0
mobservice1_memory_1626322156,mobservice1,memory,mobile,0.5,anchored_random_rest,0.52,0.2,0.4,1.0
mobservice1_memory_1626326168,mobservice1,memory,mobile,0.5,anchored_random_rest,0.72,0.4,0.8,1.0
mobservice1_memory_1626349453,mobservice1,memory,mobile,0.5,anchored_random_rest,0.76,0.4,0.8,1.0
mobservice1_memory_1626444105,mobservice1,memory,mobile,0.5,anchored_random_rest,0.9199999999999999,0.8,1.0,1.0
mobservice1_memory_1626448997,mobservice1,memory,mobile,0.5,anchored_random_rest,0.4800000000000001,0.0,0.2,1.0
mobservice1_memory_1626488862,mobservice1,memory,mobile,0.5,anchored_random_rest,0.76,0.2,1.0,1.0
mobservice1_memory_1626534607,mobservice1,memory,mobile,0.5,anchored_random_rest,0.8800000000000001,0.6,1.0,1.0
mobservice1_memory_1626538445,mobservice1,memory,mobile,0.5,anchored_random_rest,0.8400000000000001,0.6,0.8,1.0
mobservice1_memory_1626555752,mobservice1,memory,mobile,0.5,anchored_random_rest,0.9199999999999999,0.6,1.0,1.0
mobservice1_memory_1626607827,mobservice1,memory,mobile,0.5,anchored_random_rest,0.5599999999999999,0.2,0.4,1.0
mobservice1_memory_1626635810,mobservice1,memory,mobile,0.5,anchored_random_rest,0.44000000000000006,0.0,0.4,1.0
mobservice1_memory_1626640654,mobservice1,memory,mobile,0.5,anchored_random_rest,0.6799999999999999,0.0,1.0,1.0
mobservice1_memory_1626773018,mobservice1,memory,mobile,0.5,anchored_random_rest,0.64,0.2,0.6,1.0
mobservice1_memory_1626850195,mobservice1,memory,mobile,0.5,anchored_random_rest,0.48,0.2,0.4,1.0
mobservice1_memory_1626877506,mobservice1,memory,mobile,0.5,anchored_random_rest,0.6799999999999999,0.2,0.8,1.0
mobservice1_memory_1626897069,mobservice1,memory,mobile,0.5,anchored_random_rest,0.4,0.0,0.4,1.0
mobservice1_memory_1626913833,mobservice1,memory,mobile,0.5,anchored_random_rest,0.76,0.4,0.8,1.0
mobservice1_memory_1626933957,mobservice1,memory,mobile,0.5,anchored_random_rest,0.76,0.4,0.8,1.0
mobservice1_memory_1626937894,mobservice1,memory,mobile,0.5,anchored_random_rest,0.28,0.0,0.0,1.0
mobservice1_memory_1626954084,mobservice1,memory,mobile,0.5,anchored_random_rest,0.8800000000000001,0.4,1.0,1.0
mobservice1_memory_1626958838,mobservice1,memory,mobile,0.5,anchored_random_rest,0.5599999999999999,0.0,0.8,1.0
mobservice1_memory_1627163076,mobservice1,memory,mobile,0.5,anchored_random_rest,0.44000000000000006,0.2,0.4,1.0
mobservice1_memory_1627200697,mobservice1,memory,mobile,0.5,anchored_random_rest,0.52,0.0,0.4,1.0
mobservice1_memory_1627219564,mobservice1,memory,mobile,0.5,anchored_random_rest,0.6,0.0,0.8,1.0
mobservice1_memory_1627247170,mobservice1,memory,mobile,0.5,anchored_random_rest,0.48,0.2,0.4,1.0
mobservice1_memory_1627279781,mobservice1,memory,mobile,0.5,anchored_random_rest,0.2,0.0,0.0,1.0
mobservice1_memory_1627283259,mobservice1,memory,mobile,0.5,anchored_random_rest,0.64,0.4,0.6,1.0
mobservice1_memory_1627347382,mobservice1,memory,mobile,0.5,anchored_random_rest,0.6799999999999999,0.2,0.8,1.0
mobservice1_memory_1627382521,mobservice1,memory,mobile,0.5,anchored_random_rest,0.96,0.8,1.0,1.0
mobservice1_memory_1627387214,mobservice1,memory,mobile,0.5,anchored_random_rest,0.28,0.0,0.0,1.0
mobservice1_memory_1627447409,mobservice1,memory,mobile,0.5,anchored_random_rest,0.4,0.0,0.4,1.0
mobservice1_memory_1627484554,mobservice1,memory,mobile,0.5,anchored_random_rest,0.52,0.0,0.8,1.0
mobservice1_memory_1627514424,mobservice1,memory,mobile,0.5,anchored_random_rest,0.24000000000000005,0.0,0.0,1.0
mobservice1_memory_1627580206,mobservice1,memory,mobile,0.5,anchored_random_rest,0.76,0.6,0.6,1.0
mobservice1_memory_1627612966,mobservice1,memory,mobile,0.5,anchored_random_rest,0.36,0.0,0.2,1.0
mobservice1_memory_1627645613,mobservice1,memory,mobile,0.5,anchored_random_rest,0.36,0.0,0.2,1.0
mobservice1_memory_1627661901,mobservice1,memory,mobile,0.5,anchored_random_rest,0.96,0.8,1.0,1.0
mobservice1_memory_1627701774,mobservice1,memory,mobile,0.5,anchored_random_rest,0.36,0.0,0.2,1.0
mobservice1_memory_1627731923,mobservice1,memory,mobile,0.5,anchored_random_rest,0.64,0.0,0.8,1.0
mobservice1_qr_expired_1625151823,mobservice1,qr_expired,mobile,0.5,anchored_random_rest,0.64,0.0,0.8,1.0
mobservice1_qr_expired_1625182698,mobservice1,qr_expired,mobile,0.5,anchored_random_rest,0.36,0.0,0.2,1.0
mobservice1_qr_expired_1625210087,mobservice1,qr_expired,mobile,0.5,anchored_random_rest,0.52,0.0,0.4,1.0
mobservice1_qr_expired_1625240727,mobservice1,qr_expired,mobile,0.5,anchored_random_rest,0.5599999999999999,0.0,0.8,1.0
mobservice1_qr_expired_1625271564,mobservice1,qr_expired,mobile,0.5,anchored_random_rest,1.0,1.0,1.0,1.0
mobservice1_qr_expired_1625296713,mobservice1,qr_expired,mobile,0.5,anchored_random_rest,0.76,0.0,1.0,1.0
mobservice1_qr_expired_1625325200,mobservice1,qr_expired,mobile,0.5,anchored_random_rest,0.4,0.0,0.2,1.0
mobservice1_qr_expired_1625355663,mobservice1,qr_expired,mobile,0.5,anchored_random_rest,0.64,0.0,0.8,1.0
mobservice1_qr_expired_1625383443,mobservice1,qr_expired,mobile,0.5,anchored_random_rest,0.44000000000000006,0.0,0.2,1.0
mobservice1_qr_expired_1625409300,mobservice1,qr_expired,mobile,0.5,anchored_random_rest,0.2,0.0,0.0,1.0
mobservice1_qr_expired_1625436871,mobservice1,qr_expired,mobile,0.5,anchored_random_rest,0.96,0.8,1.0,1.0
mobservice1_qr_expired_1625473216,mobservice1,qr_expired,mobile,0.5,anchored_random_rest,0.24000000000000005,0.0,0.0,1.0
mobservice1_qr_expired_1625505879,mobservice1,qr_expired,mobile,0.5,anchored_random_rest,0.9199999999999999,0.8,1.0,1.0
mobservice1_qr_expired_1625542705,mobservice1,qr_expired,mobile,0.5,anchored_random_rest,0.6799999999999999,0.0,1.0,1.0
mobservice1_qr_expired_1625580525,mobservice1,qr_expired,mobile,0.5,anchored_random_rest,0.32,0.0,0.2,1.0
mobservice1_qr_expired_1625625195,mobservice1,qr_expired,mobile,0.5,anchored_random_rest,0.32,0.0,0.0,1.0
mobservice1_qr_expired_1625667731,mobservice1,qr_expired,mobile,0.5,anchored_random_rest,0.32,0.0,0.0,1.0
mobservice1_qr_expired_1625711646,mobservice1,qr_expired,mobile,0.5,anchored_random_rest,0.2,0.0,0.0,1.0
mobservice1_qr_expired_1625756698,mobservice1,qr_expired,mobile,0.5,anchored_random_rest,0.32,0.0,0.2,1.0
mobservice1_qr_expired_1625794482,mobservice1,qr_expired,mobile,0.5,anchored_random_rest,0.24000000000000005,0.0,0.0,1.0
mobservice1_qr_expired_1625841247,mobservice1,qr_expired,mobile,0.5,anchored_random_rest,0.2,0.0,0.0,1.0
mobservice1_qr_expired_1625890187,mobservice1,qr_expired,mobile,0.5,anchored_random_rest,0.52,0.0,0.6,1.0
mobservice1_qr_expired_1625930412,mobservice1,qr_expired,mobile,0.5,anchored_random_rest,1.0,1.0,1.0,1.0
mobservice1_qr_expired_1625972156,mobservice1,qr_expired,mobile,0.5,anchored_random_rest,0.44000000000000006,0.0,0.4,1.0
mobservice1_qr_expired_1626008252,mobservice1,qr_expired,mobile,0.5,anchored_random_rest,0.6799999999999999,0.2,0.8,1.0
mobservice1_qr_expired_1626040718,mobservice1,qr_expired,mobile,0.5,anchored_random_rest,0.44000000000000006,0.0,0.2,1.0
mobservice1_qr_expired_1626075193,mobservice1,qr_expired,mobile,0.5,anchored_random_rest,0.6,0.0,0.8,1.0
mobservice1_qr_expired_1626114894,mobservice1,qr_expired,mobile,0.5,anchored_random_rest,0.48,0.0,0.4,1.0
mobservice1_qr_expired_1626159261,mobservice1,qr_expired,mobile,0.5,anchored_random_rest,0.36,0.0,0.0,1.0
mobservice1_qr_expired_1626191632,mobservice1,qr_expired,mobile,0.5,anchored_random_rest,0.32,0.0,0.0,1.0
mobservice1_qr_expired_1626223304,mobservice1,qr_expired,mobile,0.5,anchored_random_rest,0.76,0.2,1.0,1.0
mobservice1_qr_expired_1626255336,mobservice1,qr_expired,mobile,0.5,anchored_random_rest,0.68,0.0,0.8,1.0
mobservice1_qr_expired_1626296585,mobservice1,qr_expired,mobile,0.5,anchored_random_rest,0.24000000000000005,0.0,0.0,1.0
mobservice1_qr_expired_1626336309,mobservice1,qr_expired,mobile,0.5,anchored_random_rest,0.9199999999999999,0.6,1.0,1.0
mobservice1_qr_expired_1626368186,mobservice1,qr_expired,mobile,0.5,anchored_random_rest,0.44000000000000006,0.0,0.4,1.0
mobservice1_qr_expired_1626404786,mobservice1,qr_expired,mobile,0.5,anchored_random_rest,0.6,0.0,0.8,1.0
mobservice1_qr_expired_1626433510,mobservice1,qr_expired,mobile,0.5,anchored_random_rest,0.6799999999999999,0.0,1.0,1.0
mobservice1_qr_expired_1626462926,mobservice1,qr_expired,mobile,0.5,anchored_random_rest,0.9199999999999999,0.6,1.0,1.0
mobservice1_qr_expired_1626491905,mobservice1,qr_expired,mobile,0.5,anchored_random_rest,0.24000000000000005,0.0,0.0,1.0
mobservice1_qr_expired_1626520267,mobservice1,qr_expired,mobile,0.5,anchored_random_rest,0.32,0.0,0.0,1.0
mobservice1_qr_expired_1626551052,mobservice1,qr_expired,mobile,0.5,anchored_random_rest,1.0,1.0,1.0,1.0
mobservice1_qr_expired_1626580037,mobservice1,qr_expired,mobile,0.5,anchored_random_rest,0.6,0.0,1.0,1.0
mobservice1_qr_expired_1626607583,mobservice1,qr_expired,mobile,0.5,anchored_random_rest,1.0,1.0,1.0,1.0
mobservice1_qr_expired_1626632651,mobservice1,qr_expired,mobile,0.5,anchored_random_rest,1.0,1.0,1.0,1.0
mobservice1_qr_expired_1626758435,mobservice1,qr_expired,mobile,0.5,anchored_random_rest,0.44000000000000006,0.0,0.2,1.0
mobservice1_qr_expired_1626784630,mobservice1,qr_expired,mobile,0.5,anchored_random_rest,0.68,0.0,0.8,1.0
mobservice1_qr_expired_1626821039,mobservice1,qr_expired,mobile,0.5,anchored_random_rest,0.52,0.0,0.6,1.0
mobservice1_qr_expired_1626856553,mobservice1,qr_expired,mobile,0.5,anchored_random_rest,0.6799999999999999,0.2,0.8,1.0
mobservice1_qr_expired_1626884682,mobservice1,qr_expired,mobile,0.5,anchored_random_rest,0.5599999999999999,0.2,0.4,1.0
mobservice1_qr_expired_1626917764,mobservice1,qr_expired,mobile,0.5,anchored_random_rest,0.24000000000000005,0.0,0.0,1.0
mobservice1_qr_expired_1626941760,mobservice1,qr_expired,mobile,0.5,anchored_random_rest,0.8400000000000001,0.2,1.0,1.0
mobservice1_qr_expired_1626968701,mobservice1,qr_expired,mobile,0.5,anchored_random_rest,0.64,0.0,1.0,1.0
mobservice1_qr_expired_1626999263,mobservice1,qr_expired,mobile,0.5,anchored_random_rest,0.8400000000000001,0.2,1.0,1.0
mobservice1_qr_expired_1627024159,mobservice1,qr_expired,mobile,0.5,anchored_random_rest,0.9199999999999999,0.6,1.0,1.0
mobservice1_qr_expired_1627051613,mobservice1,qr_expired,mobile,0.5,anchored_random_rest,0.36,0.0,0.4,1.0
mobservice1_qr_expired_1627083857,mobservice1,qr_expired,mobile,0.5,anchored_random_rest,1.0,1.0,1.0,1.0
mobservice1_qr_expired_1627112278,mobservice1,qr_expired,mobile,0.5,anchored_random_rest,0.4800000000000001,0.0,0.4,1.0
mobservice1_qr_expired_1627135285,mobservice1,qr_expired,mobile,0.5,anchored_random_rest,0.32,0.0,0.2,1.0
mobservice1_qr_expired_1627157519,mobservice1,qr_expired,mobile,0.5,anchored_random_rest,0.76,0.0,1.0,1.0
mobservice1_qr_expired_1627184031,mobservice1,qr_expired,mobile,0.5,anchored_random_rest,0.6799999999999999,0.0,1.0,1.0
mobservice1_qr_expired_1627212755,mobservice1,qr_expired,mobile,0.5,anchored_random_rest,0.4,0.2,0.2,1.0
mobservice1_qr_expired_1627238319,mobservice1,qr_expired,mobile,0.5,anchored_random_rest,0.9199999999999999,0.6,1.0,1.0
mobservice1_qr_expired_1627264132,mobservice1,qr_expired,mobile,0.5,anchored_random_rest,0.5599999999999999,0.0,0.8,1.0
mobservice1_qr_expired_1627293860,mobservice1,qr_expired,mobile,0.5,anchored_random_rest,0.9199999999999999,0.6,1.0,1.0
mobservice1_qr_expired_1627322979,mobservice1,qr_expired,mobile,0.5,anchored_random_rest,0.5599999999999999,0.0,0.8,1.0
mobservice1_qr_expired_1627355175,mobservice1,qr_expired,mobile,0.5,anchored_random_rest,0.4,0.0,0.0,1.0
mobservice1_qr_expired_1627383377,mobservice1,qr_expired,mobile,0.5,anchored_random_rest,0.52,0.0,0.4,1.0
mobservice1_qr_expired_1627410797,mobservice1,qr_expired,mobile,0.5,anchored_random_rest,0.5599999999999999,0.0,0.8,1.0
mobservice1_qr_expired_1627438966,mobservice1,qr_expired,mobile,0.5,anchored_random_rest,0.8800000000000001,0.6,1.0,1.0
mobservice1_qr_expired_1627466564,mobservice1,qr_expired,mobile,0.5,anchored_random_rest,0.48,0.0,0.4,1.0
mobservice1_qr_expired_1627500877,mobservice1,qr_expired,mobile,0.5,anchored_random_rest,0.5599999999999999,0.2,0.4,1.0
mobservice1_qr_expired_1627528299,mobservice1,qr_expired,mobile,0.5,anchored_random_rest,0.76,0.4,0.8,1.0
mobservice1_qr_expired_1627552119,mobservice1,qr_expired,mobile,0.5,anchored_random_rest,0.8800000000000001,0.6,1.0,1.0
mobservice1_qr_expired_1627579617,mobservice1,qr_expired,mobile,0.5,anchored_random_rest,0.2,0.0,0.0,1.0
mobservice1_qr_expired_1627607460,mobservice1,qr_expired,mobile,0.5,anchored_random_rest,1.0,1.0,1.0,1.0
mobservice1_qr_expired_1627636467,mobservice1,qr_expired,mobile,0.5,anchored_random_rest,0.4,0.0,0.0,1.0
mobservice1_qr_expired_1627666643,mobservice1,qr_expired,mobile,0.5,anchored_random_rest,0.4,0.0,0.2,1.0
mobservice1_qr_expired_1627691008,mobservice1,qr_expired,mobile,0.5,anchored_random_rest,0.32,0.0,0.0,1.0
mobservice1_qr_expired_1627716967,mobservice1,qr_expired,mobile,0.5,anchored_random_rest,0.36,0.0,0.0,1.0
mobservice1_qr_expired_1627738658,mobservice1,qr_expired,mobile,0.5,anchored_random_rest,0.64,0.0,0.8,1.0
mobservice2_cpu_1627454420,mobservice2,cpu,mobile,0.5,anchored_random_rest,0.24000000000000005,0.0,0.0,1.0
mobservice2_cpu_1627497596,mobservice2,cpu,mobile,0.5,anchored_random_rest,0.32,0.0,0.2,1.0
mobservice2_cpu_1627542736,mobservice2,cpu,mobile,0.5,anchored_random_rest,0.96,0.8,1.0,1.0
mobservice2_cpu_1627761644,mobservice2,cpu,mobile,0.5,anchored_random_rest,0.28,0.0,0.0,1.0
mobservice2_errno111_1626752406,mobservice2,errno111,mobile,0.5,anchored_random_rest,0.76,0.2,1.0,1.0
mobservice2_errno111_1626752504,mobservice2,errno111,mobile,0.5,anchored_random_rest,0.96,0.8,1.0,1.0
mobservice2_memory_1625157918,mobservice2,memory,mobile,0.5,anchored_random_rest,0.32,0.0,0.2,1.0
mobservice2_memory_1625168598,mobservice2,memory,mobile,0.5,anchored_random_rest,0.96,0.8,1.0,1.0
mobservice2_memory_1625200044,mobservice2,memory,mobile,0.5,anchored_random_rest,0.8,0.4,1.0,1.0
mobservice2_memory_1625205092,mobservice2,memory,mobile,0.5,anchored_random_rest,0.9199999999999999,0.6,1.0,1.0
mobservice2_memory_1625235821,mobservice2,memory,mobile,0.5,anchored_random_rest,0.96,0.8,1.0,1.0
mobservice2_memory_1625240040,mobservice2,memory,mobile,0.5,anchored_random_rest,0.72,0.2,1.0,1.0
mobservice2_memory_1625305876,mobservice2,memory,mobile,0.5,anchored_random_rest,0.72,0.2,0.8,1.0
mobservice2_memory_1625359712,mobservice2,memory,mobile,0.5,anchored_random_rest,0.8,0.4,1.0,1.0
mobservice2_memory_1625527607,mobservice2,memory,mobile,0.5,anchored_random_rest,0.5599999999999999,0.4,0.4,1.0
mobservice2_memory_1625552888,mobservice2,memory,mobile,0.5,anchored_random_rest,0.64,0.4,0.4,1.0
mobservice2_memory_1625584788,mobservice2,memory,mobile,0.5,anchored_random_rest,0.4,0.0,0.2,1.0
mobservice2_memory_1625676811,mobservice2,memory,mobile,0.5,anchored_random_rest,0.8,0.6,0.8,1.0
mobservice2_memory_1625680798,mobservice2,memory,mobile,0.5,anchored_random_rest,0.8,0.2,1.0,1.0
mobservice2_memory_1625692971,mobservice2,memory,mobile,0.5,anchored_random_rest,0.5599999999999999,0.0,0.6,1.0
mobservice2_memory_1625697606,mobservice2,memory,mobile,0.5,anchored_random_rest,0.28,0.0,0.0,1.0
mobservice2_memory_1625738510,mobservice2,memory,mobile,0.5,anchored_random_rest,0.68,0.2,0.8,1.0
mobservice2_memory_1625742099,mobservice2,memory,mobile,0.5,anchored_random_rest,0.52,0.2,0.4,1.0
mobservice2_memory_1625771613,mobservice2,memory,mobile,0.5,anchored_random_rest,0.6799999999999999,0.6,0.6,1.0
mobservice2_memory_1625831922,mobservice2,memory,mobile,0.5,anchored_random_rest,0.96,0.8,1.0,1.0
mobservice2_memory_1625898199,mobservice2,memory,mobile,0.5,anchored_random_rest,0.44000000000000006,0.0,0.4,1.0
mobservice2_memory_1625987443,mobservice2,memory,mobile,0.5,anchored_random_rest,0.76,0.2,1.0,1.0
mobservice2_memory_1626009884,mobservice2,memory,mobile,0.5,anchored_random_rest,0.32,0.0,0.2,1.0
mobservice2_memory_1626030275,mobservice2,memory,mobile,0.5,anchored_random_rest,0.6799999999999999,0.4,0.6,1.0
mobservice2_memory_1626061939,mobservice2,memory,mobile,0.5,anchored_random_rest,0.48,0.0,0.4,1.0
mobservice2_memory_1626128366,mobservice2,memory,mobile,0.5,anchored_random_rest,0.8800000000000001,0.6,1.0,1.0
mobservice2_memory_1626132020,mobservice2,memory,mobile,0.5,anchored_random_rest,0.52,0.0,0.6,1.0
mobservice2_memory_1626157765,mobservice2,memory,mobile,0.5,anchored_random_rest,0.56,0.2,0.4,1.0
mobservice2_memory_1626198509,mobservice2,memory,mobile,0.5,anchored_random_rest,0.56,0.0,0.6,1.0
mobservice2_memory_1626201727,mobservice2,memory,mobile,0.5,anchored_random_rest,0.9199999999999999,0.6,1.0,1.0
mobservice2_memory_1626240489,mobservice2,memory,mobile,0.5,anchored_random_rest,0.48,0.0,0.6,1.0
mobservice2_memory_1626286299,mobservice2,memory,mobile,0.5,anchored_random_rest,0.5599999999999999,0.0,0.8,1.0
mobservice2_memory_1626294885,mobservice2,memory,mobile,0.5,anchored_random_rest,0.8400000000000001,0.2,1.0,1.0
mobservice2_memory_1626323276,mobservice2,memory,mobile,0.5,anchored_random_rest,0.6799999999999999,0.2,0.8,1.0
mobservice2_memory_1626411067,mobservice2,memory,mobile,0.5,anchored_random_rest,0.9199999999999999,0.6,1.0,1.0
mobservice2_memory_1626429148,mobservice2,memory,mobile,0.5,anchored_random_rest,0.4,0.2,0.2,1.0
mobservice2_memory_1626439231,mobservice2,memory,mobile,0.5,anchored_random_rest,0.52,0.0,0.4,1.0
mobservice2_memory_1626458752,mobservice2,memory,mobile,0.5,anchored_random_rest,0.52,0.0,0.4,1.0
mobservice2_memory_1626474951,mobservice2,memory,mobile,0.5,anchored_random_rest,0.64,0.4,0.6,1.0
mobservice2_memory_1626520226,mobservice2,memory,mobile,0.5,anchored_random_rest,0.8400000000000001,0.4,1.0,1.0
mobservice2_memory_1626538101,mobservice2,memory,mobile,0.5,anchored_random_rest,0.6,0.2,0.6,1.0
mobservice2_memory_1626607047,mobservice2,memory,mobile,0.5,anchored_random_rest,0.64,0.0,0.8,1.0
mobservice2_memory_1626757492,mobservice2,memory,mobile,0.5,anchored_random_rest,0.64,0.0,1.0,1.0
mobservice2_memory_1626785359,mobservice2,memory,mobile,0.5,anchored_random_rest,0.44000000000000006,0.0,0.4,1.0
mobservice2_memory_1626890346,mobservice2,memory,mobile,0.5,anchored_random_rest,0.4,0.0,0.4,1.0
mobservice2_memory_1626935991,mobservice2,memory,mobile,0.5,anchored_random_rest,0.72,0.2,0.8,1.0
mobservice2_memory_1626958150,mobservice2,memory,mobile,0.5,anchored_random_rest,0.6,0.0,0.6,1.0
mobservice2_memory_1626961197,mobservice2,memory,mobile,0.5,anchored_random_rest,0.8400000000000001,0.4,1.0,1.0
mobservice2_memory_1626985877,mobservice2,memory,mobile,0.5,anchored_random_rest,0.9199999999999999,0.6,1.0,1.0
mobservice2_memory_1627037496,mobservice2,memory,mobile,0.5,anchored_random_rest,0.48,0.0,0.6,1.0
mobservice2_memory_1627044227,mobservice2,memory,mobile,0.5,anchored_random_rest,0.56,0.0,0.6,1.0
mobservice2_memory_1627065444,mobservice2,memory,mobile,0.5,anchored_random_rest,0.44000000000000006,0.0,0.4,1.0
mobservice2_memory_1627119333,mobservice2,memory,mobile,0.5,anchored_random_rest,0.64,0.0,0.6,1.0
mobservice2_memory_1627204060,mobservice2,memory,mobile,0.5,anchored_random_rest,0.76,0.0,1.0,1.0
mobservice2_memory_1627230225,mobservice2,memory,mobile,0.5,anchored_random_rest,0.8400000000000001,0.4,1.0,1.0
mobservice2_memory_1627256808,mobservice2,memory,mobile,0.5,anchored_random_rest,0.8400000000000001,0.2,1.0,1.0
mobservice2_memory_1627260359,mobservice2,memory,mobile,0.5,anchored_random_rest,0.76,0.6,0.6,1.0
mobservice2_memory_1627296468,mobservice2,memory,mobile,0.5,anchored_random_rest,0.28,0.0,0.0,1.0
mobservice2_memory_1627357843,mobservice2,memory,mobile,0.5,anchored_random_rest,0.6,0.0,1.0,1.0
mobservice2_memory_1627365277,mobservice2,memory,mobile,0.5,anchored_random_rest,0.76,0.6,0.6,1.0
mobservice2_memory_1627374212,mobservice2,memory,mobile,0.5,anchored_random_rest,1.0,1.0,1.0,1.0
mobservice2_memory_1627436047,mobservice2,memory,mobile,0.5,anchored_random_rest,0.76,0.2,0.8,1.0
mobservice2_memory_1627471954,mobservice2,memory,mobile,0.5,anchored_random_rest,0.8400000000000001,0.4,1.0,1.0
mobservice2_memory_1627514362,mobservice2,memory,mobile,0.5,anchored_random_rest,1.0,1.0,1.0,1.0
mobservice2_memory_1627554299,mobservice2,memory,mobile,0.5,anchored_random_rest,0.6799999999999999,0.4,0.6,1.0
mobservice2_memory_1627713570,mobservice2,memory,mobile,0.5,anchored_random_rest,0.32,0.0,0.0,1.0
mobservice2_memory_1627731436,mobservice2,memory,mobile,0.5,anchored_random_rest,0.72,0.4,0.8,1.0
mobservice2_qr_expired_1625152105,mobservice2,qr_expired,mobile,0.5,anchored_random_rest,0.8400000000000001,0.4,1.0,1.0
mobservice2_qr_expired_1625179967,mobservice2,qr_expired,mobile,0.5,anchored_random_rest,0.2,0.0,0.0,1.0
mobservice2_qr_expired_1625210422,mobservice2,qr_expired,mobile,0.5,anchored_random_rest,0.76,0.0,1.0,1.0
mobservice2_qr_expired_1625242846,mobservice2,qr_expired,mobile,0.5,anchored_random_rest,0.76,0.0,1.0,1.0
mobservice2_qr_expired_1625275953,mobservice2,qr_expired,mobile,0.5,anchored_random_rest,0.9199999999999999,0.6,1.0,1.0
mobservice2_qr_expired_1625302666,mobservice2,qr_expired,mobile,0.5,anchored_random_rest,0.76,0.2,1.0,1.0
mobservice2_qr_expired_1625334978,mobservice2,qr_expired,mobile,0.5,anchored_random_rest,0.6799999999999999,0.0,1.0,1.0
mobservice2_qr_expired_1625360218,mobservice2,qr_expired,mobile,0.5,anchored_random_rest,0.96,0.8,1.0,1.0
mobservice2_qr_expired_1625390816,mobservice2,qr_expired,mobile,0.5,anchored_random_rest,0.9199999999999999,0.6,1.0,1.0
mobservice2_qr_expired_1625425284,mobservice2,qr_expired,mobile,0.5,anchored_random_rest,0.8,0.2,1.0,1.0
mobservice2_qr_expired_1625455022,mobservice2,qr_expired,mobile,0.5,anchored_random_rest,1.0,1.0,1.0,1.0
mobservice2_qr_expired_1625489299,mobservice2,qr_expired,mobile,0.5,anchored_random_rest,0.8800000000000001,0.4,1.0,1.0
mobservice2_qr_expired_1625521837,mobservice2,qr_expired,mobile,0.5,anchored_random_rest,0.27999999999999997,0.0,0.2,1.0
mobservice2_qr_expired_1625553275,mobservice2,qr_expired,mobile,0.5,anchored_random_rest,0.96,0.8,1.0,1.0
mobservice2_qr_expired_1625586485,mobservice2,qr_expired,mobile,0.5,anchored_random_rest,0.5599999999999999,0.0,0.6,1.0
mobservice2_qr_expired_1625632041,mobservice2,qr_expired,mobile,0.5,anchored_random_rest,0.6799999999999999,0.0,1.0,1.0
mobservice2_qr_expired_1625675866,mobservice2,qr_expired,mobile,0.5,anchored_random_rest,0.56,0.0,0.6,1.0
mobservice2_qr_expired_1625722797,mobservice2,qr_expired,mobile,0.5,anchored_random_rest,0.68,0.4,0.6,1.0
mobservice2_qr_expired_1625778458,mobservice2,qr_expired,mobile,0.5,anchored_random_rest,0.8400000000000001,0.2,1.0,1.0
mobservice2_qr_expired_1625827086,mobservice2,qr_expired,mobile,0.5,anchored_random_rest,0.2,0.0,0.0,1.0
mobservice2_qr_expired_1625871929,mobservice2,qr_expired,mobile,0.5,anchored_random_rest,0.6799999999999999,0.2,1.0,1.0
mobservice2_qr_expired_1625913424,mobservice2,qr_expired,mobile,0.5,anchored_random_rest,0.8400000000000001,0.2,1.0,1.0
mobservice2_qr_expired_1625953921,mobservice2,qr_expired,mobile,0.5,anchored_random_rest,1.0,1.0,1.0,1.0
mobservice2_qr_expired_1625991677,mobservice2,qr_expired,mobile,0.5,anchored_random_rest,0.44000000000000006,0.0,0.4,1.0
mobservice2_qr_expired_1626027488,mobservice2,qr_expired,mobile,0.5,anchored_random_rest,0.64,0.0,1.0,1.0
mobservice2_qr_expired_1626055588,mobservice2,qr_expired,mobile,0.5,anchored_random_rest,0.2,0.0,0.0,1.0
mobservice2_qr_expired_1626092428,mobservice2,qr_expired,mobile,0.5,anchored_random_rest,0.2,0.0,0.0,1.0
mobservice2_qr_expired_1626126195,mobservice2,qr_expired,mobile,0.5,anchored_random_rest,0.5599999999999999,0.0,0.8,1.0
mobservice2_qr_expired_1626148468,mobservice2,qr_expired,mobile,0.5,anchored_random_rest,0.72,0.2,0.8,1.0
mobservice2_qr_expired_1626179787,mobservice2,qr_expired,mobile,0.5,anchored_random_rest,0.8400000000000001,0.2,1.0,1.0
mobservice2_qr_expired_1626214192,mobservice2,qr_expired,mobile,0.5,anchored_random_rest,0.6,0.0,0.8,1.0
mobservice2_qr_expired_1626250092,mobservice2,qr_expired,mobile,0.5,anchored_random_rest,0.2,0.0,0.0,1.0
mobservice2_qr_expired_1626285754,mobservice2,qr_expired,mobile,0.5,anchored_random_rest,0.64,0.4,0.6,1.0
mobservice2_qr_expired_1626320898,mobservice2,qr_expired,mobile,0.5,anchored_random_rest,0.9199999999999999,0.6,1.0,1.0
mobservice2_qr_expired_1626353097,mobservice2,qr_expired,mobile,0.5,anchored_random_rest,0.76,0.2,1.0,1.0
mobservice2_qr_expired_1626386746,mobservice2,qr_expired,mobile,0.5,anchored_random_rest,0.36,0.2,0.2,1.0
mobservice2_qr_expired_1626422509,mobservice2,qr_expired,mobile,0.5,anchored_random_rest,0.44000000000000006,0.0,0.2,1.0
mobservice2_qr_expired_1626455756,mobservice2,qr_expired,mobile,0.5,anchored_random_rest,0.6,0.4,0.6,1.0
mobservice2_qr_expired_1626488967,mobservice2,qr_expired,mobile,0.5,anchored_random_rest,0.9199999999999999,0.6,1.0,1.0
mobservice2_qr_expired_1626516592,mobservice2,qr_expired,mobile,0.5,anchored_random_rest,0.6,0.2,0.6,1.0
mobservice2_qr_expired_1626548205,mobservice2,qr_expired,mobile,0.5,anchored_random_rest,1.0,1.0,1.0,1.0
mobservice2_qr_expired_1626576971,mobservice2,qr_expired,mobile,0.5,anchored_random_rest,0.96,0.8,1.0,1.0
mobservice2_qr_expired_1626607755,mobservice2,qr_expired,mobile,0.5,anchored_random_rest,1.0,1.0,1.0,1.0
mobservice2_qr_expired_1626636652,mobservice2,qr_expired,mobile,0.5,anchored_random_rest,0.48,0.0,0.6,1.0
mobservice2_qr_expired_1626763751,mobservice2,qr_expired,mobile,0.5,anchored_random_rest,0.64,0.0,1.0,1.0
mobservice2_qr_expired_1626790862,mobservice2,qr_expired,mobile,0.5,anchored_random_rest,0.2,0.0,0.0,1.0
mobservice2_qr_expired_1626826499,mobservice2,qr_expired,mobile,0.5,anchored_random_rest,0.64,0.4,0.6,1.0
mobservice2_qr_expired_1626855935,mobservice2,qr_expired,mobile,0.5,anchored_random_rest,0.8800000000000001,0.4,1.0,1.0
mobservice2_qr_expired_1626885208,mobservice2,qr_expired,mobile,0.5,anchored_random_rest,0.96,0.8,1.0,1.0
mobservice2_qr_expired_1626911607,mobservice2,qr_expired,mobile,0.5,anchored_random_rest,0.8,0.2,1.0,1.0
mobservice2_qr_expired_1626942742,mobservice2,qr_expired,mobile,0.5,anchored_random_rest,0.8400000000000001,0.2,1.0,1.0
mobservice2_qr_expired_1626974155,mobservice2,qr_expired,mobile,0.5,anchored_random_rest,0.32,0.0,0.2,1.0
mobservice2_qr_expired_1626999471,mobservice2,qr_expired,mobile,0.5,anchored_random_rest,0.72,0.2,0.8,1.0
mobservice2_qr_expired_1627030453,mobservice2,qr_expired,mobile,0.5,anchored_random_rest,0.76,0.0,1.0,1.0
mobservice2_qr_expired_1627056700,mobservice2,qr_expired,mobile,0.5,anchored_random_rest,0.5599999999999999,0.0,0.6,1.0
mobservice2_qr_expired_1627085196,mobservice2,qr_expired,mobile,0.5,anchored_random_rest,0.9199999999999999,0.6,1.0,1.0
mobservice2_qr_expired_1627113655,mobservice2,qr_expired,mobile,0.5,anchored_random_rest,0.72,0.0,1.0,1.0
mobservice2_qr_expired_1627141574,mobservice2,qr_expired,mobile,0.5,anchored_random_rest,0.64,0.2,0.8,1.0
mobservice2_qr_expired_1627170090,mobservice2,qr_expired,mobile,0.5,anchored_random_rest,0.4,0.0,0.0,1.0
mobservice2_qr_expired_1627194645,mobservice2,qr_expired,mobile,0.5,anchored_random_rest,0.6,0.0,0.6,1.0
mobservice2_qr_expired_1627220128,mobservice2,qr_expired,mobile,0.5,anchored_random_rest,0.96,0.8,1.0,1.0
mobservice2_qr_expired_1627249800,mobservice2,qr_expired,mobile,0.5,anchored_random_rest,1.0,1.0,1.0,1.0
mobservice2_qr_expired_1627279670,mobservice2,qr_expired,mobile,0.5,anchored_random_rest,0.64,0.0,0.8,1.0
mobservice2_qr_expired_1627308362,mobservice2,qr_expired,mobile,0.5,anchored_random_rest,0.6799999999999999,0.0,1.0,1.0
mobservice2_qr_expired_1627337234,mobservice2,qr_expired,mobile,0.5,anchored_random_rest,0.2,0.0,0.0,1.0
mobservice2_qr_expired_1627363820,mobservice2,qr_expired,mobile,0.5,anchored_random_rest,0.52,0.0,0.6,1.0
mobservice2_qr_expired_1627389398,mobservice2,qr_expired,mobile,0.5,anchored_random_rest,0.68,0.0,0.8,1.0
mobservice2_qr_expired_1627418217,mobservice2,qr_expired,mobile,0.5,anchored_random_rest,0.4,0.0,0.2,1.0
mobservice2_qr_expired_1627450448,mobservice2,qr_expired,mobile,0.5,anchored_random_rest,1.0,1.0,1.0,1.0
mobservice2_qr_expired_1627475638,mobservice2,qr_expired,mobile,0.5,anchored_random_rest,0.8800000000000001,0.4,1.0,1.0
mobservice2_qr_expired_1627503713,mobservice2,qr_expired,mobile,0.5,anchored_random_rest,0.48,0.2,0.4,1.0
mobservice2_qr_expired_1627532257,mobservice2,qr_expired,mobile,0.5,anchored_random_rest,1.0,1.0,1.0,1.0
mobservice2_qr_expired_1627561033,mobservice2,qr_expired,mobile,0.5,anchored_random_rest,1.0,1.0,1.0,1.0
mobservice2_qr_expired_1627590661,mobservice2,qr_expired,mobile,0.5,anchored_random_rest,0.68,0.2,0.8,1.0
mobservice2_qr_expired_1627615107,mobservice2,qr_expired,mobile,0.5,anchored_random_rest,1.0,1.0,1.0,1.0
mobservice2_qr_expired_1627645682,mobservice2,qr_expired,mobile,0.5,anchored_random_rest,1.0,1.0,1.0,1.0
mobservice2_qr_expired_1627671327,mobservice2,qr_expired,mobile,0.5,anchored_random_rest,0.48,0.0,0.4,1.0
mobservice2_qr_expired_1627694165,mobservice2,qr_expired,mobile,0.5,anchored_random_rest,0.44000000000000006,0.0,0.2,1.0
mobservice2_qr_expired_1627721066,mobservice2,qr_expired,mobile,0.5,anchored_random_rest,0.44000000000000006,0.0,0.4,1.0
mobservice2_qr_expired_1627741589,mobservice2,qr_expired,mobile,0.5,anchored_random_rest,0.2,0.0,0.0,1.0
redisservice1_errno111_1626751802,redisservice1,errno111,cache,0.5,anchored_random_rest,0.72,0.4,0.8,1.0
redisservice1_errno111_1626752423,redisservice1,errno111,cache,0.5,anchored_random_rest,0.24000000000000005,0.0,0.0,1.0
redisservice1_memory_1625145523,redisservice1,memory,cache,0.5,anchored_random_rest,0.72,0.4,0.8,1.0
redisservice1_memory_1625157279,redisservice1,memory,cache,0.5,anchored_random_rest,0.52,0.0,0.4,1.0
redisservice1_memory_1625174903,redisservice1,memory,cache,0.5,anchored_random_rest,0.6,0.0,0.8,1.0
redisservice1_memory_1625272609,redisservice1,memory,cache,0.5,anchored_random_rest,0.32,0.0,0.0,1.0
redisservice1_memory_1625332594,redisservice1,memory,cache,0.5,anchored_random_rest,0.8,0.2,1.0,1.0
redisservice1_memory_1625420467,redisservice1,memory,cache,0.5,anchored_random_rest,0.52,0.0,0.6,1.0
redisservice1_memory_1625453062,redisservice1,memory,cache,0.5,anchored_random_rest,0.4,0.0,0.2,1.0
redisservice1_memory_1625473678,redisservice1,memory,cache,0.5,anchored_random_rest,0.6,0.0,1.0,1.0
redisservice1_memory_1625508996,redisservice1,memory,cache,0.5,anchored_random_rest,0.56,0.0,0.4,1.0
redisservice1_memory_1625609699,redisservice1,memory,cache,0.5,anchored_random_rest,0.8800000000000001,0.4,1.0,1.0
redisservice1_memory_1625631347,redisservice1,memory,cache,0.5,anchored_random_rest,1.0,1.0,1.0,1.0
redisservice1_memory_1625699447,redisservice1,memory,cache,0.5,anchored_random_rest,0.52,0.0,0.6,1.0
redisservice1_memory_1625816205,redisservice1,memory,cache,0.5,anchored_random_rest,0.9199999999999999,0.6,1.0,1.0
redisservice1_memory_1625882934,redisservice1,memory,cache,0.5,anchored_random_rest,0.9199999999999999,0.8,1.0,1.0
redisservice1_memory_1625942635,redisservice1,memory,cache,0.5,anchored_random_rest,0.6799999999999999,0.4,0.6,1.0
redisservice1_memory_1626014952,redisservice1,memory,cache,0.5,anchored_random_rest,0.36,0.0,0.2,1.0
redisservice1_memory_1626130579,redisservice1,memory,cache,0.5,anchored_random_rest,0.8800000000000001,0.6,1.0,1.0
redisservice1_memory_1626172859,redisservice1,memory,cache,0.5,anchored_random_rest,0.8,0.4,0.8,1.0
redisservice1_memory_1626177452,redisservice1,memory,cache,0.5,anchored_random_rest,0.64,0.2,0.6,1.0
redisservice1_memory_1626185810,redisservice1,memory,cache,0.5,anchored_random_rest,0.28,0.0,0.0,1.0
redisservice1_memory_1626275221,redisservice1,memory,cache,0.5,anchored_random_rest,0.36,0.0,0.2,1.0
redisservice1_memory_1626278567,redisservice1,memory,cache,0.5,anchored_random_rest,0.8400000000000001,0.2,1.0,1.0
redisservice1_memory_1626337048,redisservice1,memory,cache,0.5,anchored_random_rest,0.9199999999999999,0.6,1.0,1.0
redisservice1_memory_1626374212,redisservice1,memory,cache,0.5,anchored_random_rest,0.72,0.2,1.0,1.0
redisservice1_memory_1626444115,redisservice1,memory,cache,0.5,anchored_random_rest,0.28,0.0,0.0,1.0
redisservice1_memory_1626517230,redisservice1,memory,cache,0.5,anchored_random_rest,0.52,0.0,0.4,1.0
redisservice1_memory_1626520325,redisservice1,memory,cache,0.5,anchored_random_rest,0.44000000000000006,0.0,0.4,1.0
redisservice1_memory_1626552122,redisservice1,memory,cache,0.5,anchored_random_rest,0.52,0.0,0.6,1.0
redisservice1_memory_1626758417,redisservice1,memory,cache,0.5,anchored_random_rest,0.44000000000000006,0.0,0.4,1.0
redisservice1_memory_1626851723,redisservice1,memory,cache,0.5,anchored_random_rest,0.48,0.2,0.2,1.0
redisservice1_memory_1626864205,redisservice1,memory,cache,0.5,anchored_random_rest,0.6,0.0,0.8,1.0
redisservice1_memory_1626871199,redisservice1,memory,cache,0.5,anchored_random_rest,0.76,0.4,0.8,1.0
redisservice1_memory_1626943678,redisservice1,memory,cache,0.5,anchored_random_rest,0.8800000000000001,0.4,1.0,1.0
redisservice1_memory_1626975786,redisservice1,memory,cache,0.5,anchored_random_rest,0.64,0.4,0.6,1.0
redisservice1_memory_1626979689,redisservice1,memory,cache,0.5,anchored_random_rest,0.64,0.4,0.6,1.0
redisservice1_memory_1627002068,redisservice1,memory,cache,0.5,anchored_random_rest,0.72,0.4,0.8,1.0
redisservice1_memory_1627081010,redisservice1,memory,cache,0.5,anchored_random_rest,0.8800000000000001,0.6,1.0,1.0
redisservice1_memory_1627111126,redisservice1,memory,cache,0.5,anchored_random_rest,0.64,0.2,0.6,1.0
redisservice1_memory_1627213476,redisservice1,memory,cache,0.5,anchored_random_rest,0.96,0.8,1.0,1.0
redisservice1_memory_1627219738,redisservice1,memory,cache,0.5,anchored_random_rest,0.8400000000000001,0.4,1.0,1.0
redisservice1_memory_1627303947,redisservice1,memory,cache,0.5,anchored_random_rest,0.8800000000000001,0.4,1.0,1.0
redisservice1_memory_1627332332,redisservice1,memory,cache,0.5,anchored_random_rest,0.5599999999999999,0.0,0.6,1.0
redisservice1_memory_1627362134,redisservice1,memory,cache,0.5,anchored_random_rest,0.8800000000000001,0.6,1.0,1.0
redisservice1_memory_1627367085,redisservice1,memory,cache,0.5,anchored_random_rest,0.64,0.2,0.8,1.0
redisservice1_memory_1627381864,redisservice1,memory,cache,0.5,anchored_random_rest,0.96,0.8,1.0,1.0
redisservice1_memory_1627436567,redisservice1,memory,cache,0.5,anchored_random_rest,0.9199999999999999,0.6,1.0,1.0
redisservice1_memory_1627512202,redisservice1,memory,cache,0.5,anchored_random_rest,0.28,0.0,0.0,1.0
redisservice1_memory_1627531834,redisservice1,memory,cache,0.5,anchored_random_rest,0.32,0.0,0.2,1.0
redisservice1_memory_1627574700,redisservice1,memory,cache,0.5,anchored_random_rest,0.27999999999999997,0.0,0.2,1.0
redisservice1_memory_1627588078,redisservice1,memory,cache,0.5,anchored_random_rest,0.72,0.2,1.0,1.0
redisservice1_memory_1627657138,redisservice1,memory,cache,0.5,anchored_random_rest,0.44000000000000006,0.0,0.2,1.0
redisservice1_memory_1627670203,redisservice1,memory,cache,0.5,anchored_random_rest,0.8,0.2,1.0,1.0
redisservice1_memory_1627713030,redisservice1,memory,cache,0.5,anchored_random_rest,0.8800000000000001,0.4,1.0,1.0
redisservice1_memory_1627749155,redisservice1,memory,cache,0.5,anchored_random_rest,0.24000000000000005,0.0,0.0,1.0
redisservice1_memory_1627760867,redisservice1,memory,cache,0.5,anchored_random_rest,0.36,0.0,0.2,1.0
redisservice2_errno111_1626751801,redisservice2,errno111,cache,0.5,anchored_random_rest,1.0,1.0,1.0,1.0
redisservice2_errno111_1626752427,redisservice2,errno111,cache,0.5,anchored_random_rest,0.6,0.2,0.6,1.0
redisservice2_memory_1625155035,redisservice2,memory,cache,0.5,anchored_random_rest,0.9199999999999999,0.6,1.0,1.0
redisservice2_memory_1625165701,redisservice2,memory,cache,0.5,anchored_random_rest,0.52,0.2,0.4,1.0
redisservice2_memory_1625175011,redisservice2,memory,cache,0.5,anchored_random_rest,0.6,0.0,0.8,1.0
redisservice2_memory_1625179202,redisservice2,memory,cache,0.5,anchored_random_rest,0.76,0.2,1.0,1.0
redisservice2_memory_1625250114,redisservice2,memory,cache,0.5,anchored_random_rest,0.6799999999999999,0.0,1.0,1.0
redisservice2_memory_1625264600,redisservice2,memory,cache,0.5,anchored_random_rest,0.6,0.2,0.6,1.0
redisservice2_memory_1625320792,redisservice2,memory,cache,0.5,anchored_random_rest,0.44000000000000006,0.0,0.4,1.0
redisservice2_memory_1625324488,redisservice2,memory,cache,0.5,anchored_random_rest,0.36,0.0,0.0,1.0
redisservice2_memory_1625493529,redisservice2,memory,cache,0.5,anchored_random_rest,0.52,0.0,0.4,1.0
redisservice2_memory_1625512043,redisservice2,memory,cache,0.5,anchored_random_rest,0.28,0.0,0.0,1.0
redisservice2_memory_1625620800,redisservice2,memory,cache,0.5,anchored_random_rest,0.76,0.2,1.0,1.0
redisservice2_memory_1625692590,redisservice2,memory,cache,0.5,anchored_random_rest,0.48,0.0,0.4,1.0
redisservice2_memory_1625733844,redisservice2,memory,cache,0.5,anchored_random_rest,0.9199999999999999,0.6,1.0,1.0
redisservice2_memory_1625752669,redisservice2,memory,cache,0.5,anchored_random_rest,0.43999999999999995,0.0,0.6,1.0
redisservice2_memory_1625768486,redisservice2,memory,cache,0.5,anchored_random_rest,0.4,0.0,0.4,1.0
redisservice2_memory_1625790000,redisservice2,memory,cache,0.5,anchored_random_rest,0.96,0.8,1.0,1.0
redisservice2_memory_1625819320,redisservice2,memory,cache,0.5,anchored_random_rest,0.44000000000000006,0.0,0.4,1.0
redisservice2_memory_1625845367,redisservice2,memory,cache,0.5,anchored_random_rest,0.32,0.0,0.2,1.0
redisservice2_memory_1625874853,redisservice2,memory,cache,0.5,anchored_random_rest,0.9199999999999999,0.6,1.0,1.0
redisservice2_memory_1625882839,redisservice2,memory,cache,0.5,anchored_random_rest,0.28,0.0,0.0,1.0
redisservice2_memory_1625954379,redisservice2,memory,cache,0.5,anchored_random_rest,0.8400000000000001,0.8,0.8,1.0
redisservice2_memory_1625985172,redisservice2,memory,cache,0.5,anchored_random_rest,0.64,0.0,1.0,1.0
redisservice2_memory_1626048164,redisservice2,memory,cache,0.5,anchored_random_rest,0.64,0.0,0.8,1.0
redisservice2_memory_1626074288,redisservice2,memory,cache,0.5,anchored_random_rest,0.44000000000000006,0.0,0.4,1.0
redisservice2_memory_1626096553,redisservice2,memory,cache,0.5,anchored_random_rest,0.36,0.0,0.2,1.0
redisservice2_memory_1626127643,redisservice2,memory,cache,0.5,anchored_random_rest,0.9199999999999999,0.6,1.0,1.0
redisservice2_memory_1626131951,redisservice2,memory,cache,0.5,anchored_random_rest,0.9199999999999999,0.8,1.0,1.0
redisservice2_memory_1626178417,redisservice2,memory,cache,0.5,anchored_random_rest,0.4,0.0,0.2,1.0
redisservice2_memory_1626247718,redisservice2,memory,cache,0.5,anchored_random_rest,0.8400000000000001,0.2,1.0,1.0
redisservice2_memory_1626307296,redisservice2,memory,cache,0.5,anchored_random_rest,0.4,0.0,0.2,1.0
redisservice2_memory_1626319731,redisservice2,memory,cache,0.5,anchored_random_rest,0.6,0.0,0.8,1.0
redisservice2_memory_1626375654,redisservice2,memory,cache,0.5,anchored_random_rest,0.5599999999999999,0.0,0.6,1.0
redisservice2_memory_1626410429,redisservice2,memory,cache,0.5,anchored_random_rest,0.6799999999999999,0.2,0.8,1.0
redisservice2_memory_1626496139,redisservice2,memory,cache,0.5,anchored_random_rest,0.32,0.0,0.2,1.0
redisservice2_memory_1626741618,redisservice2,memory,cache,0.5,anchored_random_rest,0.8400000000000001,0.6,0.8,1.0
redisservice2_memory_1626765949,redisservice2,memory,cache,0.5,anchored_random_rest,0.8800000000000001,0.6,1.0,1.0
redisservice2_memory_1626783759,redisservice2,memory,cache,0.5,anchored_random_rest,0.9199999999999999,0.6,1.0,1.0
redisservice2_memory_1626847510,redisservice2,memory,cache,0.5,anchored_random_rest,0.44000000000000006,0.0,0.2,1.0
redisservice2_memory_1626861594,redisservice2,memory,cache,0.5,anchored_random_rest,0.72,0.0,1.0,1.0
redisservice2_memory_1626934034,redisservice2,memory,cache,0.5,anchored_random_rest,0.4,0.2,0.2,1.0
redisservice2_memory_1627016217,redisservice2,memory,cache,0.5,anchored_random_rest,0.6,0.4,0.4,1.0
redisservice2_memory_1627022600,redisservice2,memory,cache,0.5,anchored_random_rest,0.52,0.4,0.4,1.0
redisservice2_memory_1627063787,redisservice2,memory,cache,0.5,anchored_random_rest,0.52,0.2,0.4,1.0
redisservice2_memory_1627072253,redisservice2,memory,cache,0.5,anchored_random_rest,0.68,0.0,0.8,1.0
redisservice2_memory_1627115108,redisservice2,memory,cache,0.5,anchored_random_rest,0.72,0.2,0.8,1.0
redisservice2_memory_1627140541,redisservice2,memory,cache,0.5,anchored_random_rest,0.52,0.2,0.4,1.0
redisservice2_memory_1627269946,redisservice2,memory,cache,0.5,anchored_random_rest,0.4,0.0,0.2,1.0
redisservice2_memory_1627293263,redisservice2,memory,cache,0.5,anchored_random_rest,0.27999999999999997,0.0,0.2,1.0
redisservice2_memory_1627386167,redisservice2,memory,cache,0.5,anchored_random_rest,0.76,0.2,0.8,1.0
redisservice2_memory_1627409250,redisservice2,memory,cache,0.5,anchored_random_rest,0.64,0.2,0.8,1.0
redisservice2_memory_1627454973,redisservice2,memory,cache,0.5,anchored_random_rest,0.9199999999999999,0.6,1.0,1.0
redisservice2_memory_1627585056,redisservice2,memory,cache,0.5,anchored_random_rest,0.4,0.0,0.2,1.0
redisservice2_memory_1627613855,redisservice2,memory,cache,0.5,anchored_random_rest,0.4,0.0,0.2,1.0
redisservice2_memory_1627629714,redisservice2,memory,cache,0.5,anchored_random_rest,0.44000000000000006,0.0,0.4,1.0
redisservice2_memory_1627738678,redisservice2,memory,cache,0.5,anchored_random_rest,0.5599999999999999,0.0,0.8,1.0
redisservice2_memory_1627745580,redisservice2,memory,cache,0.5,anchored_random_rest,0.52,0.0,0.4,1.0
redisservice2_memory_1627748697,redisservice2,memory,cache,0.5,anchored_random_rest,0.32,0.0,0.2,1.0
webservice1_cpu_1627724616,webservice1,cpu,web,0.5,anchored_random_rest,0.6,0.0,0.8,1.0
webservice1_errno111_1626750601,webservice1,errno111,web,0.5,anchored_random_rest,0.6,0.0,0.8,1.0
webservice1_errno111_1626750732,webservice1,errno111,web,0.5,anchored_random_rest,0.6,0.2,0.6,1.0
webservice1_file_move_1625256600,webservice1,file_move,web,0.5,anchored_random_rest,1.0,1.0,1.0,1.0
webservice1_file_move_1625371800,webservice1,file_move,web,0.5,anchored_random_rest,1.0,1.0,1.0,1.0
webservice1_file_move_1625400601,webservice1,file_move,web,0.5,anchored_random_rest,0.8,0.2,1.0,1.0
webservice1_file_move_1625631001,webservice1,file_move,web,0.5,anchored_random_rest,1.0,1.0,1.0,1.0
webservice1_file_move_1625706600,webservice1,file_move,web,0.5,anchored_random_rest,1.0,1.0,1.0,1.0
webservice1_file_move_1625775000,webservice1,file_move,web,0.5,anchored_random_rest,0.76,0.2,1.0,1.0
webservice1_file_move_1625890201,webservice1,file_move,web,0.5,anchored_random_rest,0.8800000000000001,0.6,1.0,1.0
webservice1_file_move_1625933400,webservice1,file_move,web,0.5,anchored_random_rest,0.8400000000000001,0.2,1.0,1.0
webservice1_file_move_1626149400,webservice1,file_move,web,0.5,anchored_random_rest,0.76,0.4,0.8,1.0
webservice1_file_move_1626264600,webservice1,file_move,web,0.5,anchored_random_rest,0.76,0.2,1.0,1.0
webservice1_file_move_1626351000,webservice1,file_move,web,0.5,anchored_random_rest,0.8800000000000001,0.4,1.0,1.0
webservice1_file_move_1626509400,webservice1,file_move,web,0.5,anchored_random_rest,0.8800000000000001,0.6,1.0,1.0
webservice1_file_move_1626797400,webservice1,file_move,web,0.5,anchored_random_rest,0.9199999999999999,0.6,1.0,1.0
webservice1_file_move_1626840600,webservice1,file_move,web,0.5,anchored_random_rest,0.9199999999999999,0.6,1.0,1.0
webservice1_file_move_1626916200,webservice1,file_move,web,0.5,anchored_random_rest,0.9199999999999999,0.8,1.0,1.0
webservice1_file_move_1627114200,webservice1,file_move,web,0.5,anchored_random_rest,0.96,0.8,1.0,1.0
webservice1_file_move_1627503000,webservice1,file_move,web,0.5,anchored_random_rest,0.9199999999999999,0.6,1.0,1.0
webservice1_file_move_1627521000,webservice1,file_move,web,0.5,anchored_random_rest,1.0,1.0,1.0,1.0
webservice1_file_move_1627531800,webservice1,file_move,web,0.5,anchored_random_rest,1.0,1.0,1.0,1.0
webservice1_file_move_1627607400,webservice1,file_move,web,0.5,anchored_random_rest,0.9199999999999999,0.6,1.0,1.0
webservice1_file_move_1627632600,webservice1,file_move,web,0.5,anchored_random_rest,1.0,1.0,1.0,1.0
webservice1_file_move_1627661400,webservice1,file_move,web,0.5,anchored_random_rest,0.96,0.8,1.0,1.0
webservice1_memory_1625222072,webservice1,memory,web,0.5,anchored_random_rest,0.4,0.0,0.4,1.0
webservice1_memory_1625373179,webservice1,memory,web,0.5,anchored_random_rest,0.6799999999999999,0.0,1.0,1.0
webservice1_memory_1625380916,webservice1,memory,web,0.5,anchored_random_rest,0.48,0.0,0.4,1.0
webservice1_memory_1625415630,webservice1,memory,web,0.5,anchored_random_rest,0.32,0.0,0.2,1.0
webservice1_memory_1625506658,webservice1,memory,web,0.5,anchored_random_rest,0.24000000000000005,0.0,0.0,1.0
webservice1_memory_1625522955,webservice1,memory,web,0.5,anchored_random_rest,0.32,0.0,0.0,1.0
webservice1_memory_1625546136,webservice1,memory,web,0.5,anchored_random_rest,0.64,0.0,0.6,1.0
webservice1_memory_1625607930,webservice1,memory,web,0.5,anchored_random_rest,0.36,0.0,0.0,1.0
webservice1_memory_1625662559,webservice1,memory,web,0.5,anchored_random_rest,0.6,0.0,0.6,1.0
webservice1_memory_1625715729,webservice1,memory,web,0.5,anchored_random_rest,0.8400000000000001,0.6,0.8,1.0
webservice1_memory_1625744233,webservice1,memory,web,0.5,anchored_random_rest,0.5599999999999999,0.0,0.8,1.0
webservice1_memory_1625777703,webservice1,memory,web,0.5,anchored_random_rest,0.48,0.2,0.4,1.0
webservice1_memory_1625820924,webservice1,memory,web,0.5,anchored_random_rest,0.6,0.0,0.8,1.0
webservice1_memory_1625860918,webservice1,memory,web,0.5,anchored_random_rest,0.64,0.0,0.6,1.0
webservice1_memory_1625881257,webservice1,memory,web,0.5,anchored_random_rest,0.6,0.0,0.8,1.0
webservice1_memory_1625903663,webservice1,memory,web,0.5,anchored_random_rest,0.52,0.0,0.6,1.0
webservice1_memory_1625957279,webservice1,memory,web,0.5,anchored_random_rest,0.64,0.0,0.8,1.0
webservice1_memory_1625991808,webservice1,memory,web,0.5,anchored_random_rest,0.72,0.0,1.0,1.0
webservice1_memory_1626079674,webservice1,memory,web,0.5,anchored_random_rest,0.8,0.4,0.8,1.0
webservice1_memory_1626111467,webservice1,memory,web,0.5,anchored_random_rest,0.52,0.2,0.6,1.0
webservice1_memory_1626198054,webservice1,memory,web,0.5,anchored_random_rest,0.8400000000000001,0.4,1.0,1.0
webservice1_memory_1626236265,webservice1,memory,web,0.5,anchored_random_rest,0.24000000000000005,0.0,0.0,1.0
webservice1_memory_1626258904,webservice1,memory,web,0.5,anchored_random_rest,0.48,0.0,0.4,1.0
webservice1_memory_1626322165,webservice1,memory,web,0.5,anchored_random_rest,0.68,0.0,0.8,1.0
webservice1_memory_1626371978,webservice1,memory,web,0.5,anchored_random_rest,0.64,0.2,0.8,1.0
webservice1_memory_1626406508,webservice1,memory,web,0.5,anchored_random_rest,0.32,0.0,0.0,1.0
webservice1_memory_1626434165,webservice1,memory,web,0.5,anchored_random_rest,0.28,0.0,0.0,1.0
webservice1_memory_1626498601,webservice1,memory,web,0.5,anchored_random_rest,0.4,0.0,0.2,1.0
webservice1_memory_1626548045,webservice1,memory,web,0.5,anchored_random_rest,0.36,0.0,0.2,1.0
webservice1_memory_1626605103,webservice1,memory,web,0.5,anchored_random_rest,0.6,0.2,0.6,1.0
webservice1_memory_1626759297,webservice1,memory,web,0.5,anchored_random_rest,0.52,0.0,0.6,1.0
webservice1_memory_1626806854,webservice1,memory,web,0.5,anchored_random_rest,0.48,0.2,0.2,1.0
webservice1_memory_1626829989,webservice1,memory,web,0.5,anchored_random_rest,0.68,0.2,0.8,1.0
webservice1_memory_1626881411,webservice1,memory,web,0.5,anchored_random_rest,0.6799999999999999,0.2,0.8,1.0
webservice1_memory_1626888666,webservice1,memory,web,0.5,anchored_random_rest,0.96,0.8,1.0,1.0
webservice1_memory_1626917861,webservice1,memory,web,0.5,anchored_random_rest,0.64,0.0,0.8,1.0
webservice1_memory_1626933556,webservice1,memory,web,0.5,anchored_random_rest,0.4800000000000001,0.0,0.4,1.0
webservice1_memory_1626956223,webservice1,memory,web,0.5,anchored_random_rest,0.5599999999999999,0.2,0.4,1.0
webservice1_memory_1626992148,webservice1,memory,web,0.5,anchored_random_rest,0.6799999999999999,0.2,0.8,1.0
webservice1_memory_1627046678,webservice1,memory,web,0.5,anchored_random_rest,0.64,0.0,0.8,1.0
webservice1_memory_1627057566,webservice1,memory,web,0.5,anchored_random_rest,0.76,0.6,0.8,1.0
webservice1_memory_1627079078,webservice1,memory,web,0.5,anchored_random_rest,0.72,0.2,0.8,1.0
webservice1_memory_1627100569,webservice1,memory,web,0.5,anchored_random_rest,0.5599999999999999,0.0,0.6,1.0
webservice1_memory_1627122542,webservice1,memory,web,0.5,anchored_random_rest,0.6,0.2,0.6,1.0
webservice1_memory_1627157039,webservice1,memory,web,0.5,anchored_random_rest,0.8,0.4,1.0,1.0
webservice1_memory_1627174739,webservice1,memory,web,0.5,anchored_random_rest,0.6799999999999999,0.0,1.0,1.0
webservice1_memory_1627194266,webservice1,memory,web,0.5,anchored_random_rest,0.32,0.0,0.0,1.0
webservice1_memory_1627218977,webservice1,memory,web,0.5,anchored_random_rest,0.5599999999999999,0.0,0.8,1.0
webservice1_memory_1627316277,webservice1,memory,web,0.5,anchored_random_rest,0.8800000000000001,0.4,1.0,1.0
webservice1_memory_1627330168,webservice1,memory,web,0.5,anchored_random_rest,0.32,0.0,0.0,1.0
webservice1_memory_1627342282,webservice1,memory,web,0.5,anchored_random_rest,0.72,0.2,0.8,1.0
webservice1_memory_1627361744,webservice1,memory,web,0.5,anchored_random_rest,0.36,0.0,0.2,1.0
webservice1_memory_1627381040,webservice1,memory,web,0.5,anchored_random_rest,0.68,0.2,0.8,1.0
webservice1_memory_1627399949,webservice1,memory,web,0.5,anchored_random_rest,0.28,0.0,0.0,1.0
webservice1_memory_1627427700,webservice1,memory,web,0.5,anchored_random_rest,0.72,0.2,0.8,1.0
webservice1_memory_1627539698,webservice1,memory,web,0.5,anchored_random_rest,0.6,0.4,0.4,1.0
webservice1_memory_1627672100,webservice1,memory,web,0.5,anchored_random_rest,0.64,0.2,0.6,1.0
webservice1_memory_1627708025,webservice1,memory,web,0.5,anchored_random_rest,0.24000000000000005,0.0,0.0,1.0
webservice1_memory_1627724870,webservice1,memory,web,0.5,anchored_random_rest,0.36,0.0,0.2,1.0
webservice1_memory_1627750701,webservice1,memory,web,0.5,anchored_random_rest,0.72,0.2,1.0,1.0
webservice2_cpu_1627270294,webservice2,cpu,web,0.5,anchored_random_rest,0.8,0.2,1.0,1.0
webservice2_errno111_1626750601,webservice2,errno111,web,0.5,anchored_random_rest,0.72,0.2,1.0,1.0
webservice2_errno111_1626750706,webservice2,errno111,web,0.5,anchored_random_rest,0.72,0.2,0.8,1.0
webservice2_file_move_1625361000,webservice2,file_move,web,0.5,anchored_random_rest,0.72,0.2,1.0,1.0
webservice2_file_move_1625386200,webservice2,file_move,web,0.5,anchored_random_rest,0.8800000000000001,0.4,1.0,1.0
webservice2_file_move_1625501400,webservice2,file_move,web,0.5,anchored_random_rest,0.28,0.0,0.0,1.0
webservice2_file_move_1625559000,webservice2,file_move,web,0.5,anchored_random_rest,0.36,0.0,0.2,1.0
webservice2_file_move_1625587800,webservice2,file_move,web,0.5,anchored_random_rest,0.44000000000000006,0.2,0.4,1.0
webservice2_file_move_1625793000,webservice2,file_move,web,0.5,anchored_random_rest,0.9199999999999999,0.6,1.0,1.0
webservice2_file_move_1626163800,webservice2,file_move,web,0.5,anchored_random_rest,0.96,0.8,1.0,1.0
webservice2_file_move_1626264600,webservice2,file_move,web,0.5,anchored_random_rest,0.6799999999999999,0.2,1.0,1.0
webservice2_file_move_1626869400,webservice2,file_move,web,0.5,anchored_random_rest,0.8800000000000001,0.4,1.0,1.0
webservice2_file_move_1626883800,webservice2,file_move,web,0.5,anchored_random_rest,0.5599999999999999,0.0,0.6,1.0
webservice2_file_move_1626927000,webservice2,file_move,web,0.5,anchored_random_rest,1.0,1.0,1.0,1.0
webservice2_file_move_1626955800,webservice2,file_move,web,0.5,anchored_random_rest,0.96,0.8,1.0,1.0
webservice2_file_move_1627071001,webservice2,file_move,web,0.5,anchored_random_rest,0.9199999999999999,0.6,1.0,1.0
webservice2_file_move_1627089000,webservice2,file_move,web,0.5,anchored_random_rest,0.8800000000000001,0.4,1.0,1.0
webservice2_file_move_1627215000,webservice2,file_move,web,0.5,anchored_random_rest,0.8,0.2,1.0,1.0
webservice2_file_move_1627488601,webservice2,file_move,web,0.5,anchored_random_rest,0.5599999999999999,0.2,0.4,1.0
webservice2_file_move_1627503000,webservice2,file_move,web,0.5,anchored_random_rest,1.0,1.0,1.0,1.0
webservice2_file_move_1627575000,webservice2,file_move,web,0.5,anchored_random_rest,1.0,1.0,1.0,1.0
webservice2_file_move_1627607400,webservice2,file_move,web,0.5,anchored_random_rest,1.0,1.0,1.0,1.0
webservice2_file_move_1627632600,webservice2,file_move,web,0.5,anchored_random_rest,0.9199999999999999,0.6,1.0,1.0
webservice2_file_move_1627704600,webservice2,file_move,web,0.5,anchored_random_rest,0.9199999999999999,0.6,1.0,1.0
webservice2_memory_1625138212,webservice2,memory,web,0.5,anchored_random_rest,0.28,0.0,0.0,1.0
webservice2_memory_1625154530,webservice2,memory,web,0.5,anchored_random_rest,0.24000000000000005,0.0,0.0,1.0
webservice2_memory_1625212312,webservice2,memory,web,0.5,anchored_random_rest,0.36,0.0,0.2,1.0
webservice2_memory_1625325487,webservice2,memory,web,0.5,anchored_random_rest,0.48,0.0,0.4,1.0
webservice2_memory_1625367620,webservice2,memory,web,0.5,anchored_random_rest,0.44000000000000006,0.0,0.2,1.0
webservice2_memory_1625381030,webservice2,memory,web,0.5,anchored_random_rest,0.72,0.0,1.0,1.0
webservice2_memory_1625418006,webservice2,memory,web,0.5,anchored_random_rest,0.76,0.0,1.0,1.0
webservice2_memory_1625424557,webservice2,memory,web,0.5,anchored_random_rest,0.6799999999999999,0.2,0.8,1.0
webservice2_memory_1625614232,webservice2,memory,web,0.5,anchored_random_rest,0.9199999999999999,0.6,1.0,1.0
webservice2_memory_1625649699,webservice2,memory,web,0.5,anchored_random_rest,0.44000000000000006,0.0,0.6,1.0
webservice2_memory_1625734162,webservice2,memory,web,0.5,anchored_random_rest,0.6,0.0,0.6,1.0
webservice2_memory_1625744497,webservice2,memory,web,0.5,anchored_random_rest,0.5599999999999999,0.0,0.8,1.0
webservice2_memory_1625747511,webservice2,memory,web,0.5,anchored_random_rest,0.6,0.0,0.6,1.0
webservice2_memory_1625777099,webservice2,memory,web,0.5,anchored_random_rest,1.0,1.0,1.0,1.0
webservice2_memory_1625806048,webservice2,memory,web,0.5,anchored_random_rest,0.8400000000000001,0.6,0.8,1.0
webservice2_memory_1625856842,webservice2,memory,web,0.5,anchored_random_rest,0.64,0.2,0.6,1.0
webservice2_memory_1625890558,webservice2,memory,web,0.5,anchored_random_rest,0.5599999999999999,0.0,0.6,1.0
webservice2_memory_1625896703,webservice2,memory,web,0.5,anchored_random_rest,0.8800000000000001,0.6,1.0,1.0
webservice2_memory_1626003242,webservice2,memory,web,0.5,anchored_random_rest,0.52,0.0,0.6,1.0
webservice2_memory_1626007446,webservice2,memory,web,0.5,anchored_random_rest,0.6,0.0,0.8,1.0
webservice2_memory_1626018521,webservice2,memory,web,0.5,anchored_random_rest,0.36,0.0,0.2,1.0
webservice2_memory_1626030740,webservice2,memory,web,0.5,anchored_random_rest,0.72,0.2,1.0,1.0
webservice2_memory_1626052978,webservice2,memory,web,0.5,anchored_random_rest,0.5599999999999999,0.2,0.6,1.0
webservice2_memory_1626097343,webservice2,memory,web,0.5,anchored_random_rest,0.5599999999999999,0.0,0.6,1.0
webservice2_memory_1626104516,webservice2,memory,web,0.5,anchored_random_rest,0.6,0.2,0.8,1.0
webservice2_memory_1626204647,webservice2,memory,web,0.5,anchored_random_rest,0.36,0.0,0.4,1.0
webservice2_memory_1626267308,webservice2,memory,web,0.5,anchored_random_rest,0.36,0.0,0.2,1.0
webservice2_memory_1626284568,webservice2,memory,web,0.5,anchored_random_rest,0.6,0.2,0.6,1.0
webservice2_memory_1626288105,webservice2,memory,web,0.5,anchored_random_rest,0.48,0.0,0.4,1.0
webservice2_memory_1626314797,webservice2,memory,web,0.5,anchored_random_rest,0.24000000000000005,0.0,0.0,1.0
webservice2_memory_1626374035,webservice2,memory,web,0.5,anchored_random_rest,0.52,0.0,0.4,1.0
webservice2_memory_1626417018,webservice2,memory,web,0.5,anchored_random_rest,0.64,0.2,0.8,1.0
webservice2_memory_1626427252,webservice2,memory,web,0.5,anchored_random_rest,0.64,0.0,1.0,1.0
webservice2_memory_1626506288,webservice2,memory,web,0.5,anchored_random_rest,0.68,0.0,0.8,1.0
webservice2_memory_1626525063,webservice2,memory,web,0.5,anchored_random_rest,0.5199999999999999,0.2,0.6,1.0
webservice2_memory_1626589456,webservice2,memory,web,0.5,anchored_random_rest,0.52,0.2,0.4,1.0
webservice2_memory_1626787776,webservice2,memory,web,0.5,anchored_random_rest,0.6799999999999999,0.0,1.0,1.0
webservice2_memory_1626817432,webservice2,memory,web,0.5,anchored_random_rest,0.8,0.2,1.0,1.0
webservice2_memory_1626850836,webservice2,memory,web,0.5,anchored_random_rest,0.6799999999999999,0.2,0.8,1.0
webservice2_memory_1626869243,webservice2,memory,web,0.5,anchored_random_rest,0.8400000000000001,0.2,1.0,1.0
webservice2_memory_1626905392,webservice2,memory,web,0.5,anchored_random_rest,0.36,0.0,0.4,1.0
webservice2_memory_1626939504,webservice2,memory,web,0.5,anchored_random_rest,0.8400000000000001,0.4,1.0,1.0
webservice2_memory_1627032836,webservice2,memory,web,0.5,anchored_random_rest,0.32,0.0,0.0,1.0
webservice2_memory_1627085325,webservice2,memory,web,0.5,anchored_random_rest,0.72,0.0,0.8,1.0
webservice2_memory_1627091294,webservice2,memory,web,0.5,anchored_random_rest,0.52,0.0,0.6,1.0
webservice2_memory_1627100690,webservice2,memory,web,0.5,anchored_random_rest,0.44000000000000006,0.0,0.4,1.0
webservice2_memory_1627119052,webservice2,memory,web,0.5,anchored_random_rest,0.52,0.0,0.4,1.0
webservice2_memory_1627196935,webservice2,memory,web,0.5,anchored_random_rest,0.5599999999999999,0.0,0.6,1.0
webservice2_memory_1627217059,webservice2,memory,web,0.5,anchored_random_rest,0.32,0.0,0.0,1.0
webservice2_memory_1627286385,webservice2,memory,web,0.5,anchored_random_rest,0.6,0.0,0.6,1.0
webservice2_memory_1627323573,webservice2,memory,web,0.5,anchored_random_rest,0.44000000000000006,0.0,0.4,1.0
webservice2_memory_1627354358,webservice2,memory,web,0.5,anchored_random_rest,0.32,0.0,0.0,1.0
webservice2_memory_1627372277,webservice2,memory,web,0.5,anchored_random_rest,0.4,0.0,0.4,1.0
webservice2_memory_1627423928,webservice2,memory,web,0.5,anchored_random_rest,0.48,0.0,0.4,1.0
webservice2_memory_1627432266,webservice2,memory,web,0.5,anchored_random_rest,0.72,0.4,0.8,1.0
webservice2_memory_1627459375,webservice2,memory,web,0.5,anchored_random_rest,0.8,0.2,1.0,1.0
webservice2_memory_1627485396,webservice2,memory,web,0.5,anchored_random_rest,0.44000000000000006,0.0,0.4,1.0
webservice2_memory_1627546421,webservice2,memory,web,0.5,anchored_random_rest,0.72,0.0,0.8,1.0
webservice2_memory_1627570264,webservice2,memory,web,0.5,anchored_random_rest,0.64,0.2,0.8,1.0
webservice2_memory_1627718583,webservice2,memory,web,0.5,anchored_random_rest,0.2,0.0,0.0,1.0
webservice2_memory_1627731038,webservice2,memory,web,0.5,anchored_random_rest,0.48,0.0,0.4,1.0
webservice2_memory_1627742508,webservice2,memory,web,0.5,anchored_random_rest,0.6,0.0,0.8,1.0
webservice2_memory_1627752181,webservice2,memory,web,0.5,anchored_random_rest,0.64,0.2,0.8,1.0
dbservice1_cpu_1627429585,dbservice1,cpu,database,0.5,full_reference,0.6,0.0,1.0,1.0
dbservice1_cpu_1627464819,dbservice1,cpu,database,0.5,full_reference,0.6,0.0,1.0,1.0
dbservice1_cpu_1627475651,dbservice1,cpu,database,0.5,full_reference,0.2,0.0,0.0,1.0
dbservice1_cpu_1627486293,dbservice1,cpu,database,0.5,full_reference,0.0,0.0,0.0,0.0
dbservice1_cpu_1627509699,dbservice1,cpu,database,0.5,full_reference,0.6,0.0,1.0,1.0
dbservice1_cpu_1627529324,dbservice1,cpu,database,0.5,full_reference,0.4,0.0,0.0,1.0
dbservice1_cpu_1627572876,dbservice1,cpu,database,0.5,full_reference,0.6,0.0,1.0,1.0
dbservice1_cpu_1627703827,dbservice1,cpu,database,0.5,full_reference,0.8,0.0,1.0,1.0
dbservice1_errno111_1626750606,dbservice1,errno111,database,0.5,full_reference,0.0,0.0,0.0,0.0
dbservice1_errno111_1626750701,dbservice1,errno111,database,0.5,full_reference,0.4,0.0,0.0,1.0
dbservice1_memory_1625140467,dbservice1,memory,database,0.5,full_reference,0.0,0.0,0.0,0.0
dbservice1_memory_1625178785,dbservice1,memory,database,0.5,full_reference,0.6,0.0,1.0,1.0
dbservice1_memory_1625188889,dbservice1,memory,database,0.5,full_reference,0.0,0.0,0.0,0.0
dbservice1_memory_1625231603,dbservice1,memory,database,0.5,full_reference,1.0,1.0,1.0,1.0
dbservice1_memory_1625243441,dbservice1,memory,database,0.5,full_reference,0.8,0.0,1.0,1.0
dbservice1_memory_1625384013,dbservice1,memory,database,0.5,full_reference,0.4,0.0,0.0,1.0
dbservice1_memory_1625411468,dbservice1,memory,database,0.5,full_reference,1.0,1.0,1.0,1.0
dbservice1_memory_1625418705,dbservice1,memory,database,0.5,full_reference,0.8,0.0,1.0,1.0
dbservice1_memory_1625578885,dbservice1,memory,database,0.5,full_reference,0.0,0.0,0.0,0.0
dbservice1_memory_1625582957,dbservice1,memory,database,0.5,full_reference,0.0,0.0,0.0,0.0
dbservice1_memory_1625637896,dbservice1,memory,database,0.5,full_reference,0.6,0.0,1.0,1.0
dbservice1_memory_1625671282,dbservice1,memory,database,0.5,full_reference,0.4,0.0,0.0,1.0
dbservice1_memory_1625675230,dbservice1,memory,database,0.5,full_reference,0.0,0.0,0.0,0.0
dbservice1_memory_1625679820,dbservice1,memory,database,0.5,full_reference,0.0,0.0,0.0,0.0
dbservice1_memory_1625768540,dbservice1,memory,database,0.5,full_reference,0.0,0.0,0.0,0.0
dbservice1_memory_1625849028,dbservice1,memory,database,0.5,full_reference,0.8,0.0,1.0,1.0
dbservice1_memory_1625863841,dbservice1,memory,database,0.5,full_reference,0.4,0.0,0.0,1.0
dbservice1_memory_1625867158,dbservice1,memory,database,0.5,full_reference,1.0,1.0,1.0,1.0
dbservice1_memory_1625870624,dbservice1,memory,database,0.5,full_reference,0.0,0.0,0.0,0.0
dbservice1_memory_1625909033,dbservice1,memory,database,0.5,full_reference,0.8,0.0,1.0,1.0
dbservice1_memory_1625914032,dbservice1,memory,database,0.5,full_reference,0.0,0.0,0.0,0.0
dbservice1_memory_1625964302,dbservice1,memory,database,0.5,full_reference,0.0,0.0,0.0,0.0
dbservice1_memory_1626032238,dbservice1,memory,database,0.5,full_reference,0.0,0.0,0.0,0.0
dbservice1_memory_1626113371,dbservice1,memory,database,0.5,full_reference,0.0,0.0,0.0,0.0
dbservice1_memory_1626178789,dbservice1,memory,database,0.5,full_reference,0.0,0.0,0.0,0.0
dbservice1_memory_1626195234,dbservice1,memory,database,0.5,full_reference,0.0,0.0,0.0,0.0
dbservice1_memory_1626266259,dbservice1,memory,database,0.5,full_reference,0.0,0.0,0.0,0.0
dbservice1_memory_1626306060,dbservice1,memory,database,0.5,full_reference,0.0,0.0,0.0,0.0
dbservice1_memory_1626338404,dbservice1,memory,database,0.5,full_reference,0.2,0.0,0.0,1.0
dbservice1_memory_1626343595,dbservice1,memory,database,0.5,full_reference,0.0,0.0,0.0,0.0
dbservice1_memory_1626393113,dbservice1,memory,database,0.5,full_reference,1.0,1.0,1.0,1.0
dbservice1_memory_1626409893,dbservice1,memory,database,0.5,full_reference,0.0,0.0,0.0,0.0
dbservice1_memory_1626425140,dbservice1,memory,database,0.5,full_reference,0.0,0.0,0.0,0.0
dbservice1_memory_1626473914,dbservice1,memory,database,0.5,full_reference,0.6,0.0,1.0,1.0
dbservice1_memory_1626511514,dbservice1,memory,database,0.5,full_reference,1.0,1.0,1.0,1.0
dbservice1_memory_1626540721,dbservice1,memory,database,0.5,full_reference,0.8,0.0,1.0,1.0
dbservice1_memory_1626552538,dbservice1,memory,database,0.5,full_reference,0.0,0.0,0.0,0.0
dbservice1_memory_1626598508,dbservice1,memory,database,0.5,full_reference,0.6,0.0,1.0,1.0
dbservice1_memory_1626773615,dbservice1,memory,database,0.5,full_reference,1.0,1.0,1.0,1.0
dbservice1_memory_1626788281,dbservice1,memory,database,0.5,full_reference,0.4,0.0,0.0,1.0
dbservice1_memory_1626845470,dbservice1,memory,database,0.5,full_reference,0.0,0.0,0.0,0.0
dbservice1_memory_1626858109,dbservice1,memory,database,0.5,full_reference,0.0,0.0,0.0,0.0
dbservice1_memory_1626912896,dbservice1,memory,database,0.5,full_reference,1.0,1.0,1.0,1.0
dbservice1_memory_1626939313,dbservice1,memory,database,0.5,full_reference,0.0,0.0,0.0,0.0
dbservice1_memory_1627046902,dbservice1,memory,database,0.5,full_reference,0.8,0.0,1.0,1.0
dbservice1_memory_1627098214,dbservice1,memory,database,0.5,full_reference,0.0,0.0,0.0,0.0
dbservice1_memory_1627104046,dbservice1,memory,database,0.5,full_reference,0.0,0.0,0.0,0.0
dbservice1_memory_1627119644,dbservice1,memory,database,0.5,full_reference,0.8,0.0,1.0,1.0
dbservice1_memory_1627157147,dbservice1,memory,database,0.5,full_reference,0.0,0.0,0.0,0.0
dbservice1_memory_1627223200,dbservice1,memory,database,0.5,full_reference,0.0,0.0,0.0,0.0
dbservice1_memory_1627237577,dbservice1,memory,database,0.5,full_reference,1.0,1.0,1.0,1.0
dbservice1_memory_1627255258,dbservice1,memory,database,0.5,full_reference,0.6,0.0,1.0,1.0
dbservice1_memory_1627268672,dbservice1,memory,database,0.5,full_reference,1.0,1.0,1.0,1.0
dbservice1_memory_1627272293,dbservice1,memory,database,0.5,full_reference,0.0,0.0,0.0,0.0
dbservice1_memory_1627283279,dbservice1,memory,database,0.5,full_reference,0.0,0.0,0.0,0.0
dbservice1_memory_1627288593,dbservice1,memory,database,0.5,full_reference,0.8,0.0,1.0,1.0
dbservice1_memory_1627297432,dbservice1,memory,database,0.5,full_reference,0.0,0.0,0.0,0.0
dbservice1_memory_1627316827,dbservice1,memory,database,0.5,full_reference,0.0,0.0,0.0,0.0
dbservice1_memory_1627373850,dbservice1,memory,database,0.5,full_reference,0.6,0.0,1.0,1.0
dbservice1_memory_1627386311,dbservice1,memory,database,0.5,full_reference,0.0,0.0,0.0,0.0
dbservice1_memory_1627400139,dbservice1,memory,database,0.5,full_reference,0.8,0.0,1.0,1.0
dbservice1_memory_1627432587,dbservice1,memory,database,0.5,full_reference,0.0,0.0,0.0,0.0
dbservice1_memory_1627477200,dbservice1,memory,database,0.5,full_reference,0.0,0.0,0.0,0.0
dbservice1_memory_1627502421,dbservice1,memory,database,0.5,full_reference,0.2,0.0,0.0,1.0
dbservice1_memory_1627682718,dbservice1,memory,database,0.5,full_reference,0.0,0.0,0.0,0.0
dbservice1_memory_1627702626,dbservice1,memory,database,0.5,full_reference,0.0,0.0,0.0,0.0
dbservice1_memory_1627773523,dbservice1,memory,database,0.5,full_reference,1.0,1.0,1.0,1.0
dbservice2_errno111_1626750601,dbservice2,errno111,database,0.5,full_reference,0.2,0.0,0.0,1.0
dbservice2_errno111_1626750797,dbservice2,errno111,database,0.5,full_reference,0.4,0.0,0.0,1.0
dbservice2_memory_1625144096,dbservice2,memory,database,0.5,full_reference,0.0,0.0,0.0,0.0
dbservice2_memory_1625152223,dbservice2,memory,database,0.5,full_reference,0.8,0.0,1.0,1.0
dbservice2_memory_1625193002,dbservice2,memory,database,0.5,full_reference,0.8,0.0,1.0,1.0
dbservice2_memory_1625257548,dbservice2,memory,database,0.5,full_reference,0.0,0.0,0.0,0.0
dbservice2_memory_1625269953,dbservice2,memory,database,0.5,full_reference,0.0,0.0,0.0,0.0
dbservice2_memory_1625356783,dbservice2,memory,database,0.5,full_reference,0.0,0.0,0.0,0.0
dbservice2_memory_1625363058,dbservice2,memory,database,0.5,full_reference,0.0,0.0,0.0,0.0
dbservice2_memory_1625459089,dbservice2,memory,database,0.5,full_reference,0.0,0.0,0.0,0.0
dbservice2_memory_1625463515,dbservice2,memory,database,0.5,full_reference,0.0,0.0,0.0,0.0
dbservice2_memory_1625564139,dbservice2,memory,database,0.5,full_reference,1.0,1.0,1.0,1.0
dbservice2_memory_1625579430,dbservice2,memory,database,0.5,full_reference,0.8,0.0,1.0,1.0
dbservice2_memory_1625587157,dbservice2,memory,database,0.5,full_reference,0.0,0.0,0.0,0.0
dbservice2_memory_1625634388,dbservice2,memory,database,0.5,full_reference,0.0,0.0,0.0,0.0
dbservice2_memory_1625656892,dbservice2,memory,database,0.5,full_reference,0.2,0.0,0.0,1.0
dbservice2_memory_1625669580,dbservice2,memory,database,0.5,full_reference,0.6,0.0,1.0,1.0
dbservice2_memory_1625704892,dbservice2,memory,database,0.5,full_reference,0.0,0.0,0.0,0.0
dbservice2_memory_1625711897,dbservice2,memory,database,0.5,full_reference,0.8,0.0,1.0,1.0
dbservice2_memory_1625720058,dbservice2,memory,database,0.5,full_reference,0.0,0.0,0.0,0.0
dbservice2_memory_1625780540,dbservice2,memory,database,0.5,full_reference,0.4,0.0,0.0,1.0
dbservice2_memory_1625944726,dbservice2,memory,database,0.5,full_reference,1.0,1.0,1.0,1.0
dbservice2_memory_1625953237,dbservice2,memory,database,0.5,full_reference,0.0,0.0,0.0,0.0
dbservice2_memory_1625981739,dbservice2,memory,database,0.5,full_reference,0.6,0.0,1.0,1.0
dbservice2_memory_1625988716,dbservice2,memory,database,0.5,full_reference,0.2,0.0,0.0,1.0
dbservice2_memory_1626043439,dbservice2,memory,database,0.5,full_reference,0.4,0.0,0.0,1.0
dbservice2_memory_1626053581,dbservice2,memory,database,0.5,full_reference,0.8,0.0,1.0,1.0
dbservice2_memory_1626066255,dbservice2,memory,database,0.5,full_reference,1.0,1.0,1.0,1.0
dbservice2_memory_1626095808,dbservice2,memory,database,0.5,full_reference,0.8,0.0,1.0,1.0
dbservice2_memory_1626127184,dbservice2,memory,database,0.5,full_reference,0.0,0.0,0.0,0.0
dbservice2_memory_1626130474,dbservice2,memory,database,0.5,full_reference,0.2,0.0,0.0,1.0
dbservice2_memory_1626157165,dbservice2,memory,database,0.5,full_reference,0.4,0.0,0.0,1.0
dbservice2_memory_1626243122,dbservice2,memory,database,0.5,full_reference,0.2,0.0,0.0,1.0
dbservice2_memory_1626298216,dbservice2,memory,database,0.5,full_reference,0.6,0.0,1.0,1.0
dbservice2_memory_1626317541,dbservice2,memory,database,0.5,full_reference,0.0,0.0,0.0,0.0
dbservice2_memory_1626325390,dbservice2,memory,database,0.5,full_reference,0.4,0.0,0.0,1.0
dbservice2_memory_1626334718,dbservice2,memory,database,0.5,full_reference,0.4,0.0,0.0,1.0
dbservice2_memory_1626367699,dbservice2,memory,database,0.5,full_reference,0.6,0.0,1.0,1.0
dbservice2_memory_1626372232,dbservice2,memory,database,0.5,full_reference,0.0,0.0,0.0,0.0
dbservice2_memory_1626415344,dbservice2,memory,database,0.5,full_reference,0.0,0.0,0.0,0.0
dbservice2_memory_1626419131,dbservice2,memory,database,0.5,full_reference,0.0,0.0,0.0,0.0
dbservice2_memory_1626430015,dbservice2,memory,database,0.5,full_reference,0.0,0.0,0.0,0.0
dbservice2_memory_1626442568,dbservice2,memory,database,0.5,full_reference,0.2,0.0,0.0,1.0
dbservice2_memory_1626459595,dbservice2,memory,database,0.5,full_reference,0.6,0.0,1.0,1.0
dbservice2_memory_1626497813,dbservice2,memory,database,0.5,full_reference,0.0,0.0,0.0,0.0
dbservice2_memory_1626585941,dbservice2,memory,database,0.5,full_reference,0.0,0.0,0.0,0.0
dbservice2_memory_1626602315,dbservice2,memory,database,0.5,full_reference,0.6,0.0,1.0,1.0
dbservice2_memory_1626607598,dbservice2,memory,database,0.5,full_reference,0.0,0.0,0.0,0.0
dbservice2_memory_1626647915,dbservice2,memory,database,0.5,full_reference,1.0,1.0,1.0,1.0
dbservice2_memory_1626651683,dbservice2,memory,database,0.5,full_reference,0.0,0.0,0.0,0.0
dbservice2_memory_1626750100,dbservice2,memory,database,0.5,full_reference,0.2,0.0,0.0,1.0
dbservice2_memory_1626760761,dbservice2,memory,database,0.5,full_reference,0.8,0.0,1.0,1.0
dbservice2_memory_1626764016,dbservice2,memory,database,0.5,full_reference,0.0,0.0,0.0,0.0
dbservice2_memory_1626790578,dbservice2,memory,database,0.5,full_reference,0.6,0.0,1.0,1.0
dbservice2_memory_1626799339,dbservice2,memory,database,0.5,full_reference,0.8,0.0,1.0,1.0
dbservice2_memory_1626818990,dbservice2,memory,database,0.5,full_reference,0.6,0.0,1.0,1.0
dbservice2_memory_1626839958,dbservice2,memory,database,0.5,full_reference,0.0,0.0,0.0,0.0
dbservice2_memory_1626876599,dbservice2,memory,database,0.5,full_reference,0.0,0.0,0.0,0.0
dbservice2_memory_1626886884,dbservice2,memory,database,0.5,full_reference,0.0,0.0,0.0,0.0
dbservice2_memory_1626890594,dbservice2,memory,database,0.5,full_reference,0.0,0.0,0.0,0.0
dbservice2_memory_1626962039,dbservice2,memory,database,0.5,full_reference,0.0,0.0,0.0,0.0
dbservice2_memory_1626969117,dbservice2,memory,database,0.5,full_reference,1.0,1.0,1.0,1.0
dbservice2_memory_1627002602,dbservice2,memory,database,0.5,full_reference,0.0,0.0,0.0,0.0
dbservice2_memory_1627039811,dbservice2,memory,database,0.5,full_reference,0.0,0.0,0.0,0.0
dbservice2_memory_1627079656,dbservice2,memory,database,0.5,full_reference,0.8,0.0,1.0,1.0
dbservice2_memory_1627087394,dbservice2,memory,database,0.5,full_reference,0.0,0.0,0.0,0.0
dbservice2_memory_1627100858,dbservice2,memory,database,0.5,full_reference,0.0,0.0,0.0,0.0
dbservice2_memory_1627156737,dbservice2,memory,database,0.5,full_reference,0.0,0.0,0.0,0.0
dbservice2_memory_1627184617,dbservice2,memory,database,0.5,full_reference,0.0,0.0,0.0,0.0
dbservice2_memory_1627207759,dbservice2,memory,database,0.5,full_reference,0.0,0.0,0.0,0.0
dbservice2_memory_1627286946,dbservice2,memory,database,0.5,full_reference,0.8,0.0,1.0,1.0
dbservice2_memory_1627303928,dbservice2,memory,database,0.5,full_reference,0.6,0.0,1.0,1.0
dbservice2_memory_1627325374,dbservice2,memory,database,0.5,full_reference,0.0,0.0,0.0,0.0
dbservice2_memory_1627331922,dbservice2,memory,database,0.5,full_reference,0.8,0.0,1.0,1.0
dbservice2_memory_1627375478,dbservice2,memory,database,0.5,full_reference,0.0,0.0,0.0,0.0
dbservice2_memory_1627379165,dbservice2,memory,database,0.5,full_reference,0.6,0.0,1.0,1.0
dbservice2_memory_1627394588,dbservice2,memory,database,0.5,full_reference,1.0,1.0,1.0,1.0
dbservice2_memory_1627402075,dbservice2,memory,database,0.5,full_reference,1.0,1.0,1.0,1.0
dbservice2_memory_1627425736,dbservice2,memory,database,0.5,full_reference,0.0,0.0,0.0,0.0
dbservice2_memory_1627447589,dbservice2,memory,database,0.5,full_reference,0.0,0.0,0.0,0.0
dbservice2_memory_1627457508,dbservice2,memory,database,0.5,full_reference,1.0,1.0,1.0,1.0
dbservice2_memory_1627493621,dbservice2,memory,database,0.5,full_reference,0.6,0.0,1.0,1.0
dbservice2_memory_1627501550,dbservice2,memory,database,0.5,full_reference,0.6,0.0,1.0,1.0
dbservice2_memory_1627519836,dbservice2,memory,database,0.5,full_reference,1.0,1.0,1.0,1.0
dbservice2_memory_1627545507,dbservice2,memory,database,0.5,full_reference,0.0,0.0,0.0,0.0
dbservice2_memory_1627595898,dbservice2,memory,database,0.5,full_reference,0.0,0.0,0.0,0.0
dbservice2_memory_1627643030,dbservice2,memory,database,0.5,full_reference,0.4,0.0,0.0,1.0
dbservice2_memory_1627657911,dbservice2,memory,database,0.5,full_reference,0.2,0.0,0.0,1.0
dbservice2_memory_1627663155,dbservice2,memory,database,0.5,full_reference,0.8,0.0,1.0,1.0
dbservice2_memory_1627680230,dbservice2,memory,database,0.5,full_reference,0.4,0.0,0.0,1.0
dbservice2_memory_1627699210,dbservice2,memory,database,0.5,full_reference,0.2,0.0,0.0,1.0
logservice1_cpu_1627596597,logservice1,cpu,logging,0.5,full_reference,0.0,0.0,0.0,0.0
logservice1_errno111_1626753001,logservice1,errno111,logging,0.5,full_reference,0.0,0.0,0.0,0.0
logservice1_errno111_1626753227,logservice1,errno111,logging,0.5,full_reference,0.4,0.0,0.0,1.0
logservice1_memory_1625207751,logservice1,memory,logging,0.5,full_reference,0.0,0.0,0.0,0.0
logservice1_memory_1625234459,logservice1,memory,logging,0.5,full_reference,0.0,0.0,0.0,0.0
logservice1_memory_1625285989,logservice1,memory,logging,0.5,full_reference,0.2,0.0,0.0,1.0
logservice1_memory_1625298536,logservice1,memory,logging,0.5,full_reference,0.0,0.0,0.0,0.0
logservice1_memory_1625311435,logservice1,memory,logging,0.5,full_reference,0.0,0.0,0.0,0.0
logservice1_memory_1625360381,logservice1,memory,logging,0.5,full_reference,1.0,1.0,1.0,1.0
logservice1_memory_1625437325,logservice1,memory,logging,0.5,full_reference,0.0,0.0,0.0,0.0
logservice1_memory_1625455375,logservice1,memory,logging,0.5,full_reference,0.0,0.0,0.0,0.0
logservice1_memory_1625474243,logservice1,memory,logging,0.5,full_reference,0.0,0.0,0.0,0.0
logservice1_memory_1625493602,logservice1,memory,logging,0.5,full_reference,0.0,0.0,0.0,0.0
logservice1_memory_1625506342,logservice1,memory,logging,0.5,full_reference,0.0,0.0,0.0,0.0
logservice1_memory_1625519722,logservice1,memory,logging,0.5,full_reference,0.0,0.0,0.0,0.0
logservice1_memory_1625642174,logservice1,memory,logging,0.5,full_reference,0.0,0.0,0.0,0.0
logservice1_memory_1625673674,logservice1,memory,logging,0.5,full_reference,0.0,0.0,0.0,0.0
logservice1_memory_1625715126,logservice1,memory,logging,0.5,full_reference,0.0,0.0,0.0,0.0
logservice1_memory_1625737305,logservice1,memory,logging,0.5,full_reference,0.4,0.0,0.0,1.0
logservice1_memory_1625855415,logservice1,memory,logging,0.5,full_reference,0.2,0.0,0.0,1.0
logservice1_memory_1625874131,logservice1,memory,logging,0.5,full_reference,1.0,1.0,1.0,1.0
logservice1_memory_1625894863,logservice1,memory,logging,0.5,full_reference,0.0,0.0,0.0,0.0
logservice1_memory_1625936756,logservice1,memory,logging,0.5,full_reference,0.8,0.0,1.0,1.0
logservice1_memory_1625950367,logservice1,memory,logging,0.5,full_reference,0.0,0.0,0.0,0.0
logservice1_memory_1625967061,logservice1,memory,logging,0.5,full_reference,0.4,0.0,0.0,1.0
logservice1_memory_1626018993,logservice1,memory,logging,0.5,full_reference,0.2,0.0,0.0,1.0
logservice1_memory_1626043063,logservice1,memory,logging,0.5,full_reference,0.0,0.0,0.0,0.0
logservice1_memory_1626069816,logservice1,memory,logging,0.5,full_reference,0.6,0.0,1.0,1.0
logservice1_memory_1626079498,logservice1,memory,logging,0.5,full_reference,0.6,0.0,1.0,1.0
logservice1_memory_1626086075,logservice1,memory,logging,0.5,full_reference,0.0,0.0,0.0,0.0
logservice1_memory_1626102559,logservice1,memory,logging,0.5,full_reference,0.0,0.0,0.0,0.0
logservice1_memory_1626106208,logservice1,memory,logging,0.5,full_reference,0.2,0.0,0.0,1.0
logservice1_memory_1626125407,logservice1,memory,logging,0.5,full_reference,0.0,0.0,0.0,0.0
logservice1_memory_1626139037,logservice1,memory,logging,0.5,full_reference,0.0,0.0,0.0,0.0
logservice1_memory_1626180388,logservice1,memory,logging,0.5,full_reference,0.8,0.0,1.0,1.0
logservice1_memory_1626208343,logservice1,memory,logging,0.5,full_reference,0.0,0.0,0.0,0.0
logservice1_memory_1626218997,logservice1,memory,logging,0.5,full_reference,0.0,0.0,0.0,0.0
logservice1_memory_1626328055,logservice1,memory,logging,0.5,full_reference,0.0,0.0,0.0,0.0
logservice1_memory_1626336834,logservice1,memory,logging,0.5,full_reference,0.0,0.0,0.0,0.0
logservice1_memory_1626371259,logservice1,memory,logging,0.5,full_reference,0.2,0.0,0.0,1.0
logservice1_memory_1626391352,logservice1,memory,logging,0.5,full_reference,0.4,0.0,0.0,1.0
logservice1_memory_1626419736,logservice1,memory,logging,0.5,full_reference,0.0,0.0,0.0,0.0
logservice1_memory_1626541123,logservice1,memory,logging,0.5,full_reference,1.0,1.0,1.0,1.0
logservice1_memory_1626551793,logservice1,memory,logging,0.5,full_reference,0.8,0.0,1.0,1.0
logservice1_memory_1626571662,logservice1,memory,logging,0.5,full_reference,0.0,0.0,0.0,0.0
logservice1_memory_1626575299,logservice1,memory,logging,0.5,full_reference,0.0,0.0,0.0,0.0
logservice1_memory_1626608283,logservice1,memory,logging,0.5,full_reference,0.6,0.0,1.0,1.0
logservice1_memory_1626632009,logservice1,memory,logging,0.5,full_reference,0.0,0.0,0.0,0.0
logservice1_memory_1626764699,logservice1,memory,logging,0.5,full_reference,0.2,0.0,0.0,1.0
logservice1_memory_1626865404,logservice1,memory,logging,0.5,full_reference,0.0,0.0,0.0,0.0
logservice1_memory_1626926283,logservice1,memory,logging,0.5,full_reference,0.6,0.0,1.0,1.0
logservice1_memory_1627024158,logservice1,memory,logging,0.5,full_reference,0.0,0.0,0.0,0.0
logservice1_memory_1627144173,logservice1,memory,logging,0.5,full_reference,0.0,0.0,0.0,0.0
logservice1_memory_1627165561,logservice1,memory,logging,0.5,full_reference,0.2,0.0,0.0,1.0
logservice1_memory_1627170037,logservice1,memory,logging,0.5,full_reference,0.0,0.0,0.0,0.0
logservice1_memory_1627228703,logservice1,memory,logging,0.5,full_reference,0.8,0.0,1.0,1.0
logservice1_memory_1627243989,logservice1,memory,logging,0.5,full_reference,0.0,0.0,0.0,0.0
logservice1_memory_1627283437,logservice1,memory,logging,0.5,full_reference,0.0,0.0,0.0,0.0
logservice1_memory_1627291476,logservice1,memory,logging,0.5,full_reference,0.0,0.0,0.0,0.0
logservice1_memory_1627299080,logservice1,memory,logging,0.5,full_reference,0.0,0.0,0.0,0.0
logservice1_memory_1627310265,logservice1,memory,logging,0.5,full_reference,0.0,0.0,0.0,0.0
logservice1_memory_1627477200,logservice1,memory,logging,0.5,full_reference,0.4,0.0,0.0,1.0
logservice1_memory_1627522806,logservice1,memory,logging,0.5,full_reference,0.0,0.0,0.0,0.0
logservice1_memory_1627545894,logservice1,memory,logging,0.5,full_reference,0.6,0.0,1.0,1.0
logservice1_memory_1627592904,logservice1,memory,logging,0.5,full_reference,0.0,0.0,0.0,0.0
logservice1_memory_1627619594,logservice1,memory,logging,0.5,full_reference,0.0,0.0,0.0,0.0
logservice1_memory_1627700223,logservice1,memory,logging,0.5,full_reference,0.6,0.0,1.0,1.0
logservice1_memory_1627736494,logservice1,memory,logging,0.5,full_reference,0.2,0.0,0.0,1.0
logservice1_memory_1627762043,logservice1,memory,logging,0.5,full_reference,0.0,0.0,0.0,0.0
logservice2_errno111_1626753001,logservice2,errno111,logging,0.5,full_reference,0.0,0.0,0.0,0.0
logservice2_errno111_1626753269,logservice2,errno111,logging,0.5,full_reference,0.0,0.0,0.0,0.0
logservice2_memory_1625172320,logservice2,memory,logging,0.5,full_reference,0.6,0.0,1.0,1.0
logservice2_memory_1625204004,logservice2,memory,logging,0.5,full_reference,0.8,0.0,1.0,1.0
logservice2_memory_1625221783,logservice2,memory,logging,0.5,full_reference,0.8,0.0,1.0,1.0
logservice2_memory_1625304365,logservice2,memory,logging,0.5,full_reference,0.0,0.0,0.0,0.0
logservice2_memory_1625325873,logservice2,memory,logging,0.5,full_reference,0.0,0.0,0.0,0.0
logservice2_memory_1625379370,logservice2,memory,logging,0.5,full_reference,0.0,0.0,0.0,0.0
logservice2_memory_1625396241,logservice2,memory,logging,0.5,full_reference,0.0,0.0,0.0,0.0
logservice2_memory_1625421899,logservice2,memory,logging,0.5,full_reference,0.0,0.0,0.0,0.0
logservice2_memory_1625425518,logservice2,memory,logging,0.5,full_reference,0.0,0.0,0.0,0.0
logservice2_memory_1625469878,logservice2,memory,logging,0.5,full_reference,0.0,0.0,0.0,0.0
logservice2_memory_1625483091,logservice2,memory,logging,0.5,full_reference,0.0,0.0,0.0,0.0
logservice2_memory_1625511359,logservice2,memory,logging,0.5,full_reference,0.0,0.0,0.0,0.0
logservice2_memory_1625518598,logservice2,memory,logging,0.5,full_reference,0.6,0.0,1.0,1.0
logservice2_memory_1625530676,logservice2,memory,logging,0.5,full_reference,0.4,0.0,0.0,1.0
logservice2_memory_1625537669,logservice2,memory,logging,0.5,full_reference,0.6,0.0,1.0,1.0
logservice2_memory_1625567926,logservice2,memory,logging,0.5,full_reference,0.6,0.0,1.0,1.0
logservice2_memory_1625572292,logservice2,memory,logging,0.5,full_reference,0.0,0.0,0.0,0.0
logservice2_memory_1625617463,logservice2,memory,logging,0.5,full_reference,0.0,0.0,0.0,0.0
logservice2_memory_1625630457,logservice2,memory,logging,0.5,full_reference,0.0,0.0,0.0,0.0
logservice2_memory_1625644104,logservice2,memory,logging,0.5,full_reference,0.0,0.0,0.0,0.0
logservice2_memory_1625732122,logservice2,memory,logging,0.5,full_reference,0.0,0.0,0.0,0.0
logservice2_memory_1625756295,logservice2,memory,logging,0.5,full_reference,0.0,0.0,0.0,0.0
logservice2_memory_1625794522,logservice2,memory,logging,0.5,full_reference,0.4,0.0,0.0,1.0
logservice2_memory_1625804275,logservice2,memory,logging,0.5,full_reference,0.0,0.0,0.0,0.0
logservice2_memory_1625880190,logservice2,memory,logging,0.5,full_reference,0.0,0.0,0.0,0.0
logservice2_memory_1625924296,logservice2,memory,logging,0.5,full_reference,0.0,0.0,0.0,0.0
logservice2_memory_1626013929,logservice2,memory,logging,0.5,full_reference,0.0,0.0,0.0,0.0
logservice2_memory_1626050387,logservice2,memory,logging,0.5,full_reference,0.0,0.0,0.0,0.0
logservice2_memory_1626098044,logservice2,memory,logging,0.5,full_reference,0.0,0.0,0.0,0.0
logservice2_memory_1626109759,logservice2,memory,logging,0.5,full_reference,0.0,0.0,0.0,0.0
logservice2_memory_1626248439,logservice2,memory,logging,0.5,full_reference,0.0,0.0,0.0,0.0
logservice2_memory_1626258183,logservice2,memory,logging,0.5,full_reference,0.0,0.0,0.0,0.0
logservice2_memory_1626325133,logservice2,memory,logging,0.5,full_reference,0.0,0.0,0.0,0.0
logservice2_memory_1626366727,logservice2,memory,logging,0.5,full_reference,0.0,0.0,0.0,0.0
logservice2_memory_1626395096,logservice2,memory,logging,0.5,full_reference,0.0,0.0,0.0,0.0
logservice2_memory_1626412771,logservice2,memory,logging,0.5,full_reference,0.2,0.0,0.0,1.0
logservice2_memory_1626469838,logservice2,memory,logging,0.5,full_reference,0.8,0.0,1.0,1.0
logservice2_memory_1626498816,logservice2,memory,logging,0.5,full_reference,0.0,0.0,0.0,0.0
logservice2_memory_1626568670,logservice2,memory,logging,0.5,full_reference,0.2,0.0,0.0,1.0
logservice2_memory_1626765238,logservice2,memory,logging,0.5,full_reference,0.4,0.0,0.0,1.0
logservice2_memory_1626871639,logservice2,memory,logging,0.5,full_reference,0.8,0.0,1.0,1.0
logservice2_memory_1626880416,logservice2,memory,logging,0.5,full_reference,0.0,0.0,0.0,0.0
logservice2_memory_1626922974,logservice2,memory,logging,0.5,full_reference,0.0,0.0,0.0,0.0
logservice2_memory_1626926412,logservice2,memory,logging,0.5,full_reference,0.8,0.0,1.0,1.0
logservice2_memory_1627052258,logservice2,memory,logging,0.5,full_reference,0.0,0.0,0.0,0.0
logservice2_memory_1627069295,logservice2,memory,logging,0.5,full_reference,0.0,0.0,0.0,0.0
logservice2_memory_1627140613,logservice2,memory,logging,0.5,full_reference,0.0,0.0,0.0,0.0
logservice2_memory_1627227124,logservice2,memory,logging,0.5,full_reference,0.2,0.0,0.0,1.0
logservice2_memory_1627353437,logservice2,memory,logging,0.5,full_reference,0.8,0.0,1.0,1.0
logservice2_memory_1627365342,logservice2,memory,logging,0.5,full_reference,0.4,0.0,0.0,1.0
logservice2_memory_1627396756,logservice2,memory,logging,0.5,full_reference,0.2,0.0,0.0,1.0
logservice2_memory_1627410703,logservice2,memory,logging,0.5,full_reference,0.0,0.0,0.0,0.0
logservice2_memory_1627443936,logservice2,memory,logging,0.5,full_reference,0.0,0.0,0.0,0.0
logservice2_memory_1627464739,logservice2,memory,logging,0.5,full_reference,0.0,0.0,0.0,0.0
logservice2_memory_1627509937,logservice2,memory,logging,0.5,full_reference,0.0,0.0,0.0,0.0
logservice2_memory_1627516510,logservice2,memory,logging,0.5,full_reference,0.4,0.0,0.0,1.0
logservice2_memory_1627567356,logservice2,memory,logging,0.5,full_reference,0.6,0.0,1.0,1.0
logservice2_memory_1627590137,logservice2,memory,logging,0.5,full_reference,0.0,0.0,0.0,0.0
logservice2_memory_1627606370,logservice2,memory,logging,0.5,full_reference,0.6,0.0,1.0,1.0
logservice2_memory_1627648981,logservice2,memory,logging,0.5,full_reference,1.0,1.0,1.0,1.0
logservice2_memory_1627688890,logservice2,memory,logging,0.5,full_reference,0.0,0.0,0.0,0.0
logservice2_memory_1627737420,logservice2,memory,logging,0.5,full_reference,0.0,0.0,0.0,0.0
logservice2_memory_1627769554,logservice2,memory,logging,0.5,full_reference,0.0,0.0,0.0,0.0
mobservice1_errno111_1626752402,mobservice1,errno111,mobile,0.5,full_reference,0.0,0.0,0.0,0.0
mobservice1_errno111_1626752556,mobservice1,errno111,mobile,0.5,full_reference,0.0,0.0,0.0,0.0
mobservice1_memory_1625197067,mobservice1,memory,mobile,0.5,full_reference,0.4,0.0,0.0,1.0
mobservice1_memory_1625224444,mobservice1,memory,mobile,0.5,full_reference,0.0,0.0,0.0,0.0
mobservice1_memory_1625232540,mobservice1,memory,mobile,0.5,full_reference,0.0,0.0,0.0,0.0
mobservice1_memory_1625247576,mobservice1,memory,mobile,0.5,full_reference,0.0,0.0,0.0,0.0
mobservice1_memory_1625353753,mobservice1,memory,mobile,0.5,full_reference,0.0,0.0,0.0,0.0
mobservice1_memory_1625379697,mobservice1,memory,mobile,0.5,full_reference,0.4,0.0,0.0,1.0
mobservice1_memory_1625667742,mobservice1,memory,mobile,0.5,full_reference,0.2,0.0,0.0,1.0
mobservice1_memory_1625703099,mobservice1,memory,mobile,0.5,full_reference,0.8,0.0,1.0,1.0
mobservice1_memory_1625735045,mobservice1,memory,mobile,0.5,full_reference,0.0,0.0,0.0,0.0
mobservice1_memory_1625804210,mobservice1,memory,mobile,0.5,full_reference,0.0,0.0,0.0,0.0
mobservice1_memory_1625827494,mobservice1,memory,mobile,0.5,full_reference,0.8,0.0,1.0,1.0
mobservice1_memory_1625832716,mobservice1,memory,mobile,0.5,full_reference,0.4,0.0,0.0,1.0
mobservice1_memory_1625901292,mobservice1,memory,mobile,0.5,full_reference,0.4,0.0,0.0,1.0
mobservice1_memory_1625941772,mobservice1,memory,mobile,0.5,full_reference,0.6,0.0,1.0,1.0
mobservice1_memory_1625961631,mobservice1,memory,mobile,0.5,full_reference,1.0,1.0,1.0,1.0
mobservice1_memory_1625977908,mobservice1,memory,mobile,0.5,full_reference,0.8,0.0,1.0,1.0
mobservice1_memory_1626011901,mobservice1,memory,mobile,0.5,full_reference,0.2,0.0,0.0,1.0
mobservice1_memory_1626023193,mobservice1,memory,mobile,0.5,full_reference,0.0,0.0,0.0,0.0
mobservice1_memory_1626027400,mobservice1,memory,mobile,0.5,full_reference,0.0,0.0,0.0,0.0
mobservice1_memory_1626054650,mobservice1,memory,mobile,0.5,full_reference,1.0,1.0,1.0,1.0
mobservice1_memory_1626117202,mobservice1,memory,mobile,0.5,full_reference,0.0,0.0,0.0,0.0
mobservice1_memory_1626128984,mobservice1,memory,mobile,0.5,full_reference,0.0,0.0,0.0,0.0
mobservice1_memory_1626159110,mobservice1,memory,mobile,0.5,full_reference,0.4,0.0,0.0,1.0
mobservice1_memory_1626168632,mobservice1,memory,mobile,0.5,full_reference,0.0,0.0,0.0,0.0
mobservice1_memory_1626242718,mobservice1,memory,mobile,0.5,full_reference,0.8,0.0,1.0,1.0
mobservice1_memory_1626282681,mobservice1,memory,mobile,0.5,full_reference,1.0,1.0,1.0,1.0
mobservice1_memory_1626299070,mobservice1,memory,mobile,0.5,full_reference,0.0,0.0,0.0,0.0
mobservice1_memory_1626322156,mobservice1,memory,mobile,0.5,full_reference,0.0,0.0,0.0,0.0
mobservice1_memory_1626326168,mobservice1,memory,mobile,0.5,full_reference,0.0,0.0,0.0,0.0
mobservice1_memory_1626349453,mobservice1,memory,mobile,0.5,full_reference,1.0,1.0,1.0,1.0
mobservice1_memory_1626444105,mobservice1,memory,mobile,0.5,full_reference,0.4,0.0,0.0,1.0
mobservice1_memory_1626448997,mobservice1,memory,mobile,0.5,full_reference,0.6,0.0,1.0,1.0
mobservice1_memory_1626488862,mobservice1,memory,mobile,0.5,full_reference,0.4,0.0,0.0,1.0
mobservice1_memory_1626534607,mobservice1,memory,mobile,0.5,full_reference,0.8,0.0,1.0,1.0
mobservice1_memory_1626538445,mobservice1,memory,mobile,0.5,full_reference,0.4,0.0,0.0,1.0
mobservice1_memory_1626555752,mobservice1,memory,mobile,0.5,full_reference,0.6,0.0,1.0,1.0
mobservice1_memory_1626607827,mobservice1,memory,mobile,0.5,full_reference,0.6,0.0,1.0,1.0
mobservice1_memory_1626635810,mobservice1,memory,mobile,0.5,full_reference,0.0,0.0,0.0,0.0
mobservice1_memory_1626640654,mobservice1,memory,mobile,0.5,full_reference,0.8,0.0,1.0,1.0
mobservice1_memory_1626773018,mobservice1,memory,mobile,0.5,full_reference,0.6,0.0,1.0,1.0
mobservice1_memory_1626850195,mobservice1,memory,mobile,0.5,full_reference,0.0,0.0,0.0,0.0
mobservice1_memory_1626877506,mobservice1,memory,mobile,0.5,full_reference,0.8,0.0,1.0,1.0
mobservice1_memory_1626897069,mobservice1,memory,mobile,0.5,full_reference,0.4,0.0,0.0,1.0
mobservice1_memory_1626913833,mobservice1,memory,mobile,0.5,full_reference,1.0,1.0,1.0,1.0
mobservice1_memory_1626933957,mobservice1,memory,mobile,0.5,full_reference,0.6,0.0,1.0,1.0
mobservice1_memory_1626937894,mobservice1,memory,mobile,0.5,full_reference,0.8,0.0,1.0,1.0
mobservice1_memory_1626954084,mobservice1,memory,mobile,0.5,full_reference,1.0,1.0,1.0,1.0
mobservice1_memory_1626958838,mobservice1,memory,mobile,0.5,full_reference,0.0,0.0,0.0,0.0
mobservice1_memory_1627163076,mobservice1,memory,mobile,0.5,full_reference,0.0,0.0,0.0,0.0
mobservice1_memory_1627200697,mobservice1,memory,mobile,0.5,full_reference,0.0,0.0,0.0,0.0
mobservice1_memory_1627219564,mobservice1,memory,mobile,0.5,full_reference,0.2,0.0,0.0,1.0
mobservice1_memory_1627247170,mobservice1,memory,mobile,0.5,full_reference,0.0,0.0,0.0,0.0
mobservice1_memory_1627279781,mobservice1,memory,mobile,0.5,full_reference,0.2,0.0,0.0,1.0
mobservice1_memory_1627283259,mobservice1,memory,mobile,0.5,full_reference,0.8,0.0,1.0,1.0
mobservice1_memory_1627347382,mobservice1,memory,mobile,0.5,full_reference,0.8,0.0,1.0,1.0
mobservice1_memory_1627382521,mobservice1,memory,mobile,0.5,full_reference,0.8,0.0,1.0,1.0
mobservice1_memory_1627387214,mobservice1,memory,mobile,0.5,full_reference,0.8,0.0,1.0,1.0
mobservice1_memory_1627447409,mobservice1,memory,mobile,0.5,full_reference,0.0,0.0,0.0,0.0
mobservice1_memory_1627484554,mobservice1,memory,mobile,0.5,full_reference,0.2,0.0,0.0,1.0
mobservice1_memory_1627514424,mobservice1,memory,mobile,0.5,full_reference,0.0,0.0,0.0,0.0
mobservice1_memory_1627580206,mobservice1,memory,mobile,0.5,full_reference,1.0,1.0,1.0,1.0
mobservice1_memory_1627612966,mobservice1,memory,mobile,0.5,full_reference,0.8,0.0,1.0,1.0
mobservice1_memory_1627645613,mobservice1,memory,mobile,0.5,full_reference,0.4,0.0,0.0,1.0
mobservice1_memory_1627661901,mobservice1,memory,mobile,0.5,full_reference,0.8,0.0,1.0,1.0
mobservice1_memory_1627701774,mobservice1,memory,mobile,0.5,full_reference,0.6,0.0,1.0,1.0
mobservice1_memory_1627731923,mobservice1,memory,mobile,0.5,full_reference,0.2,0.0,0.0,1.0
mobservice1_qr_expired_1625151823,mobservice1,qr_expired,mobile,0.5,full_reference,0.6,0.0,1.0,1.0
mobservice1_qr_expired_1625182698,mobservice1,qr_expired,mobile,0.5,full_reference,0.0,0.0,0.0,0.0
mobservice1_qr_expired_1625210087,mobservice1,qr_expired,mobile,0.5,full_reference,0.6,0.0,1.0,1.0
mobservice1_qr_expired_1625240727,mobservice1,qr_expired,mobile,0.5,full_reference,0.0,0.0,0.0,0.0
mobservice1_qr_expired_1625271564,mobservice1,qr_expired,mobile,0.5,full_reference,1.0,1.0,1.0,1.0
mobservice1_qr_expired_1625296713,mobservice1,qr_expired,mobile,0.5,full_reference,0.6,0.0,1.0,1.0
mobservice1_qr_expired_1625325200,mobservice1,qr_expired,mobile,0.5,full_reference,0.0,0.0,0.0,0.0
mobservice1_qr_expired_1625355663,mobservice1,qr_expired,mobile,0.5,full_reference,0.0,0.0,0.0,0.0
mobservice1_qr_expired_1625383443,mobservice1,qr_expired,mobile,0.5,full_reference,0.0,0.0,0.0,0.0
mobservice1_qr_expired_1625409300,mobservice1,qr_expired,mobile,0.5,full_reference,0.0,0.0,0.0,0.0
mobservice1_qr_expired_1625436871,mobservice1,qr_expired,mobile,0.5,full_reference,0.2,0.0,0.0,1.0
mobservice1_qr_expired_1625473216,mobservice1,qr_expired,mobile,0.5,full_reference,0.0,0.0,0.0,0.0
mobservice1_qr_expired_1625505879,mobservice1,qr_expired,mobile,0.5,full_reference,0.6,0.0,1.0,1.0
mobservice1_qr_expired_1625542705,mobservice1,qr_expired,mobile,0.5,full_reference,0.2,0.0,0.0,1.0
mobservice1_qr_expired_1625580525,mobservice1,qr_expired,mobile,0.5,full_reference,0.0,0.0,0.0,0.0
mobservice1_qr_expired_1625625195,mobservice1,qr_expired,mobile,0.5,full_reference,0.0,0.0,0.0,0.0
mobservice1_qr_expired_1625667731,mobservice1,qr_expired,mobile,0.5,full_reference,0.0,0.0,0.0,0.0
mobservice1_qr_expired_1625711646,mobservice1,qr_expired,mobile,0.5,full_reference,0.0,0.0,0.0,0.0
mobservice1_qr_expired_1625756698,mobservice1,qr_expired,mobile,0.5,full_reference,0.6,0.0,1.0,1.0
mobservice1_qr_expired_1625794482,mobservice1,qr_expired,mobile,0.5,full_reference,0.6,0.0,1.0,1.0
mobservice1_qr_expired_1625841247,mobservice1,qr_expired,mobile,0.5,full_reference,0.0,0.0,0.0,0.0
mobservice1_qr_expired_1625890187,mobservice1,qr_expired,mobile,0.5,full_reference,0.2,0.0,0.0,1.0
mobservice1_qr_expired_1625930412,mobservice1,qr_expired,mobile,0.5,full_reference,1.0,1.0,1.0,1.0
mobservice1_qr_expired_1625972156,mobservice1,qr_expired,mobile,0.5,full_reference,0.0,0.0,0.0,0.0
mobservice1_qr_expired_1626008252,mobservice1,qr_expired,mobile,0.5,full_reference,0.0,0.0,0.0,0.0
mobservice1_qr_expired_1626040718,mobservice1,qr_expired,mobile,0.5,full_reference,0.6,0.0,1.0,1.0
mobservice1_qr_expired_1626075193,mobservice1,qr_expired,mobile,0.5,full_reference,0.4,0.0,0.0,1.0
mobservice1_qr_expired_1626114894,mobservice1,qr_expired,mobile,0.5,full_reference,0.6,0.0,1.0,1.0
mobservice1_qr_expired_1626159261,mobservice1,qr_expired,mobile,0.5,full_reference,0.0,0.0,0.0,0.0
mobservice1_qr_expired_1626191632,mobservice1,qr_expired,mobile,0.5,full_reference,0.4,0.0,0.0,1.0
mobservice1_qr_expired_1626223304,mobservice1,qr_expired,mobile,0.5,full_reference,0.2,0.0,0.0,1.0
mobservice1_qr_expired_1626255336,mobservice1,qr_expired,mobile,0.5,full_reference,0.0,0.0,0.0,0.0
mobservice1_qr_expired_1626296585,mobservice1,qr_expired,mobile,0.5,full_reference,0.0,0.0,0.0,0.0
mobservice1_qr_expired_1626336309,mobservice1,qr_expired,mobile,0.5,full_reference,0.8,0.0,1.0,1.0
mobservice1_qr_expired_1626368186,mobservice1,qr_expired,mobile,0.5,full_reference,0.0,0.0,0.0,0.0
mobservice1_qr_expired_1626404786,mobservice1,qr_expired,mobile,0.5,full_reference,0.0,0.0,0.0,0.0
mobservice1_qr_expired_1626433510,mobservice1,qr_expired,mobile,0.5,full_reference,0.2,0.0,0.0,1.0
mobservice1_qr_expired_1626462926,mobservice1,qr_expired,mobile,0.5,full_reference,0.8,0.0,1.0,1.0
mobservice1_qr_expired_1626491905,mobservice1,qr_expired,mobile,0.5,full_reference,0.0,0.0,0.0,0.0
mobservice1_qr_expired_1626520267,mobservice1,qr_expired,mobile,0.5,full_reference,0.0,0.0,0.0,0.0
mobservice1_qr_expired_1626551052,mobservice1,qr_expired,mobile,0.5,full_reference,1.0,1.0,1.0,1.0
mobservice1_qr_expired_1626580037,mobservice1,qr_expired,mobile,0.5,full_reference,0.0,0.0,0.0,0.0
mobservice1_qr_expired_1626607583,mobservice1,qr_expired,mobile,0.5,full_reference,1.0,1.0,1.0,1.0
mobservice1_qr_expired_1626632651,mobservice1,qr_expired,mobile,0.5,full_reference,1.0,1.0,1.0,1.0
mobservice1_qr_expired_1626758435,mobservice1,qr_expired,mobile,0.5,full_reference,0.8,0.0,1.0,1.0
mobservice1_qr_expired_1626784630,mobservice1,qr_expired,mobile,0.5,full_reference,0.2,0.0,0.0,1.0
mobservice1_qr_expired_1626821039,mobservice1,qr_expired,mobile,0.5,full_reference,0.2,0.0,0.0,1.0
mobservice1_qr_expired_1626856553,mobservice1,qr_expired,mobile,0.5,full_reference,0.2,0.0,0.0,1.0
mobservice1_qr_expired_1626884682,mobservice1,qr_expired,mobile,0.5,full_reference,0.0,0.0,0.0,0.0
mobservice1_qr_expired_1626917764,mobservice1,qr_expired,mobile,0.5,full_reference,0.0,0.0,0.0,0.0
mobservice1_qr_expired_1626941760,mobservice1,qr_expired,mobile,0.5,full_reference,0.4,0.0,0.0,1.0
mobservice1_qr_expired_1626968701,mobservice1,qr_expired,mobile,0.5,full_reference,0.2,0.0,0.0,1.0
mobservice1_qr_expired_1626999263,mobservice1,qr_expired,mobile,0.5,full_reference,0.8,0.0,1.0,1.0
mobservice1_qr_expired_1627024159,mobservice1,qr_expired,mobile,0.5,full_reference,0.8,0.0,1.0,1.0
mobservice1_qr_expired_1627051613,mobservice1,qr_expired,mobile,0.5,full_reference,0.4,0.0,0.0,1.0
mobservice1_qr_expired_1627083857,mobservice1,qr_expired,mobile,0.5,full_reference,1.0,1.0,1.0,1.0
mobservice1_qr_expired_1627112278,mobservice1,qr_expired,mobile,0.5,full_reference,0.0,0.0,0.0,0.0
mobservice1_qr_expired_1627135285,mobservice1,qr_expired,mobile,0.5,full_reference,0.0,0.0,0.0,0.0
mobservice1_qr_expired_1627157519,mobservice1,qr_expired,mobile,0.5,full_reference,0.4,0.0,0.0,1.0
mobservice1_qr_expired_1627184031,mobservice1,qr_expired,mobile,0.5,full_reference,0.4,0.0,0.0,1.0
mobservice1_qr_expired_1627212755,mobservice1,qr_expired,mobile,0.5,full_reference,0.0,0.0,0.0,0.0
mobservice1_qr_expired_1627238319,mobservice1,qr_expired,mobile,0.5,full_reference,0.6,0.0,1.0,1.0
mobservice1_qr_expired_1627264132,mobservice1,qr_expired,mobile,0.5,full_reference,0.6,0.0,1.0,1.0
mobservice1_qr_expired_1627293860,mobservice1,qr_expired,mobile,0.5,full_reference,0.8,0.0,1.0,1.0
mobservice1_qr_expired_1627322979,mobservice1,qr_expired,mobile,0.5,full_reference,1.0,1.0,1.0,1.0
mobservice1_qr_expired_1627355175,mobservice1,qr_expired,mobile,0.5,full_reference,0.0,0.0,0.0,0.0
mobservice1_qr_expired_1627383377,mobservice1,qr_expired,mobile,0.5,full_reference,0.0,0.0,0.0,0.0
mobservice1_qr_expired_1627410797,mobservice1,qr_expired,mobile,0.5,full_reference,0.0,0.0,0.0,0.0
mobservice1_qr_expired_1627438966,mobservice1,qr_expired,mobile,0.5,full_reference,0.0,0.0,0.0,0.0
mobservice1_qr_expired_1627466564,mobservice1,qr_expired,mobile,0.5,full_reference,0.2,0.0,0.0,1.0
mobservice1_qr_expired_1627500877,mobservice1,qr_expired,mobile,0.5,full_reference,1.0,1.0,1.0,1.0
mobservice1_qr_expired_1627528299,mobservice1,qr_expired,mobile,0.5,full_reference,0.8,0.0,1.0,1.0
mobservice1_qr_expired_1627552119,mobservice1,qr_expired,mobile,0.5,full_reference,0.8,0.0,1.0,1.0
mobservice1_qr_expired_1627579617,mobservice1,qr_expired,mobile,0.5,full_reference,0.6,0.0,1.0,1.0
mobservice1_qr_expired_1627607460,mobservice1,qr_expired,mobile,0.5,full_reference,1.0,1.0,1.0,1.0
mobservice1_qr_expired_1627636467,mobservice1,qr_expired,mobile,0.5,full_reference,0.0,0.0,0.0,0.0
mobservice1_qr_expired_1627666643,mobservice1,qr_expired,mobile,0.5,full_reference,0.0,0.0,0.0,0.0
mobservice1_qr_expired_1627691008,mobservice1,qr_expired,mobile,0.5,full_reference,0.0,0.0,0.0,0.0
mobservice1_qr_expired_1627716967,mobservice1,qr_expired,mobile,0.5,full_reference,0.0,0.0,0.0,0.0
mobservice1_qr_expired_1627738658,mobservice1,qr_expired,mobile,0.5,full_reference,0.0,0.0,0.0,0.0
mobservice2_cpu_1627454420,mobservice2,cpu,mobile,0.5,full_reference,0.0,0.0,0.0,0.0
mobservice2_cpu_1627497596,mobservice2,cpu,mobile,0.5,full_reference,0.0,0.0,0.0,0.0
mobservice2_cpu_1627542736,mobservice2,cpu,mobile,0.5,full_reference,1.0,1.0,1.0,1.0
mobservice2_cpu_1627761644,mobservice2,cpu,mobile,0.5,full_reference,0.0,0.0,0.0,0.0
mobservice2_errno111_1626752406,mobservice2,errno111,mobile,0.5,full_reference,1.0,1.0,1.0,1.0
mobservice2_errno111_1626752504,mobservice2,errno111,mobile,0.5,full_reference,0.8,0.0,1.0,1.0
mobservice2_memory_1625157918,mobservice2,memory,mobile,0.5,full_reference,0.0,0.0,0.0,0.0
mobservice2_memory_1625168598,mobservice2,memory,mobile,0.5,full_reference,1.0,1.0,1.0,1.0
mobservice2_memory_1625200044,mobservice2,memory,mobile,0.5,full_reference,0.4,0.0,0.0,1.0
mobservice2_memory_1625205092,mobservice2,memory,mobile,0.5,full_reference,0.2,0.0,0.0,1.0
mobservice2_memory_1625235821,mobservice2,memory,mobile,0.5,full_reference,0.8,0.0,1.0,1.0
mobservice2_memory_1625240040,mobservice2,memory,mobile,0.5,full_reference,0.8,0.0,1.0,1.0
mobservice2_memory_1625305876,mobservice2,memory,mobile,0.5,full_reference,1.0,1.0,1.0,1.0
mobservice2_memory_1625359712,mobservice2,memory,mobile,0.5,full_reference,1.0,1.0,1.0,1.0
mobservice2_memory_1625527607,mobservice2,memory,mobile,0.5,full_reference,0.8,0.0,1.0,1.0
mobservice2_memory_1625552888,mobservice2,memory,mobile,0.5,full_reference,1.0,1.0,1.0,1.0
mobservice2_memory_1625584788,mobservice2,memory,mobile,0.5,full_reference,0.0,0.0,0.0,0.0
mobservice2_memory_1625676811,mobservice2,memory,mobile,0.5,full_reference,1.0,1.0,1.0,1.0
mobservice2_memory_1625680798,mobservice2,memory,mobile,0.5,full_reference,0.6,0.0,1.0,1.0
mobservice2_memory_1625692971,mobservice2,memory,mobile,0.5,full_reference,0.0,0.0,0.0,0.0
mobservice2_memory_1625697606,mobservice2,memory,mobile,0.5,full_reference,0.0,0.0,0.0,0.0
mobservice2_memory_1625738510,mobservice2,memory,mobile,0.5,full_reference,0.8,0.0,1.0,1.0
mobservice2_memory_1625742099,mobservice2,memory,mobile,0.5,full_reference,0.0,0.0,0.0,0.0
mobservice2_memory_1625771613,mobservice2,memory,mobile,0.5,full_reference,1.0,1.0,1.0,1.0
mobservice2_memory_1625831922,mobservice2,memory,mobile,0.5,full_reference,0.8,0.0,1.0,1.0
mobservice2_memory_1625898199,mobservice2,memory,mobile,0.5,full_reference,0.2,0.0,0.0,1.0
mobservice2_memory_1625987443,mobservice2,memory,mobile,0.5,full_reference,0.8,0.0,1.0,1.0
mobservice2_memory_1626009884,mobservice2,memory,mobile,0.5,full_reference,0.0,0.0,0.0,0.0
mobservice2_memory_1626030275,mobservice2,memory,mobile,0.5,full_reference,0.0,0.0,0.0,0.0
mobservice2_memory_1626061939,mobservice2,memory,mobile,0.5,full_reference,0.0,0.0,0.0,0.0
mobservice2_memory_1626128366,mobservice2,memory,mobile,0.5,full_reference,0.8,0.0,1.0,1.0
mobservice2_memory_1626132020,mobservice2,memory,mobile,0.5,full_reference,0.4,0.0,0.0,1.0
mobservice2_memory_1626157765,mobservice2,memory,mobile,0.5,full_reference,0.2,0.0,0.0,1.0
mobservice2_memory_1626198509,mobservice2,memory,mobile,0.5,full_reference,1.0,1.0,1.0,1.0
mobservice2_memory_1626201727,mobservice2,memory,mobile,0.5,full_reference,1.0,1.0,1.0,1.0
mobservice2_memory_1626240489,mobservice2,memory,mobile,0.5,full_reference,0.8,0.0,1.0,1.0
mobservice2_memory_1626286299,mobservice2,memory,mobile,0.5,full_reference,0.0,0.0,0.0,0.0
mobservice2_memory_1626294885,mobservice2,memory,mobile,0.5,full_reference,0.0,0.0,0.0,0.0
mobservice2_memory_1626323276,mobservice2,memory,mobile,0.5,full_reference,0.4,0.0,0.0,1.0
mobservice2_memory_1626411067,mobservice2,memory,mobile,0.5,full_reference,1.0,1.0,1.0,1.0
mobservice2_memory_1626429148,mobservice2,memory,mobile,0.5,full_reference,0.0,0.0,0.0,0.0
mobservice2_memory_1626439231,mobservice2,memory,mobile,0.5,full_reference,0.8,0.0,1.0,1.0
mobservice2_memory_1626458752,mobservice2,memory,mobile,0.5,full_reference,0.4,0.0,0.0,1.0
mobservice2_memory_1626474951,mobservice2,memory,mobile,0.5,full_reference,0.8,0.0,1.0,1.0
mobservice2_memory_1626520226,mobservice2,memory,mobile,0.5,full_reference,1.0,1.0,1.0,1.0
mobservice2_memory_1626538101,mobservice2,memory,mobile,0.5,full_reference,0.4,0.0,0.0,1.0
mobservice2_memory_1626607047,mobservice2,memory,mobile,0.5,full_reference,0.0,0.0,0.0,0.0
mobservice2_memory_1626757492,mobservice2,memory,mobile,0.5,full_reference,0.6,0.0,1.0,1.0
mobservice2_memory_1626785359,mobservice2,memory,mobile,0.5,full_reference,0.0,0.0,0.0,0.0
mobservice2_memory_1626890346,mobservice2,memory,mobile,0.5,full_reference,0.0,0.0,0.0,0.0
mobservice2_memory_1626935991,mobservice2,memory,mobile,0.5,full_reference,0.2,0.0,0.0,1.0
mobservice2_memory_1626958150,mobservice2,memory,mobile,0.5,full_reference,1.0,1.0,1.0,1.0
mobservice2_memory_1626961197,mobservice2,memory,mobile,0.5,full_reference,1.0,1.0,1.0,1.0
mobservice2_memory_1626985877,mobservice2,memory,mobile,0.5,full_reference,0.6,0.0,1.0,1.0
mobservice2_memory_1627037496,mobservice2,memory,mobile,0.5,full_reference,0.6,0.0,1.0,1.0
mobservice2_memory_1627044227,mobservice2,memory,mobile,0.5,full_reference,0.4,0.0,0.0,1.0
mobservice2_memory_1627065444,mobservice2,memory,mobile,0.5,full_reference,0.2,0.0,0.0,1.0
mobservice2_memory_1627119333,mobservice2,memory,mobile,0.5,full_reference,0.4,0.0,0.0,1.0
mobservice2_memory_1627204060,mobservice2,memory,mobile,0.5,full_reference,0.8,0.0,1.0,1.0
mobservice2_memory_1627230225,mobservice2,memory,mobile,0.5,full_reference,0.8,0.0,1.0,1.0
mobservice2_memory_1627256808,mobservice2,memory,mobile,0.5,full_reference,1.0,1.0,1.0,1.0
mobservice2_memory_1627260359,mobservice2,memory,mobile,0.5,full_reference,0.0,0.0,0.0,0.0
mobservice2_memory_1627296468,mobservice2,memory,mobile,0.5,full_reference,0.0,0.0,0.0,0.0
mobservice2_memory_1627357843,mobservice2,memory,mobile,0.5,full_reference,0.0,0.0,0.0,0.0
mobservice2_memory_1627365277,mobservice2,memory,mobile,0.5,full_reference,0.2,0.0,0.0,1.0
mobservice2_memory_1627374212,mobservice2,memory,mobile,0.5,full_reference,1.0,1.0,1.0,1.0
mobservice2_memory_1627436047,mobservice2,memory,mobile,0.5,full_reference,0.8,0.0,1.0,1.0
mobservice2_memory_1627471954,mobservice2,memory,mobile,0.5,full_reference,0.2,0.0,0.0,1.0
mobservice2_memory_1627514362,mobservice2,memory,mobile,0.5,full_reference,1.0,1.0,1.0,1.0
mobservice2_memory_1627554299,mobservice2,memory,mobile,0.5,full_reference,1.0,1.0,1.0,1.0
mobservice2_memory_1627713570,mobservice2,memory,mobile,0.5,full_reference,0.0,0.0,0.0,0.0
mobservice2_memory_1627731436,mobservice2,memory,mobile,0.5,full_reference,0.4,0.0,0.0,1.0
mobservice2_qr_expired_1625152105,mobservice2,qr_expired,mobile,0.5,full_reference,0.6,0.0,1.0,1.0
mobservice2_qr_expired_1625179967,mobservice2,qr_expired,mobile,0.5,full_reference,0.8,0.0,1.0,1.0
mobservice2_qr_expired_1625210422,mobservice2,qr_expired,mobile,0.5,full_reference,0.2,0.0,0.0,1.0
mobservice2_qr_expired_1625242846,mobservice2,qr_expired,mobile,0.5,full_reference,0.8,0.0,1.0,1.0
mobservice2_qr_expired_1625275953,mobservice2,qr_expired,mobile,0.5,full_reference,0.8,0.0,1.0,1.0
mobservice2_qr_expired_1625302666,mobservice2,qr_expired,mobile,0.5,full_reference,1.0,1.0,1.0,1.0
mobservice2_qr_expired_1625334978,mobservice2,qr_expired,mobile,0.5,full_reference,0.4,0.0,0.0,1.0
mobservice2_qr_expired_1625360218,mobservice2,qr_expired,mobile,0.5,full_reference,0.8,0.0,1.0,1.0
mobservice2_qr_expired_1625390816,mobservice2,qr_expired,mobile,0.5,full_reference,1.0,1.0,1.0,1.0
mobservice2_qr_expired_1625425284,mobservice2,qr_expired,mobile,0.5,full_reference,0.6,0.0,1.0,1.0
mobservice2_qr_expired_1625455022,mobservice2,qr_expired,mobile,0.5,full_reference,1.0,1.0,1.0,1.0
mobservice2_qr_expired_1625489299,mobservice2,qr_expired,mobile,0.5,full_reference,0.6,0.0,1.0,1.0
mobservice2_qr_expired_1625521837,mobservice2,qr_expired,mobile,0.5,full_reference,0.2,0.0,0.0,1.0
mobservice2_qr_expired_1625553275,mobservice2,qr_expired,mobile,0.5,full_reference,0.6,0.0,1.0,1.0
mobservice2_qr_expired_1625586485,mobservice2,qr_expired,mobile,0.5,full_reference,0.2,0.0,0.0,1.0
mobservice2_qr_expired_1625632041,mobservice2,qr_expired,mobile,0.5,full_reference,0.2,0.0,0.0,1.0
mobservice2_qr_expired_1625675866,mobservice2,qr_expired,mobile,0.5,full_reference,0.0,0.0,0.0,0.0
mobservice2_qr_expired_1625722797,mobservice2,qr_expired,mobile,0.5,full_reference,0.4,0.0,0.0,1.0
mobservice2_qr_expired_1625778458,mobservice2,qr_expired,mobile,0.5,full_reference,1.0,1.0,1.0,1.0
mobservice2_qr_expired_1625827086,mobservice2,qr_expired,mobile,0.5,full_reference,0.0,0.0,0.0,0.0
mobservice2_qr_expired_1625871929,mobservice2,qr_expired,mobile,0.5,full_reference,0.4,0.0,0.0,1.0
mobservice2_qr_expired_1625913424,mobservice2,qr_expired,mobile,0.5,full_reference,0.4,0.0,0.0,1.0
mobservice2_qr_expired_1625953921,mobservice2,qr_expired,mobile,0.5,full_reference,1.0,1.0,1.0,1.0
mobservice2_qr_expired_1625991677,mobservice2,qr_expired,mobile,0.5,full_reference,0.0,0.0,0.0,0.0
mobservice2_qr_expired_1626027488,mobservice2,qr_expired,mobile,0.5,full_reference,0.0,0.0,0.0,0.0
mobservice2_qr_expired_1626055588,mobservice2,qr_expired,mobile,0.5,full_reference,0.0,0.0,0.0,0.0
mobservice2_qr_expired_1626092428,mobservice2,qr_expired,mobile,0.5,full_reference,0.0,0.0,0.0,0.0
mobservice2_qr_expired_1626126195,mobservice2,qr_expired,mobile,0.5,full_reference,0.0,0.0,0.0,0.0
mobservice2_qr_expired_1626148468,mobservice2,qr_expired,mobile,0.5,full_reference,0.4,0.0,0.0,1.0
mobservice2_qr_expired_1626179787,mobservice2,qr_expired,mobile,0.5,full_reference,0.4,0.0,0.0,1.0
mobservice2_qr_expired_1626214192,mobservice2,qr_expired,mobile,0.5,full_reference,0.2,0.0,0.0,1.0
mobservice2_qr_expired_1626250092,mobservice2,qr_expired,mobile,0.5,full_reference,0.0,0.0,0.0,0.0
mobservice2_qr_expired_1626285754,mobservice2,qr_expired,mobile,0.5,full_reference,0.8,0.0,1.0,1.0
mobservice2_qr_expired_1626320898,mobservice2,qr_expired,mobile,0.5,full_reference,0.8,0.0,1.0,1.0
mobservice2_qr_expired_1626353097,mobservice2,qr_expired,mobile,0.5,full_reference,0.8,0.0,1.0,1.0
mobservice2_qr_expired_1626386746,mobservice2,qr_expired,mobile,0.5,full_reference,0.4,0.0,0.0,1.0
mobservice2_qr_expired_1626422509,mobservice2,qr_expired,mobile,0.5,full_reference,0.2,0.0,0.0,1.0
mobservice2_qr_expired_1626455756,mobservice2,qr_expired,mobile,0.5,full_reference,0.0,0.0,0.0,0.0
mobservice2_qr_expired_1626488967,mobservice2,qr_expired,mobile,0.5,full_reference,0.8,0.0,1.0,1.0
mobservice2_qr_expired_1626516592,mobservice2,qr_expired,mobile,0.5,full_reference,0.2,0.0,0.0,1.0
mobservice2_qr_expired_1626548205,mobservice2,qr_expired,mobile,0.5,full_reference,0.4,0.0,0.0,1.0
mobservice2_qr_expired_1626576971,mobservice2,qr_expired,mobile,0.5,full_reference,0.8,0.0,1.0,1.0
mobservice2_qr_expired_1626607755,mobservice2,qr_expired,mobile,0.5,full_reference,1.0,1.0,1.0,1.0
mobservice2_qr_expired_1626636652,mobservice2,qr_expired,mobile,0.5,full_reference,0.0,0.0,0.0,0.0
mobservice2_qr_expired_1626763751,mobservice2,qr_expired,mobile,0.5,full_reference,0.0,0.0,0.0,0.0
mobservice2_qr_expired_1626790862,mobservice2,qr_expired,mobile,0.5,full_reference,0.0,0.0,0.0,0.0
mobservice2_qr_expired_1626826499,mobservice2,qr_expired,mobile,0.5,full_reference,0.0,0.0,0.0,0.0
mobservice2_qr_expired_1626855935,mobservice2,qr_expired,mobile,0.5,full_reference,0.0,0.0,0.0,0.0
mobservice2_qr_expired_1626885208,mobservice2,qr_expired,mobile,0.5,full_reference,0.8,0.0,1.0,1.0
mobservice2_qr_expired_1626911607,mobservice2,qr_expired,mobile,0.5,full_reference,0.2,0.0,0.0,1.0
mobservice2_qr_expired_1626942742,mobservice2,qr_expired,mobile,0.5,full_reference,0.6,0.0,1.0,1.0
mobservice2_qr_expired_1626974155,mobservice2,qr_expired,mobile,0.5,full_reference,0.6,0.0,1.0,1.0
mobservice2_qr_expired_1626999471,mobservice2,qr_expired,mobile,0.5,full_reference,0.0,0.0,0.0,0.0
mobservice2_qr_expired_1627030453,mobservice2,qr_expired,mobile,0.5,full_reference,0.4,0.0,0.0,1.0
mobservice2_qr_expired_1627056700,mobservice2,qr_expired,mobile,0.5,full_reference,1.0,1.0,1.0,1.0
mobservice2_qr_expired_1627085196,mobservice2,qr_expired,mobile,0.5,full_reference,0.2,0.0,0.0,1.0
mobservice2_qr_expired_1627113655,mobservice2,qr_expired,mobile,0.5,full_reference,0.0,0.0,0.0,0.0
mobservice2_qr_expired_1627141574,mobservice2,qr_expired,mobile,0.5,full_reference,0.2,0.0,0.0,1.0
mobservice2_qr_expired_1627170090,mobservice2,qr_expired,mobile,0.5,full_reference,0.0,0.0,0.0,0.0
mobservice2_qr_expired_1627194645,mobservice2,qr_expired,mobile,0.5,full_reference,0.2,0.0,0.0,1.0
mobservice2_qr_expired_1627220128,mobservice2,qr_expired,mobile,0.5,full_reference,0.8,0.0,1.0,1.0
mobservice2_qr_expired_1627249800,mobservice2,qr_expired,mobile,0.5,full_reference,1.0,1.0,1.0,1.0
mobservice2_qr_expired_1627279670,mobservice2,qr_expired,mobile,0.5,full_reference,0.8,0.0,1.0,1.0
mobservice2_qr_expired_1627308362,mobservice2,qr_expired,mobile,0.5,full_reference,0.4,0.0,0.0,1.0
mobservice2_qr_expired_1627337234,mobservice2,qr_expired,mobile,0.5,full_reference,0.0,0.0,0.0,0.0
mobservice2_qr_expired_1627363820,mobservice2,qr_expired,mobile,0.5,full_reference,0.0,0.0,0.0,0.0
mobservice2_qr_expired_1627389398,mobservice2,qr_expired,mobile,0.5,full_reference,1.0,1.0,1.0,1.0
mobservice2_qr_expired_1627418217,mobservice2,qr_expired,mobile,0.5,full_reference,0.8,0.0,1.0,1.0
mobservice2_qr_expired_1627450448,mobservice2,qr_expired,mobile,0.5,full_reference,1.0,1.0,1.0,1.0
mobservice2_qr_expired_1627475638,mobservice2,qr_expired,mobile,0.5,full_reference,0.0,0.0,0.0,0.0
mobservice2_qr_expired_1627503713,mobservice2,qr_expired,mobile,0.5,full_reference,0.8,0.0,1.0,1.0
mobservice2_qr_expired_1627532257,mobservice2,qr_expired,mobile,0.5,full_reference,1.0,1.0,1.0,1.0
mobservice2_qr_expired_1627561033,mobservice2,qr_expired,mobile,0.5,full_reference,1.0,1.0,1.0,1.0
mobservice2_qr_expired_1627590661,mobservice2,qr_expired,mobile,0.5,full_reference,0.6,0.0,1.0,1.0
mobservice2_qr_expired_1627615107,mobservice2,qr_expired,mobile,0.5,full_reference,1.0,1.0,1.0,1.0
mobservice2_qr_expired_1627645682,mobservice2,qr_expired,mobile,0.5,full_reference,1.0,1.0,1.0,1.0
mobservice2_qr_expired_1627671327,mobservice2,qr_expired,mobile,0.5,full_reference,0.0,0.0,0.0,0.0
mobservice2_qr_expired_1627694165,mobservice2,qr_expired,mobile,0.5,full_reference,0.0,0.0,0.0,0.0
mobservice2_qr_expired_1627721066,mobservice2,qr_expired,mobile,0.5,full_reference,0.0,0.0,0.0,0.0
mobservice2_qr_expired_1627741589,mobservice2,qr_expired,mobile,0.5,full_reference,0.0,0.0,0.0,0.0
redisservice1_errno111_1626751802,redisservice1,errno111,cache,0.5,full_reference,0.6,0.0,1.0,1.0
redisservice1_errno111_1626752423,redisservice1,errno111,cache,0.5,full_reference,0.0,0.0,0.0,0.0
redisservice1_memory_1625145523,redisservice1,memory,cache,0.5,full_reference,1.0,1.0,1.0,1.0
redisservice1_memory_1625157279,redisservice1,memory,cache,0.5,full_reference,0.2,0.0,0.0,1.0
redisservice1_memory_1625174903,redisservice1,memory,cache,0.5,full_reference,0.0,0.0,0.0,0.0
redisservice1_memory_1625272609,redisservice1,memory,cache,0.5,full_reference,0.2,0.0,0.0,1.0
redisservice1_memory_1625332594,redisservice1,memory,cache,0.5,full_reference,0.6,0.0,1.0,1.0
redisservice1_memory_1625420467,redisservice1,memory,cache,0.5,full_reference,0.0,0.0,0.0,0.0
redisservice1_memory_1625453062,redisservice1,memory,cache,0.5,full_reference,0.0,0.0,0.0,0.0
redisservice1_memory_1625473678,redisservice1,memory,cache,0.5,full_reference,0.0,0.0,0.0,0.0
redisservice1_memory_1625508996,redisservice1,memory,cache,0.5,full_reference,0.2,0.0,0.0,1.0
redisservice1_memory_1625609699,redisservice1,memory,cache,0.5,full_reference,1.0,1.0,1.0,1.0
redisservice1_memory_1625631347,redisservice1,memory,cache,0.5,full_reference,1.0,1.0,1.0,1.0
redisservice1_memory_1625699447,redisservice1,memory,cache,0.5,full_reference,0.0,0.0,0.0,0.0
redisservice1_memory_1625816205,redisservice1,memory,cache,0.5,full_reference,0.0,0.0,0.0,0.0
redisservice1_memory_1625882934,redisservice1,memory,cache,0.5,full_reference,1.0,1.0,1.0,1.0
redisservice1_memory_1625942635,redisservice1,memory,cache,0.5,full_reference,0.2,0.0,0.0,1.0
redisservice1_memory_1626014952,redisservice1,memory,cache,0.5,full_reference,0.0,0.0,0.0,0.0
redisservice1_memory_1626130579,redisservice1,memory,cache,0.5,full_reference,0.4,0.0,0.0,1.0
redisservice1_memory_1626172859,redisservice1,memory,cache,0.5,full_reference,0.0,0.0,0.0,0.0
redisservice1_memory_1626177452,redisservice1,memory,cache,0.5,full_reference,0.0,0.0,0.0,0.0
redisservice1_memory_1626185810,redisservice1,memory,cache,0.5,full_reference,0.0,0.0,0.0,0.0
redisservice1_memory_1626275221,redisservice1,memory,cache,0.5,full_reference,0.2,0.0,0.0,1.0
redisservice1_memory_1626278567,redisservice1,memory,cache,0.5,full_reference,0.0,0.0,0.0,0.0
redisservice1_memory_1626337048,redisservice1,memory,cache,0.5,full_reference,1.0,1.0,1.0,1.0
redisservice1_memory_1626374212,redisservice1,memory,cache,0.5,full_reference,0.4,0.0,0.0,1.0
redisservice1_memory_1626444115,redisservice1,memory,cache,0.5,full_reference,0.0,0.0,0.0,0.0
redisservice1_memory_1626517230,redisservice1,memory,cache,0.5,full_reference,1.0,1.0,1.0,1.0
redisservice1_memory_1626520325,redisservice1,memory,cache,0.5,full_reference,0.0,0.0,0.0,0.0
redisservice1_memory_1626552122,redisservice1,memory,cache,0.5,full_reference,0.8,0.0,1.0,1.0
redisservice1_memory_1626758417,redisservice1,memory,cache,0.5,full_reference,0.0,0.0,0.0,0.0
redisservice1_memory_1626851723,redisservice1,memory,cache,0.5,full_reference,0.0,0.0,0.0,0.0
redisservice1_memory_1626864205,redisservice1,memory,cache,0.5,full_reference,0.0,0.0,0.0,0.0
redisservice1_memory_1626871199,redisservice1,memory,cache,0.5,full_reference,0.0,0.0,0.0,0.0
redisservice1_memory_1626943678,redisservice1,memory,cache,0.5,full_reference,0.2,0.0,0.0,1.0
redisservice1_memory_1626975786,redisservice1,memory,cache,0.5,full_reference,0.0,0.0,0.0,0.0
redisservice1_memory_1626979689,redisservice1,memory,cache,0.5,full_reference,0.0,0.0,0.0,0.0
redisservice1_memory_1627002068,redisservice1,memory,cache,0.5,full_reference,0.8,0.0,1.0,1.0
redisservice1_memory_1627081010,redisservice1,memory,cache,0.5,full_reference,1.0,1.0,1.0,1.0
redisservice1_memory_1627111126,redisservice1,memory,cache,0.5,full_reference,0.0,0.0,0.0,0.0
redisservice1_memory_1627213476,redisservice1,memory,cache,0.5,full_reference,1.0,1.0,1.0,1.0
redisservice1_memory_1627219738,redisservice1,memory,cache,0.5,full_reference,0.6,0.0,1.0,1.0
redisservice1_memory_1627303947,redisservice1,memory,cache,0.5,full_reference,0.0,0.0,0.0,0.0
redisservice1_memory_1627332332,redisservice1,memory,cache,0.5,full_reference,0.4,0.0,0.0,1.0
redisservice1_memory_1627362134,redisservice1,memory,cache,0.5,full_reference,0.4,0.0,0.0,1.0
redisservice1_memory_1627367085,redisservice1,memory,cache,0.5,full_reference,0.0,0.0,0.0,0.0
redisservice1_memory_1627381864,redisservice1,memory,cache,0.5,full_reference,0.6,0.0,1.0,1.0
redisservice1_memory_1627436567,redisservice1,memory,cache,0.5,full_reference,1.0,1.0,1.0,1.0
redisservice1_memory_1627512202,redisservice1,memory,cache,0.5,full_reference,0.0,0.0,0.0,0.0
redisservice1_memory_1627531834,redisservice1,memory,cache,0.5,full_reference,0.0,0.0,0.0,0.0
redisservice1_memory_1627574700,redisservice1,memory,cache,0.5,full_reference,0.0,0.0,0.0,0.0
redisservice1_memory_1627588078,redisservice1,memory,cache,0.5,full_reference,0.6,0.0,1.0,1.0
redisservice1_memory_1627657138,redisservice1,memory,cache,0.5,full_reference,0.0,0.0,0.0,0.0
redisservice1_memory_1627670203,redisservice1,memory,cache,0.5,full_reference,0.0,0.0,0.0,0.0
redisservice1_memory_1627713030,redisservice1,memory,cache,0.5,full_reference,0.0,0.0,0.0,0.0
redisservice1_memory_1627749155,redisservice1,memory,cache,0.5,full_reference,0.0,0.0,0.0,0.0
redisservice1_memory_1627760867,redisservice1,memory,cache,0.5,full_reference,0.2,0.0,0.0,1.0
redisservice2_errno111_1626751801,redisservice2,errno111,cache,0.5,full_reference,0.2,0.0,0.0,1.0
redisservice2_errno111_1626752427,redisservice2,errno111,cache,0.5,full_reference,0.2,0.0,0.0,1.0
redisservice2_memory_1625155035,redisservice2,memory,cache,0.5,full_reference,0.4,0.0,0.0,1.0
redisservice2_memory_1625165701,redisservice2,memory,cache,0.5,full_reference,0.0,0.0,0.0,0.0
redisservice2_memory_1625175011,redisservice2,memory,cache,0.5,full_reference,0.2,0.0,0.0,1.0
redisservice2_memory_1625179202,redisservice2,memory,cache,0.5,full_reference,0.4,0.0,0.0,1.0
redisservice2_memory_1625250114,redisservice2,memory,cache,0.5,full_reference,0.2,0.0,0.0,1.0
redisservice2_memory_1625264600,redisservice2,memory,cache,0.5,full_reference,0.0,0.0,0.0,0.0
redisservice2_memory_1625320792,redisservice2,memory,cache,0.5,full_reference,0.0,0.0,0.0,0.0
redisservice2_memory_1625324488,redisservice2,memory,cache,0.5,full_reference,0.0,0.0,0.0,0.0
redisservice2_memory_1625493529,redisservice2,memory,cache,0.5,full_reference,0.6,0.0,1.0,1.0
redisservice2_memory_1625512043,redisservice2,memory,cache,0.5,full_reference,0.0,0.0,0.0,0.0
redisservice2_memory_1625620800,redisservice2,memory,cache,0.5,full_reference,0.2,0.0,0.0,1.0
redisservice2_memory_1625692590,redisservice2,memory,cache,0.5,full_reference,0.2,0.0,0.0,1.0
redisservice2_memory_1625733844,redisservice2,memory,cache,0.5,full_reference,1.0,1.0,1.0,1.0
redisservice2_memory_1625752669,redisservice2,memory,cache,0.5,full_reference,0.0,0.0,0.0,0.0
redisservice2_memory_1625768486,redisservice2,memory,cache,0.5,full_reference,0.0,0.0,0.0,0.0
redisservice2_memory_1625790000,redisservice2,memory,cache,0.5,full_reference,1.0,1.0,1.0,1.0
redisservice2_memory_1625819320,redisservice2,memory,cache,0.5,full_reference,0.0,0.0,0.0,0.0
redisservice2_memory_1625845367,redisservice2,memory,cache,0.5,full_reference,0.0,0.0,0.0,0.0
redisservice2_memory_1625874853,redisservice2,memory,cache,0.5,full_reference,0.6,0.0,1.0,1.0
redisservice2_memory_1625882839,redisservice2,memory,cache,0.5,full_reference,0.0,0.0,0.0,0.0
redisservice2_memory_1625954379,redisservice2,memory,cache,0.5,full_reference,0.8,0.0,1.0,1.0
redisservice2_memory_1625985172,redisservice2,memory,cache,0.5,full_reference,0.8,0.0,1.0,1.0
redisservice2_memory_1626048164,redisservice2,memory,cache,0.5,full_reference,0.0,0.0,0.0,0.0
redisservice2_memory_1626074288,redisservice2,memory,cache,0.5,full_reference,0.4,0.0,0.0,1.0
redisservice2_memory_1626096553,redisservice2,memory,cache,0.5,full_reference,0.2,0.0,0.0,1.0
redisservice2_memory_1626127643,redisservice2,memory,cache,0.5,full_reference,1.0,1.0,1.0,1.0
redisservice2_memory_1626131951,redisservice2,memory,cache,0.5,full_reference,0.6,0.0,1.0,1.0
redisservice2_memory_1626178417,redisservice2,memory,cache,0.5,full_reference,0.0,0.0,0.0,0.0
redisservice2_memory_1626247718,redisservice2,memory,cache,0.5,full_reference,0.8,0.0,1.0,1.0
redisservice2_memory_1626307296,redisservice2,memory,cache,0.5,full_reference,0.0,0.0,0.0,0.0
redisservice2_memory_1626319731,redisservice2,memory,cache,0.5,full_reference,0.0,0.0,0.0,0.0
redisservice2_memory_1626375654,redisservice2,memory,cache,0.5,full_reference,0.4,0.0,0.0,1.0
redisservice2_memory_1626410429,redisservice2,memory,cache,0.5,full_reference,0.8,0.0,1.0,1.0
redisservice2_memory_1626496139,redisservice2,memory,cache,0.5,full_reference,0.0,0.0,0.0,0.0
redisservice2_memory_1626741618,redisservice2,memory,cache,0.5,full_reference,1.0,1.0,1.0,1.0
redisservice2_memory_1626765949,redisservice2,memory,cache,0.5,full_reference,0.0,0.0,0.0,0.0
redisservice2_memory_1626783759,redisservice2,memory,cache,0.5,full_reference,0.0,0.0,0.0,0.0
redisservice2_memory_1626847510,redisservice2,memory,cache,0.5,full_reference,0.4,0.0,0.0,1.0
redisservice2_memory_1626861594,redisservice2,memory,cache,0.5,full_reference,0.6,0.0,1.0,1.0
redisservice2_memory_1626934034,redisservice2,memory,cache,0.5,full_reference,0.0,0.0,0.0,0.0
redisservice2_memory_1627016217,redisservice2,memory,cache,0.5,full_reference,0.4,0.0,0.0,1.0
redisservice2_memory_1627022600,redisservice2,memory,cache,0.5,full_reference,0.0,0.0,0.0,0.0
redisservice2_memory_1627063787,redisservice2,memory,cache,0.5,full_reference,0.0,0.0,0.0,0.0
redisservice2_memory_1627072253,redisservice2,memory,cache,0.5,full_reference,0.0,0.0,0.0,0.0
redisservice2_memory_1627115108,redisservice2,memory,cache,0.5,full_reference,0.0,0.0,0.0,0.0
redisservice2_memory_1627140541,redisservice2,memory,cache,0.5,full_reference,0.6,0.0,1.0,1.0
redisservice2_memory_1627269946,redisservice2,memory,cache,0.5,full_reference,0.6,0.0,1.0,1.0
redisservice2_memory_1627293263,redisservice2,memory,cache,0.5,full_reference,0.0,0.0,0.0,0.0
redisservice2_memory_1627386167,redisservice2,memory,cache,0.5,full_reference,1.0,1.0,1.0,1.0
redisservice2_memory_1627409250,redisservice2,memory,cache,0.5,full_reference,0.0,0.0,0.0,0.0
redisservice2_memory_1627454973,redisservice2,memory,cache,0.5,full_reference,1.0,1.0,1.0,1.0
redisservice2_memory_1627585056,redisservice2,memory,cache,0.5,full_reference,0.0,0.0,0.0,0.0
redisservice2_memory_1627613855,redisservice2,memory,cache,0.5,full_reference,0.4,0.0,0.0,1.0
redisservice2_memory_1627629714,redisservice2,memory,cache,0.5,full_reference,0.0,0.0,0.0,0.0
redisservice2_memory_1627738678,redisservice2,memory,cache,0.5,full_reference,0.6,0.0,1.0,1.0
redisservice2_memory_1627745580,redisservice2,memory,cache,0.5,full_reference,0.8,0.0,1.0,1.0
redisservice2_memory_1627748697,redisservice2,memory,cache,0.5,full_reference,0.0,0.0,0.0,0.0
webservice1_cpu_1627724616,webservice1,cpu,web,0.5,full_reference,0.4,0.0,0.0,1.0
webservice1_errno111_1626750601,webservice1,errno111,web,0.5,full_reference,0.8,0.0,1.0,1.0
webservice1_errno111_1626750732,webservice1,errno111,web,0.5,full_reference,0.2,0.0,0.0,1.0
webservice1_file_move_1625256600,webservice1,file_move,web,0.5,full_reference,1.0,1.0,1.0,1.0
webservice1_file_move_1625371800,webservice1,file_move,web,0.5,full_reference,1.0,1.0,1.0,1.0
webservice1_file_move_1625400601,webservice1,file_move,web,0.5,full_reference,1.0,1.0,1.0,1.0
webservice1_file_move_1625631001,webservice1,file_move,web,0.5,full_reference,0.8,0.0,1.0,1.0
webservice1_file_move_1625706600,webservice1,file_move,web,0.5,full_reference,1.0,1.0,1.0,1.0
webservice1_file_move_1625775000,webservice1,file_move,web,0.5,full_reference,0.8,0.0,1.0,1.0
webservice1_file_move_1625890201,webservice1,file_move,web,0.5,full_reference,1.0,1.0,1.0,1.0
webservice1_file_move_1625933400,webservice1,file_move,web,0.5,full_reference,1.0,1.0,1.0,1.0
webservice1_file_move_1626149400,webservice1,file_move,web,0.5,full_reference,0.8,0.0,1.0,1.0
webservice1_file_move_1626264600,webservice1,file_move,web,0.5,full_reference,0.4,0.0,0.0,1.0
webservice1_file_move_1626351000,webservice1,file_move,web,0.5,full_reference,1.0,1.0,1.0,1.0
webservice1_file_move_1626509400,webservice1,file_move,web,0.5,full_reference,0.8,0.0,1.0,1.0
webservice1_file_move_1626797400,webservice1,file_move,web,0.5,full_reference,1.0,1.0,1.0,1.0
webservice1_file_move_1626840600,webservice1,file_move,web,0.5,full_reference,1.0,1.0,1.0,1.0
webservice1_file_move_1626916200,webservice1,file_move,web,0.5,full_reference,1.0,1.0,1.0,1.0
webservice1_file_move_1627114200,webservice1,file_move,web,0.5,full_reference,0.8,0.0,1.0,1.0
webservice1_file_move_1627503000,webservice1,file_move,web,0.5,full_reference,0.8,0.0,1.0,1.0
webservice1_file_move_1627521000,webservice1,file_move,web,0.5,full_reference,1.0,1.0,1.0,1.0
webservice1_file_move_1627531800,webservice1,file_move,web,0.5,full_reference,1.0,1.0,1.0,1.0
webservice1_file_move_1627607400,webservice1,file_move,web,0.5,full_reference,0.8,0.0,1.0,1.0
webservice1_file_move_1627632600,webservice1,file_move,web,0.5,full_reference,1.0,1.0,1.0,1.0
webservice1_file_move_1627661400,webservice1,file_move,web,0.5,full_reference,1.0,1.0,1.0,1.0
webservice1_memory_1625222072,webservice1,memory,web,0.5,full_reference,0.0,0.0,0.0,0.0
webservice1_memory_1625373179,webservice1,memory,web,0.5,full_reference,0.6,0.0,1.0,1.0
webservice1_memory_1625380916,webservice1,memory,web,0.5,full_reference,0.0,0.0,0.0,0.0
webservice1_memory_1625415630,webservice1,memory,web,0.5,full_reference,0.0,0.0,0.0,0.0
webservice1_memory_1625506658,webservice1,memory,web,0.5,full_reference,0.0,0.0,0.0,0.0
webservice1_memory_1625522955,webservice1,memory,web,0.5,full_reference,0.0,0.0,0.0,0.0
webservice1_memory_1625546136,webservice1,memory,web,0.5,full_reference,0.0,0.0,0.0,0.0
webservice1_memory_1625607930,webservice1,memory,web,0.5,full_reference,0.4,0.0,0.0,1.0
webservice1_memory_1625662559,webservice1,memory,web,0.5,full_reference,0.2,0.0,0.0,1.0
webservice1_memory_1625715729,webservice1,memory,web,0.5,full_reference,0.0,0.0,0.0,0.0
webservice1_memory_1625744233,webservice1,memory,web,0.5,full_reference,0.0,0.0,0.0,0.0
webservice1_memory_1625777703,webservice1,memory,web,0.5,full_reference,0.4,0.0,0.0,1.0
webservice1_memory_1625820924,webservice1,memory,web,0.5,full_reference,0.0,0.0,0.0,0.0
webservice1_memory_1625860918,webservice1,memory,web,0.5,full_reference,0.0,0.0,0.0,0.0
webservice1_memory_1625881257,webservice1,memory,web,0.5,full_reference,0.0,0.0,0.0,0.0
webservice1_memory_1625903663,webservice1,memory,web,0.5,full_reference,0.0,0.0,0.0,0.0
webservice1_memory_1625957279,webservice1,memory,web,0.5,full_reference,0.0,0.0,0.0,0.0
webservice1_memory_1625991808,webservice1,memory,web,0.5,full_reference,0.2,0.0,0.0,1.0
webservice1_memory_1626079674,webservice1,memory,web,0.5,full_reference,0.8,0.0,1.0,1.0
webservice1_memory_1626111467,webservice1,memory,web,0.5,full_reference,0.0,0.0,0.0,0.0
webservice1_memory_1626198054,webservice1,memory,web,0.5,full_reference,0.8,0.0,1.0,1.0
webservice1_memory_1626236265,webservice1,memory,web,0.5,full_reference,0.6,0.0,1.0,1.0
webservice1_memory_1626258904,webservice1,memory,web,0.5,full_reference,0.0,0.0,0.0,0.0
webservice1_memory_1626322165,webservice1,memory,web,0.5,full_reference,0.8,0.0,1.0,1.0
webservice1_memory_1626371978,webservice1,memory,web,0.5,full_reference,0.6,0.0,1.0,1.0
webservice1_memory_1626406508,webservice1,memory,web,0.5,full_reference,0.0,0.0,0.0,0.0
webservice1_memory_1626434165,webservice1,memory,web,0.5,full_reference,0.0,0.0,0.0,0.0
webservice1_memory_1626498601,webservice1,memory,web,0.5,full_reference,0.0,0.0,0.0,0.0
webservice1_memory_1626548045,webservice1,memory,web,0.5,full_reference,0.0,0.0,0.0,0.0
webservice1_memory_1626605103,webservice1,memory,web,0.5,full_reference,0.0,0.0,0.0,0.0
webservice1_memory_1626759297,webservice1,memory,web,0.5,full_reference,0.0,0.0,0.0,0.0
webservice1_memory_1626806854,webservice1,memory,web,0.5,full_reference,0.0,0.0,0.0,0.0
webservice1_memory_1626829989,webservice1,memory,web,0.5,full_reference,0.0,0.0,0.0,0.0
webservice1_memory_1626881411,webservice1,memory,web,0.5,full_reference,0.2,0.0,0.0,1.0
webservice1_memory_1626888666,webservice1,memory,web,0.5,full_reference,1.0,1.0,1.0,1.0
webservice1_memory_1626917861,webservice1,memory,web,0.5,full_reference,0.0,0.0,0.0,0.0
webservice1_memory_1626933556,webservice1,memory,web,0.5,full_reference,0.0,0.0,0.0,0.0
webservice1_memory_1626956223,webservice1,memory,web,0.5,full_reference,0.0,0.0,0.0,0.0
webservice1_memory_1626992148,webservice1,memory,web,0.5,full_reference,0.0,0.0,0.0,0.0
webservice1_memory_1627046678,webservice1,memory,web,0.5,full_reference,0.0,0.0,0.0,0.0
webservice1_memory_1627057566,webservice1,memory,web,0.5,full_reference,0.2,0.0,0.0,1.0
webservice1_memory_1627079078,webservice1,memory,web,0.5,full_reference,0.2,0.0,0.0,1.0
webservice1_memory_1627100569,webservice1,memory,web,0.5,full_reference,0.2,0.0,0.0,1.0
webservice1_memory_1627122542,webservice1,memory,web,0.5,full_reference,0.6,0.0,1.0,1.0
webservice1_memory_1627157039,webservice1,memory,web,0.5,full_reference,1.0,1.0,1.0,1.0
webservice1_memory_1627174739,webservice1,memory,web,0.5,full_reference,0.6,0.0,1.0,1.0
webservice1_memory_1627194266,webservice1,memory,web,0.5,full_reference,0.0,0.0,0.0,0.0
webservice1_memory_1627218977,webservice1,memory,web,0.5,full_reference,0.4,0.0,0.0,1.0
webservice1_memory_1627316277,webservice1,memory,web,0.5,full_reference,0.6,0.0,1.0,1.0
webservice1_memory_1627330168,webservice1,memory,web,0.5,full_reference,0.0,0.0,0.0,0.0
webservice1_memory_1627342282,webservice1,memory,web,0.5,full_reference,0.2,0.0,0.0,1.0
webservice1_memory_1627361744,webservice1,memory,web,0.5,full_reference,0.0,0.0,0.0,0.0
webservice1_memory_1627381040,webservice1,memory,web,0.5,full_reference,0.4,0.0,0.0,1.0
webservice1_memory_1627399949,webservice1,memory,web,0.5,full_reference,0.0,0.0,0.0,0.0
webservice1_memory_1627427700,webservice1,memory,web,0.5,full_reference,0.4,0.0,0.0,1.0
webservice1_memory_1627539698,webservice1,memory,web,0.5,full_reference,0.0,0.0,0.0,0.0
webservice1_memory_1627672100,webservice1,memory,web,0.5,full_reference,0.6,0.0,1.0,1.0
webservice1_memory_1627708025,webservice1,memory,web,0.5,full_reference,0.0,0.0,0.0,0.0
webservice1_memory_1627724870,webservice1,memory,web,0.5,full_reference,0.0,0.0,0.0,0.0
webservice1_memory_1627750701,webservice1,memory,web,0.5,full_reference,0.2,0.0,0.0,1.0
webservice2_cpu_1627270294,webservice2,cpu,web,0.5,full_reference,0.0,0.0,0.0,0.0
webservice2_errno111_1626750601,webservice2,errno111,web,0.5,full_reference,1.0,1.0,1.0,1.0
webservice2_errno111_1626750706,webservice2,errno111,web,0.5,full_reference,0.0,0.0,0.0,0.0
webservice2_file_move_1625361000,webservice2,file_move,web,0.5,full_reference,1.0,1.0,1.0,1.0
webservice2_file_move_1625386200,webservice2,file_move,web,0.5,full_reference,0.8,0.0,1.0,1.0
webservice2_file_move_1625501400,webservice2,file_move,web,0.5,full_reference,0.0,0.0,0.0,0.0
webservice2_file_move_1625559000,webservice2,file_move,web,0.5,full_reference,0.2,0.0,0.0,1.0
webservice2_file_move_1625587800,webservice2,file_move,web,0.5,full_reference,0.6,0.0,1.0,1.0
webservice2_file_move_1625793000,webservice2,file_move,web,0.5,full_reference,1.0,1.0,1.0,1.0
webservice2_file_move_1626163800,webservice2,file_move,web,0.5,full_reference,0.8,0.0,1.0,1.0
webservice2_file_move_1626264600,webservice2,file_move,web,0.5,full_reference,0.6,0.0,1.0,1.0
webservice2_file_move_1626869400,webservice2,file_move,web,0.5,full_reference,0.8,0.0,1.0,1.0
webservice2_file_move_1626883800,webservice2,file_move,web,0.5,full_reference,0.6,0.0,1.0,1.0
webservice2_file_move_1626927000,webservice2,file_move,web,0.5,full_reference,0.8,0.0,1.0,1.0
webservice2_file_move_1626955800,webservice2,file_move,web,0.5,full_reference,1.0,1.0,1.0,1.0
webservice2_file_move_1627071001,webservice2,file_move,web,0.5,full_reference,1.0,1.0,1.0,1.0
webservice2_file_move_1627089000,webservice2,file_move,web,0.5,full_reference,1.0,1.0,1.0,1.0
webservice2_file_move_1627215000,webservice2,file_move,web,0.5,full_reference,0.8,0.0,1.0,1.0
webservice2_file_move_1627488601,webservice2,file_move,web,0.5,full_reference,0.6,0.0,1.0,1.0
webservice2_file_move_1627503000,webservice2,file_move,web,0.5,full_reference,1.0,1.0,1.0,1.0
webservice2_file_move_1627575000,webservice2,file_move,web,0.5,full_reference,1.0,1.0,1.0,1.0
webservice2_file_move_1627607400,webservice2,file_move,web,0.5,full_reference,1.0,1.0,1.0,1.0
webservice2_file_move_1627632600,webservice2,file_move,web,0.5,full_reference,0.8,0.0,1.0,1.0
webservice2_file_move_1627704600,webservice2,file_move,web,0.5,full_reference,1.0,1.0,1.0,1.0
webservice2_memory_1625138212,webservice2,memory,web,0.5,full_reference,0.0,0.0,0.0,0.0
webservice2_memory_1625154530,webservice2,memory,web,0.5,full_reference,0.0,0.0,0.0,0.0
webservice2_memory_1625212312,webservice2,memory,web,0.5,full_reference,0.0,0.0,0.0,0.0
webservice2_memory_1625325487,webservice2,memory,web,0.5,full_reference,0.0,0.0,0.0,0.0
webservice2_memory_1625367620,webservice2,memory,web,0.5,full_reference,0.0,0.0,0.0,0.0
webservice2_memory_1625381030,webservice2,memory,web,0.5,full_reference,0.4,0.0,0.0,1.0
webservice2_memory_1625418006,webservice2,memory,web,0.5,full_reference,0.4,0.0,0.0,1.0
webservice2_memory_1625424557,webservice2,memory,web,0.5,full_reference,0.6,0.0,1.0,1.0
webservice2_memory_1625614232,webservice2,memory,web,0.5,full_reference,0.0,0.0,0.0,0.0
webservice2_memory_1625649699,webservice2,memory,web,0.5,full_reference,0.2,0.0,0.0,1.0
webservice2_memory_1625734162,webservice2,memory,web,0.5,full_reference,0.0,0.0,0.0,0.0
webservice2_memory_1625744497,webservice2,memory,web,0.5,full_reference,0.4,0.0,0.0,1.0
webservice2_memory_1625747511,webservice2,memory,web,0.5,full_reference,0.2,0.0,0.0,1.0
webservice2_memory_1625777099,webservice2,memory,web,0.5,full_reference,1.0,1.0,1.0,1.0
webservice2_memory_1625806048,webservice2,memory,web,0.5,full_reference,0.0,0.0,0.0,0.0
webservice2_memory_1625856842,webservice2,memory,web,0.5,full_reference,0.0,0.0,0.0,0.0
webservice2_memory_1625890558,webservice2,memory,web,0.5,full_reference,0.0,0.0,0.0,0.0
webservice2_memory_1625896703,webservice2,memory,web,0.5,full_reference,0.0,0.0,0.0,0.0
webservice2_memory_1626003242,webservice2,memory,web,0.5,full_reference,0.0,0.0,0.0,0.0
webservice2_memory_1626007446,webservice2,memory,web,0.5,full_reference,0.2,0.0,0.0,1.0
webservice2_memory_1626018521,webservice2,memory,web,0.5,full_reference,0.4,0.0,0.0,1.0
webservice2_memory_1626030740,webservice2,memory,web,0.5,full_reference,0.4,0.0,0.0,1.0
webservice2_memory_1626052978,webservice2,memory,web,0.5,full_reference,0.4,0.0,0.0,1.0
webservice2_memory_1626097343,webservice2,memory,web,0.5,full_reference,0.4,0.0,0.0,1.0
webservice2_memory_1626104516,webservice2,memory,web,0.5,full_reference,0.0,0.0,0.0,0.0
webservice2_memory_1626204647,webservice2,memory,web,0.5,full_reference,0.0,0.0,0.0,0.0
webservice2_memory_1626267308,webservice2,memory,web,0.5,full_reference,0.0,0.0,0.0,0.0
webservice2_memory_1626284568,webservice2,memory,web,0.5,full_reference,0.2,0.0,0.0,1.0
webservice2_memory_1626288105,webservice2,memory,web,0.5,full_reference,0.0,0.0,0.0,0.0
webservice2_memory_1626314797,webservice2,memory,web,0.5,full_reference,0.0,0.0,0.0,0.0
webservice2_memory_1626374035,webservice2,memory,web,0.5,full_reference,0.2,0.0,0.0,1.0
webservice2_memory_1626417018,webservice2,memory,web,0.5,full_reference,0.0,0.0,0.0,0.0
webservice2_memory_1626427252,webservice2,memory,web,0.5,full_reference,0.0,0.0,0.0,0.0
webservice2_memory_1626506288,webservice2,memory,web,0.5,full_reference,0.6,0.0,1.0,1.0
webservice2_memory_1626525063,webservice2,memory,web,0.5,full_reference,0.2,0.0,0.0,1.0
webservice2_memory_1626589456,webservice2,memory,web,0.5,full_reference,0.4,0.0,0.0,1.0
webservice2_memory_1626787776,webservice2,memory,web,0.5,full_reference,0.0,0.0,0.0,0.0
webservice2_memory_1626817432,webservice2,memory,web,0.5,full_reference,0.0,0.0,0.0,0.0
webservice2_memory_1626850836,webservice2,memory,web,0.5,full_reference,0.0,0.0,0.0,0.0
webservice2_memory_1626869243,webservice2,memory,web,0.5,full_reference,1.0,1.0,1.0,1.0
webservice2_memory_1626905392,webservice2,memory,web,0.5,full_reference,0.0,0.0,0.0,0.0
webservice2_memory_1626939504,webservice2,memory,web,0.5,full_reference,0.6,0.0,1.0,1.0
webservice2_memory_1627032836,webservice2,memory,web,0.5,full_reference,0.0,0.0,0.0,0.0
webservice2_memory_1627085325,webservice2,memory,web,0.5,full_reference,0.8,0.0,1.0,1.0
webservice2_memory_1627091294,webservice2,memory,web,0.5,full_reference,0.2,0.0,0.0,1.0
webservice2_memory_1627100690,webservice2,memory,web,0.5,full_reference,0.0,0.0,0.0,0.0
webservice2_memory_1627119052,webservice2,memory,web,0.5,full_reference,0.2,0.0,0.0,1.0
webservice2_memory_1627196935,webservice2,memory,web,0.5,full_reference,0.2,0.0,0.0,1.0
webservice2_memory_1627217059,webservice2,memory,web,0.5,full_reference,0.0,0.0,0.0,0.0
webservice2_memory_1627286385,webservice2,memory,web,0.5,full_reference,0.0,0.0,0.0,0.0
webservice2_memory_1627323573,webservice2,memory,web,0.5,full_reference,0.0,0.0,0.0,0.0
webservice2_memory_1627354358,webservice2,memory,web,0.5,full_reference,0.0,0.0,0.0,0.0
webservice2_memory_1627372277,webservice2,memory,web,0.5,full_reference,0.0,0.0,0.0,0.0
webservice2_memory_1627423928,webservice2,memory,web,0.5,full_reference,0.0,0.0,0.0,0.0
webservice2_memory_1627432266,webservice2,memory,web,0.5,full_reference,0.8,0.0,1.0,1.0
webservice2_memory_1627459375,webservice2,memory,web,0.5,full_reference,0.6,0.0,1.0,1.0
webservice2_memory_1627485396,webservice2,memory,web,0.5,full_reference,0.0,0.0,0.0,0.0
webservice2_memory_1627546421,webservice2,memory,web,0.5,full_reference,0.8,0.0,1.0,1.0
webservice2_memory_1627570264,webservice2,memory,web,0.5,full_reference,0.6,0.0,1.0,1.0
webservice2_memory_1627718583,webservice2,memory,web,0.5,full_reference,0.0,0.0,0.0,0.0
webservice2_memory_1627731038,webservice2,memory,web,0.5,full_reference,0.2,0.0,0.0,1.0
webservice2_memory_1627742508,webservice2,memory,web,0.5,full_reference,0.2,0.0,0.0,1.0
webservice2_memory_1627752181,webservice2,memory,web,0.5,full_reference,0.0,0.0,0.0,0.0
dbservice1_cpu_1627429585,dbservice1,cpu,database,0.5,random_multibudget,0.36,0.2,0.4,0.4
dbservice1_cpu_1627464819,dbservice1,cpu,database,0.5,random_multibudget,0.32,0.0,0.4,0.4
dbservice1_cpu_1627475651,dbservice1,cpu,database,0.5,random_multibudget,0.12,0.0,0.2,0.2
dbservice1_cpu_1627486293,dbservice1,cpu,database,0.5,random_multibudget,0.08,0.0,0.0,0.4
dbservice1_cpu_1627509699,dbservice1,cpu,database,0.5,random_multibudget,0.64,0.0,0.8,0.8
dbservice1_cpu_1627529324,dbservice1,cpu,database,0.5,random_multibudget,0.12,0.0,0.2,0.2
dbservice1_cpu_1627572876,dbservice1,cpu,database,0.5,random_multibudget,0.16,0.0,0.2,0.2
dbservice1_cpu_1627703827,dbservice1,cpu,database,0.5,random_multibudget,0.76,0.6,0.8,0.8
dbservice1_errno111_1626750606,dbservice1,errno111,database,0.5,random_multibudget,0.32,0.2,0.4,0.4
dbservice1_errno111_1626750701,dbservice1,errno111,database,0.5,random_multibudget,0.64,0.4,0.6,0.8
dbservice1_memory_1625140467,dbservice1,memory,database,0.5,random_multibudget,0.72,0.2,0.8,1.0
dbservice1_memory_1625178785,dbservice1,memory,database,0.5,random_multibudget,0.27999999999999997,0.2,0.2,0.4
dbservice1_memory_1625188889,dbservice1,memory,database,0.5,random_multibudget,0.04,0.0,0.0,0.2
dbservice1_memory_1625231603,dbservice1,memory,database,0.5,random_multibudget,0.0,0.0,0.0,0.0
dbservice1_memory_1625243441,dbservice1,memory,database,0.5,random_multibudget,0.6,0.6,0.6,0.6
dbservice1_memory_1625384013,dbservice1,memory,database,0.5,random_multibudget,0.8400000000000001,0.4,1.0,1.0
dbservice1_memory_1625411468,dbservice1,memory,database,0.5,random_multibudget,0.2,0.2,0.2,0.2
dbservice1_memory_1625418705,dbservice1,memory,database,0.5,random_multibudget,0.5599999999999999,0.4,0.6,0.6
dbservice1_memory_1625578885,dbservice1,memory,database,0.5,random_multibudget,0.2,0.0,0.0,0.8
dbservice1_memory_1625582957,dbservice1,memory,database,0.5,random_multibudget,0.4,0.0,0.4,0.8
dbservice1_memory_1625637896,dbservice1,memory,database,0.5,random_multibudget,0.27999999999999997,0.0,0.4,0.4
dbservice1_memory_1625671282,dbservice1,memory,database,0.5,random_multibudget,0.2,0.0,0.2,0.6
dbservice1_memory_1625675230,dbservice1,memory,database,0.5,random_multibudget,0.6,0.6,0.6,0.6
dbservice1_memory_1625679820,dbservice1,memory,database,0.5,random_multibudget,0.2,0.0,0.0,0.6
dbservice1_memory_1625768540,dbservice1,memory,database,0.5,random_multibudget,0.2,0.0,0.2,0.4
dbservice1_memory_1625849028,dbservice1,memory,database,0.5,random_multibudget,0.52,0.4,0.6,0.6
dbservice1_memory_1625863841,dbservice1,memory,database,0.5,random_multibudget,0.08,0.0,0.0,0.2
dbservice1_memory_1625867158,dbservice1,memory,database,0.5,random_multibudget,0.08,0.0,0.0,0.2
dbservice1_memory_1625870624,dbservice1,memory,database,0.5,random_multibudget,0.24000000000000005,0.0,0.2,0.4
dbservice1_memory_1625909033,dbservice1,memory,database,0.5,random_multibudget,0.27999999999999997,0.0,0.4,0.4
dbservice1_memory_1625914032,dbservice1,memory,database,0.5,random_multibudget,0.24,0.0,0.4,0.4
dbservice1_memory_1625964302,dbservice1,memory,database,0.5,random_multibudget,0.08,0.0,0.0,0.4
dbservice1_memory_1626032238,dbservice1,memory,database,0.5,random_multibudget,0.2,0.0,0.2,0.6
dbservice1_memory_1626113371,dbservice1,memory,database,0.5,random_multibudget,0.28,0.0,0.0,0.8
dbservice1_memory_1626178789,dbservice1,memory,database,0.5,random_multibudget,0.0,0.0,0.0,0.0
dbservice1_memory_1626195234,dbservice1,memory,database,0.5,random_multibudget,0.2,0.0,0.0,0.8
dbservice1_memory_1626266259,dbservice1,memory,database,0.5,random_multibudget,0.27999999999999997,0.0,0.4,0.4
dbservice1_memory_1626306060,dbservice1,memory,database,0.5,random_multibudget,0.28,0.0,0.2,0.6
dbservice1_memory_1626338404,dbservice1,memory,database,0.5,random_multibudget,0.24,0.0,0.4,0.4
dbservice1_memory_1626343595,dbservice1,memory,database,0.5,random_multibudget,0.04,0.0,0.0,0.2
dbservice1_memory_1626393113,dbservice1,memory,database,0.5,random_multibudget,0.76,0.6,0.8,0.8
dbservice1_memory_1626409893,dbservice1,memory,database,0.5,random_multibudget,0.4,0.0,0.6,0.6
dbservice1_memory_1626425140,dbservice1,memory,database,0.5,random_multibudget,0.36,0.0,0.4,0.8
dbservice1_memory_1626473914,dbservice1,memory,database,0.5,random_multibudget,0.2,0.2,0.2,0.2
dbservice1_memory_1626511514,dbservice1,memory,database,0.5,random_multibudget,0.8,0.8,0.8,0.8
dbservice1_memory_1626540721,dbservice1,memory,database,0.5,random_multibudget,0.4,0.0,0.4,0.6
dbservice1_memory_1626552538,dbservice1,memory,database,0.5,random_multibudget,0.27999999999999997,0.0,0.4,0.4
dbservice1_memory_1626598508,dbservice1,memory,database,0.5,random_multibudget,0.36,0.0,0.6,0.6
dbservice1_memory_1626773615,dbservice1,memory,database,0.5,random_multibudget,0.0,0.0,0.0,0.0
dbservice1_memory_1626788281,dbservice1,memory,database,0.5,random_multibudget,0.04,0.0,0.0,0.2
dbservice1_memory_1626845470,dbservice1,memory,database,0.5,random_multibudget,0.44000000000000006,0.2,0.4,0.6
dbservice1_memory_1626858109,dbservice1,memory,database,0.5,random_multibudget,0.24000000000000005,0.0,0.2,0.4
dbservice1_memory_1626912896,dbservice1,memory,database,0.5,random_multibudget,0.36,0.2,0.4,0.4
dbservice1_memory_1626939313,dbservice1,memory,database,0.5,random_multibudget,0.15999999999999998,0.0,0.2,0.4
dbservice1_memory_1627046902,dbservice1,memory,database,0.5,random_multibudget,0.12,0.0,0.2,0.2
dbservice1_memory_1627098214,dbservice1,memory,database,0.5,random_multibudget,0.27999999999999997,0.0,0.4,0.6
dbservice1_memory_1627104046,dbservice1,memory,database,0.5,random_multibudget,0.2,0.2,0.2,0.2
dbservice1_memory_1627119644,dbservice1,memory,database,0.5,random_multibudget,0.6799999999999999,0.6,0.6,0.8
dbservice1_memory_1627157147,dbservice1,memory,database,0.5,random_multibudget,0.12,0.0,0.2,0.2
dbservice1_memory_1627223200,dbservice1,memory,database,0.5,random_multibudget,0.08,0.0,0.0,0.4
dbservice1_memory_1627237577,dbservice1,memory,database,0.5,random_multibudget,0.2,0.2,0.2,0.2
dbservice1_memory_1627255258,dbservice1,memory,database,0.5,random_multibudget,0.52,0.2,0.6,0.8
dbservice1_memory_1627268672,dbservice1,memory,database,0.5,random_multibudget,0.64,0.4,0.6,0.8
dbservice1_memory_1627272293,dbservice1,memory,database,0.5,random_multibudget,0.27999999999999997,0.0,0.2,0.6
dbservice1_memory_1627283279,dbservice1,memory,database,0.5,random_multibudget,0.12,0.0,0.2,0.2
dbservice1_memory_1627288593,dbservice1,memory,database,0.5,random_multibudget,0.16,0.0,0.2,0.2
dbservice1_memory_1627297432,dbservice1,memory,database,0.5,random_multibudget,0.2,0.0,0.2,0.4
dbservice1_memory_1627316827,dbservice1,memory,database,0.5,random_multibudget,0.32,0.0,0.4,0.4
dbservice1_memory_1627373850,dbservice1,memory,database,0.5,random_multibudget,0.12,0.0,0.2,0.2
dbservice1_memory_1627386311,dbservice1,memory,database,0.5,random_multibudget,0.27999999999999997,0.0,0.4,0.4
dbservice1_memory_1627400139,dbservice1,memory,database,0.5,random_multibudget,0.32,0.2,0.4,0.4
dbservice1_memory_1627432587,dbservice1,memory,database,0.5,random_multibudget,0.4,0.0,0.4,0.6
dbservice1_memory_1627477200,dbservice1,memory,database,0.5,random_multibudget,0.36,0.0,0.4,0.6
dbservice1_memory_1627502421,dbservice1,memory,database,0.5,random_multibudget,0.24000000000000005,0.0,0.0,0.6
dbservice1_memory_1627682718,dbservice1,memory,database,0.5,random_multibudget,0.36,0.0,0.4,0.6
dbservice1_memory_1627702626,dbservice1,memory,database,0.5,random_multibudget,0.2,0.0,0.2,0.6
dbservice1_memory_1627773523,dbservice1,memory,database,0.5,random_multibudget,0.27999999999999997,0.0,0.4,0.4
dbservice2_errno111_1626750601,dbservice2,errno111,database,0.5,random_multibudget,0.5599999999999999,0.4,0.6,0.8
dbservice2_errno111_1626750797,dbservice2,errno111,database,0.5,random_multibudget,0.48,0.0,0.6,0.8
dbservice2_memory_1625144096,dbservice2,memory,database,0.5,random_multibudget,0.12,0.0,0.2,0.2
dbservice2_memory_1625152223,dbservice2,memory,database,0.5,random_multibudget,0.48,0.2,0.6,0.6
dbservice2_memory_1625193002,dbservice2,memory,database,0.5,random_multibudget,0.24,0.0,0.4,0.4
dbservice2_memory_1625257548,dbservice2,memory,database,0.5,random_multibudget,0.16,0.0,0.0,0.4
dbservice2_memory_1625269953,dbservice2,memory,database,0.5,random_multibudget,0.15999999999999998,0.0,0.2,0.4
dbservice2_memory_1625356783,dbservice2,memory,database,0.5,random_multibudget,0.2,0.0,0.2,0.6
dbservice2_memory_1625363058,dbservice2,memory,database,0.5,random_multibudget,0.12000000000000002,0.0,0.0,0.4
dbservice2_memory_1625459089,dbservice2,memory,database,0.5,random_multibudget,0.16,0.0,0.2,0.4
dbservice2_memory_1625463515,dbservice2,memory,database,0.5,random_multibudget,0.6,0.2,0.6,0.8
dbservice2_memory_1625564139,dbservice2,memory,database,0.5,random_multibudget,0.76,0.6,0.8,0.8
dbservice2_memory_1625579430,dbservice2,memory,database,0.5,random_multibudget,0.48,0.4,0.4,0.6
dbservice2_memory_1625587157,dbservice2,memory,database,0.5,random_multibudget,0.4,0.0,0.6,0.6
dbservice2_memory_1625634388,dbservice2,memory,database,0.5,random_multibudget,0.16,0.0,0.0,0.4
dbservice2_memory_1625656892,dbservice2,memory,database,0.5,random_multibudget,0.44000000000000006,0.0,0.6,0.6
dbservice2_memory_1625669580,dbservice2,memory,database,0.5,random_multibudget,0.52,0.0,0.8,0.8
dbservice2_memory_1625704892,dbservice2,memory,database,0.5,random_multibudget,0.2,0.0,0.2,0.6
dbservice2_memory_1625711897,dbservice2,memory,database,0.5,random_multibudget,0.44000000000000006,0.0,0.6,0.6
dbservice2_memory_1625720058,dbservice2,memory,database,0.5,random_multibudget,0.48,0.2,0.6,0.6
dbservice2_memory_1625780540,dbservice2,memory,database,0.5,random_multibudget,0.12,0.0,0.2,0.2
dbservice2_memory_1625944726,dbservice2,memory,database,0.5,random_multibudget,0.8,0.4,0.8,1.0
dbservice2_memory_1625953237,dbservice2,memory,database,0.5,random_multibudget,0.48,0.2,0.6,0.6
dbservice2_memory_1625981739,dbservice2,memory,database,0.5,random_multibudget,0.12000000000000002,0.0,0.0,0.4
dbservice2_memory_1625988716,dbservice2,memory,database,0.5,random_multibudget,0.08,0.0,0.0,0.2
dbservice2_memory_1626043439,dbservice2,memory,database,0.5,random_multibudget,0.27999999999999997,0.0,0.2,0.6
dbservice2_memory_1626053581,dbservice2,memory,database,0.5,random_multibudget,0.36,0.2,0.4,0.4
dbservice2_memory_1626066255,dbservice2,memory,database,0.5,random_multibudget,0.2,0.2,0.2,0.2
dbservice2_memory_1626095808,dbservice2,memory,database,0.5,random_multibudget,0.6,0.6,0.6,0.6
dbservice2_memory_1626127184,dbservice2,memory,database,0.5,random_multibudget,0.12,0.0,0.2,0.2
dbservice2_memory_1626130474,dbservice2,memory,database,0.5,random_multibudget,0.32,0.0,0.2,0.6
dbservice2_memory_1626157165,dbservice2,memory,database,0.5,random_multibudget,0.4,0.4,0.4,0.4
dbservice2_memory_1626243122,dbservice2,memory,database,0.5,random_multibudget,0.16,0.0,0.2,0.4
dbservice2_memory_1626298216,dbservice2,memory,database,0.5,random_multibudget,0.44000000000000006,0.0,0.4,0.8
dbservice2_memory_1626317541,dbservice2,memory,database,0.5,random_multibudget,0.2,0.0,0.0,0.8
dbservice2_memory_1626325390,dbservice2,memory,database,0.5,random_multibudget,0.2,0.0,0.2,0.4
dbservice2_memory_1626334718,dbservice2,memory,database,0.5,random_multibudget,0.8800000000000001,0.6,1.0,1.0
dbservice2_memory_1626367699,dbservice2,memory,database,0.5,random_multibudget,0.36,0.0,0.6,0.6
dbservice2_memory_1626372232,dbservice2,memory,database,0.5,random_multibudget,0.44000000000000006,0.2,0.4,0.6
dbservice2_memory_1626415344,dbservice2,memory,database,0.5,random_multibudget,0.12,0.0,0.2,0.2
dbservice2_memory_1626419131,dbservice2,memory,database,0.5,random_multibudget,0.24000000000000005,0.0,0.0,0.6
dbservice2_memory_1626430015,dbservice2,memory,database,0.5,random_multibudget,0.6,0.6,0.6,0.6
dbservice2_memory_1626442568,dbservice2,memory,database,0.5,random_multibudget,0.48,0.2,0.6,0.6
dbservice2_memory_1626459595,dbservice2,memory,database,0.5,random_multibudget,0.44000000000000006,0.2,0.4,0.6
dbservice2_memory_1626497813,dbservice2,memory,database,0.5,random_multibudget,0.4,0.2,0.4,0.6
dbservice2_memory_1626585941,dbservice2,memory,database,0.5,random_multibudget,0.32,0.0,0.4,0.6
dbservice2_memory_1626602315,dbservice2,memory,database,0.5,random_multibudget,0.52,0.0,0.6,0.8
dbservice2_memory_1626607598,dbservice2,memory,database,0.5,random_multibudget,0.12000000000000002,0.0,0.0,0.6
dbservice2_memory_1626647915,dbservice2,memory,database,0.5,random_multibudget,0.0,0.0,0.0,0.0
dbservice2_memory_1626651683,dbservice2,memory,database,0.5,random_multibudget,0.24000000000000005,0.0,0.2,0.4
dbservice2_memory_1626750100,dbservice2,memory,database,0.5,random_multibudget,0.44000000000000006,0.4,0.4,0.6
dbservice2_memory_1626760761,dbservice2,memory,database,0.5,random_multibudget,0.8,0.8,0.8,0.8
dbservice2_memory_1626764016,dbservice2,memory,database,0.5,random_multibudget,0.24000000000000005,0.0,0.2,0.6
dbservice2_memory_1626790578,dbservice2,memory,database,0.5,random_multibudget,0.0,0.0,0.0,0.0
dbservice2_memory_1626799339,dbservice2,memory,database,0.5,random_multibudget,0.2,0.2,0.2,0.2
dbservice2_memory_1626818990,dbservice2,memory,database,0.5,random_multibudget,0.4,0.2,0.4,0.6
dbservice2_memory_1626839958,dbservice2,memory,database,0.5,random_multibudget,0.5599999999999999,0.4,0.6,0.6
dbservice2_memory_1626876599,dbservice2,memory,database,0.5,random_multibudget,0.12000000000000002,0.0,0.0,0.4
dbservice2_memory_1626886884,dbservice2,memory,database,0.5,random_multibudget,0.48,0.0,0.6,0.8
dbservice2_memory_1626890594,dbservice2,memory,database,0.5,random_multibudget,0.2,0.0,0.0,0.6
dbservice2_memory_1626962039,dbservice2,memory,database,0.5,random_multibudget,0.4,0.0,0.4,0.6
dbservice2_memory_1626969117,dbservice2,memory,database,0.5,random_multibudget,0.44000000000000006,0.2,0.4,0.8
dbservice2_memory_1627002602,dbservice2,memory,database,0.5,random_multibudget,0.44000000000000006,0.0,0.6,0.8
dbservice2_memory_1627039811,dbservice2,memory,database,0.5,random_multibudget,0.6,0.6,0.6,0.6
dbservice2_memory_1627079656,dbservice2,memory,database,0.5,random_multibudget,0.08,0.0,0.0,0.2
dbservice2_memory_1627087394,dbservice2,memory,database,0.5,random_multibudget,0.24000000000000005,0.0,0.0,0.6
dbservice2_memory_1627100858,dbservice2,memory,database,0.5,random_multibudget,0.2,0.2,0.2,0.2
dbservice2_memory_1627156737,dbservice2,memory,database,0.5,random_multibudget,0.16,0.0,0.0,0.6
dbservice2_memory_1627184617,dbservice2,memory,database,0.5,random_multibudget,0.04,0.0,0.0,0.2
dbservice2_memory_1627207759,dbservice2,memory,database,0.5,random_multibudget,0.28,0.0,0.2,0.8
dbservice2_memory_1627286946,dbservice2,memory,database,0.5,random_multibudget,0.5599999999999999,0.2,0.6,0.8
dbservice2_memory_1627303928,dbservice2,memory,database,0.5,random_multibudget,0.16,0.0,0.2,0.2
dbservice2_memory_1627325374,dbservice2,memory,database,0.5,random_multibudget,0.72,0.4,0.8,0.8
dbservice2_memory_1627331922,dbservice2,memory,database,0.5,random_multibudget,0.48,0.2,0.6,0.6
dbservice2_memory_1627375478,dbservice2,memory,database,0.5,random_multibudget,0.2,0.2,0.2,0.2
dbservice2_memory_1627379165,dbservice2,memory,database,0.5,random_multibudget,0.48,0.0,0.6,0.8
dbservice2_memory_1627394588,dbservice2,memory,database,0.5,random_multibudget,0.76,0.6,0.8,0.8
dbservice2_memory_1627402075,dbservice2,memory,database,0.5,random_multibudget,0.5599999999999999,0.2,0.6,0.8
dbservice2_memory_1627425736,dbservice2,memory,database,0.5,random_multibudget,0.08,0.0,0.0,0.4
dbservice2_memory_1627447589,dbservice2,memory,database,0.5,random_multibudget,0.12,0.0,0.2,0.2
dbservice2_memory_1627457508,dbservice2,memory,database,0.5,random_multibudget,0.6799999999999999,0.6,0.6,0.8
dbservice2_memory_1627493621,dbservice2,memory,database,0.5,random_multibudget,0.44000000000000006,0.0,0.6,0.6
dbservice2_memory_1627501550,dbservice2,memory,database,0.5,random_multibudget,0.32,0.0,0.4,0.4
dbservice2_memory_1627519836,dbservice2,memory,database,0.5,random_multibudget,0.2,0.2,0.2,0.2
dbservice2_memory_1627545507,dbservice2,memory,database,0.5,random_multibudget,0.4800000000000001,0.2,0.6,0.6
dbservice2_memory_1627595898,dbservice2,memory,database,0.5,random_multibudget,0.08,0.0,0.0,0.2
dbservice2_memory_1627643030,dbservice2,memory,database,0.5,random_multibudget,0.16,0.0,0.2,0.2
dbservice2_memory_1627657911,dbservice2,memory,database,0.5,random_multibudget,0.4,0.0,0.6,0.6
dbservice2_memory_1627663155,dbservice2,memory,database,0.5,random_multibudget,0.48,0.2,0.6,0.6
dbservice2_memory_1627680230,dbservice2,memory,database,0.5,random_multibudget,0.32,0.2,0.4,0.4
dbservice2_memory_1627699210,dbservice2,memory,database,0.5,random_multibudget,0.4,0.4,0.4,0.4
logservice1_cpu_1627596597,logservice1,cpu,logging,0.5,random_multibudget,0.44000000000000006,0.0,0.6,0.8
logservice1_errno111_1626753001,logservice1,errno111,logging,0.5,random_multibudget,0.52,0.0,0.6,0.8
logservice1_errno111_1626753227,logservice1,errno111,logging,0.5,random_multibudget,0.08,0.0,0.0,0.4
logservice1_memory_1625207751,logservice1,memory,logging,0.5,random_multibudget,0.08,0.0,0.0,0.2
logservice1_memory_1625234459,logservice1,memory,logging,0.5,random_multibudget,0.4,0.0,0.6,0.8
logservice1_memory_1625285989,logservice1,memory,logging,0.5,random_multibudget,0.48,0.2,0.6,0.6
logservice1_memory_1625298536,logservice1,memory,logging,0.5,random_multibudget,0.32,0.0,0.2,0.8
logservice1_memory_1625311435,logservice1,memory,logging,0.5,random_multibudget,0.24,0.0,0.2,0.6
logservice1_memory_1625360381,logservice1,memory,logging,0.5,random_multibudget,0.0,0.0,0.0,0.0
logservice1_memory_1625437325,logservice1,memory,logging,0.5,random_multibudget,0.52,0.0,0.6,0.8
logservice1_memory_1625455375,logservice1,memory,logging,0.5,random_multibudget,0.24000000000000005,0.0,0.0,1.0
logservice1_memory_1625474243,logservice1,memory,logging,0.5,random_multibudget,0.24000000000000005,0.0,0.2,0.4
logservice1_memory_1625493602,logservice1,memory,logging,0.5,random_multibudget,0.27999999999999997,0.0,0.2,0.6
logservice1_memory_1625506342,logservice1,memory,logging,0.5,random_multibudget,0.32,0.0,0.4,0.6
logservice1_memory_1625519722,logservice1,memory,logging,0.5,random_multibudget,0.08,0.0,0.0,0.2
logservice1_memory_1625642174,logservice1,memory,logging,0.5,random_multibudget,0.27999999999999997,0.0,0.4,0.4
logservice1_memory_1625673674,logservice1,memory,logging,0.5,random_multibudget,0.04,0.0,0.0,0.2
logservice1_memory_1625715126,logservice1,memory,logging,0.5,random_multibudget,0.08,0.0,0.0,0.2
logservice1_memory_1625737305,logservice1,memory,logging,0.5,random_multibudget,0.08,0.0,0.0,0.4
logservice1_memory_1625855415,logservice1,memory,logging,0.5,random_multibudget,0.2,0.0,0.2,0.4
logservice1_memory_1625874131,logservice1,memory,logging,0.5,random_multibudget,0.9199999999999999,0.6,1.0,1.0
logservice1_memory_1625894863,logservice1,memory,logging,0.5,random_multibudget,0.24000000000000005,0.0,0.2,0.4
logservice1_memory_1625936756,logservice1,memory,logging,0.5,random_multibudget,0.4,0.0,0.4,0.6
logservice1_memory_1625950367,logservice1,memory,logging,0.5,random_multibudget,0.04,0.0,0.0,0.2
logservice1_memory_1625967061,logservice1,memory,logging,0.5,random_multibudget,0.2,0.0,0.2,0.4
logservice1_memory_1626018993,logservice1,memory,logging,0.5,random_multibudget,0.32,0.0,0.4,0.6
logservice1_memory_1626043063,logservice1,memory,logging,0.5,random_multibudget,0.48,0.0,0.4,1.0
logservice1_memory_1626069816,logservice1,memory,logging,0.5,random_multibudget,0.04,0.0,0.0,0.2
logservice1_memory_1626079498,logservice1,memory,logging,0.5,random_multibudget,0.2,0.0,0.0,0.6
logservice1_memory_1626086075,logservice1,memory,logging,0.5,random_multibudget,0.08,0.0,0.0,0.2
logservice1_memory_1626102559,logservice1,memory,logging,0.5,random_multibudget,0.2,0.0,0.2,0.4
logservice1_memory_1626106208,logservice1,memory,logging,0.5,random_multibudget,0.24000000000000005,0.0,0.2,0.4
logservice1_memory_1626125407,logservice1,memory,logging,0.5,random_multibudget,0.12000000000000002,0.0,0.0,0.4
logservice1_memory_1626139037,logservice1,memory,logging,0.5,random_multibudget,0.32,0.2,0.2,0.8
logservice1_memory_1626180388,logservice1,memory,logging,0.5,random_multibudget,0.12,0.0,0.2,0.2
logservice1_memory_1626208343,logservice1,memory,logging,0.5,random_multibudget,0.44000000000000006,0.2,0.6,0.6
logservice1_memory_1626218997,logservice1,memory,logging,0.5,random_multibudget,0.2,0.0,0.0,0.8
logservice1_memory_1626328055,logservice1,memory,logging,0.5,random_multibudget,0.24,0.0,0.2,0.6
logservice1_memory_1626336834,logservice1,memory,logging,0.5,random_multibudget,0.08,0.0,0.0,0.4
logservice1_memory_1626371259,logservice1,memory,logging,0.5,random_multibudget,0.32,0.2,0.4,0.4
logservice1_memory_1626391352,logservice1,memory,logging,0.5,random_multibudget,0.6,0.6,0.6,0.6
logservice1_memory_1626419736,logservice1,memory,logging,0.5,random_multibudget,0.44000000000000006,0.2,0.6,0.6
logservice1_memory_1626541123,logservice1,memory,logging,0.5,random_multibudget,0.8400000000000001,0.8,0.8,1.0
logservice1_memory_1626551793,logservice1,memory,logging,0.5,random_multibudget,0.2,0.2,0.2,0.2
logservice1_memory_1626571662,logservice1,memory,logging,0.5,random_multibudget,0.36,0.0,0.2,1.0
logservice1_memory_1626575299,logservice1,memory,logging,0.5,random_multibudget,0.04,0.0,0.0,0.2
logservice1_memory_1626608283,logservice1,memory,logging,0.5,random_multibudget,0.2,0.0,0.2,0.4
logservice1_memory_1626632009,logservice1,memory,logging,0.5,random_multibudget,0.4,0.0,0.4,0.8
logservice1_memory_1626764699,logservice1,memory,logging,0.5,random_multibudget,0.48,0.4,0.4,0.6
logservice1_memory_1626865404,logservice1,memory,logging,0.5,random_multibudget,0.24,0.0,0.2,0.6
logservice1_memory_1626926283,logservice1,memory,logging,0.5,random_multibudget,0.15999999999999998,0.0,0.2,0.4
logservice1_memory_1627024158,logservice1,memory,logging,0.5,random_multibudget,0.24,0.0,0.2,0.6
logservice1_memory_1627144173,logservice1,memory,logging,0.5,random_multibudget,0.2,0.0,0.2,0.4
logservice1_memory_1627165561,logservice1,memory,logging,0.5,random_multibudget,0.12000000000000002,0.0,0.0,0.6
logservice1_memory_1627170037,logservice1,memory,logging,0.5,random_multibudget,0.12,0.0,0.2,0.2
logservice1_memory_1627228703,logservice1,memory,logging,0.5,random_multibudget,0.27999999999999997,0.0,0.4,0.4
logservice1_memory_1627243989,logservice1,memory,logging,0.5,random_multibudget,0.2,0.0,0.2,0.6
logservice1_memory_1627283437,logservice1,memory,logging,0.5,random_multibudget,0.0,0.0,0.0,0.0
logservice1_memory_1627291476,logservice1,memory,logging,0.5,random_multibudget,0.0,0.0,0.0,0.0
logservice1_memory_1627299080,logservice1,memory,logging,0.5,random_multibudget,0.5599999999999999,0.0,0.8,0.8
logservice1_memory_1627310265,logservice1,memory,logging,0.5,random_multibudget,0.12000000000000002,0.0,0.0,0.6
logservice1_memory_1627477200,logservice1,memory,logging,0.5,random_multibudget,0.24000000000000005,0.0,0.2,0.6
logservice1_memory_1627522806,logservice1,memory,logging,0.5,random_multibudget,0.36,0.0,0.2,0.8
logservice1_memory_1627545894,logservice1,memory,logging,0.5,random_multibudget,0.24000000000000005,0.0,0.2,0.6
logservice1_memory_1627592904,logservice1,memory,logging,0.5,random_multibudget,0.36,0.0,0.4,0.6
logservice1_memory_1627619594,logservice1,memory,logging,0.5,random_multibudget,0.2,0.0,0.2,0.4
logservice1_memory_1627700223,logservice1,memory,logging,0.5,random_multibudget,0.32,0.2,0.4,0.4
logservice1_memory_1627736494,logservice1,memory,logging,0.5,random_multibudget,0.32,0.0,0.4,0.6
logservice1_memory_1627762043,logservice1,memory,logging,0.5,random_multibudget,0.27999999999999997,0.0,0.4,0.4
logservice2_errno111_1626753001,logservice2,errno111,logging,0.5,random_multibudget,0.16,0.0,0.0,0.4
logservice2_errno111_1626753269,logservice2,errno111,logging,0.5,random_multibudget,0.12000000000000002,0.0,0.0,0.4
logservice2_memory_1625172320,logservice2,memory,logging,0.5,random_multibudget,0.16,0.0,0.0,0.4
logservice2_memory_1625204004,logservice2,memory,logging,0.5,random_multibudget,0.4,0.0,0.4,0.6
logservice2_memory_1625221783,logservice2,memory,logging,0.5,random_multibudget,0.64,0.2,0.8,0.8
logservice2_memory_1625304365,logservice2,memory,logging,0.5,random_multibudget,0.32,0.0,0.4,0.6
logservice2_memory_1625325873,logservice2,memory,logging,0.5,random_multibudget,0.12000000000000002,0.0,0.0,0.4
logservice2_memory_1625379370,logservice2,memory,logging,0.5,random_multibudget,0.2,0.0,0.2,0.4
logservice2_memory_1625396241,logservice2,memory,logging,0.5,random_multibudget,0.36,0.0,0.4,0.6
logservice2_memory_1625421899,logservice2,memory,logging,0.5,random_multibudget,0.24000000000000005,0.0,0.2,0.4
logservice2_memory_1625425518,logservice2,memory,logging,0.5,random_multibudget,0.2,0.0,0.0,0.6
logservice2_memory_1625469878,logservice2,memory,logging,0.5,random_multibudget,0.2,0.0,0.0,0.6
logservice2_memory_1625483091,logservice2,memory,logging,0.5,random_multibudget,0.48,0.2,0.6,0.6
logservice2_memory_1625511359,logservice2,memory,logging,0.5,random_multibudget,0.6,0.0,0.8,1.0
logservice2_memory_1625518598,logservice2,memory,logging,0.5,random_multibudget,0.44000000000000006,0.2,0.4,0.6
logservice2_memory_1625530676,logservice2,memory,logging,0.5,random_multibudget,0.36,0.2,0.4,0.4
logservice2_memory_1625537669,logservice2,memory,logging,0.5,random_multibudget,0.2,0.2,0.2,0.2
logservice2_memory_1625567926,logservice2,memory,logging,0.5,random_multibudget,0.36,0.0,0.6,0.6
logservice2_memory_1625572292,logservice2,memory,logging,0.5,random_multibudget,0.28,0.0,0.0,1.0
logservice2_memory_1625617463,logservice2,memory,logging,0.5,random_multibudget,0.0,0.0,0.0,0.0
logservice2_memory_1625630457,logservice2,memory,logging,0.5,random_multibudget,0.2,0.2,0.2,0.2
logservice2_memory_1625644104,logservice2,memory,logging,0.5,random_multibudget,0.08,0.0,0.0,0.4
logservice2_memory_1625732122,logservice2,memory,logging,0.5,random_multibudget,0.27999999999999997,0.0,0.4,0.4
logservice2_memory_1625756295,logservice2,memory,logging,0.5,random_multibudget,0.16,0.0,0.0,0.4
logservice2_memory_1625794522,logservice2,memory,logging,0.5,random_multibudget,0.27999999999999997,0.0,0.4,0.6
logservice2_memory_1625804275,logservice2,memory,logging,0.5,random_multibudget,0.24,0.0,0.2,0.6
logservice2_memory_1625880190,logservice2,memory,logging,0.5,random_multibudget,0.27999999999999997,0.0,0.4,0.4
logservice2_memory_1625924296,logservice2,memory,logging,0.5,random_multibudget,0.27999999999999997,0.0,0.4,0.6
logservice2_memory_1626013929,logservice2,memory,logging,0.5,random_multibudget,0.16,0.0,0.0,0.6
logservice2_memory_1626050387,logservice2,memory,logging,0.5,random_multibudget,0.27999999999999997,0.0,0.2,0.6
logservice2_memory_1626098044,logservice2,memory,logging,0.5,random_multibudget,0.4,0.0,0.6,0.8
logservice2_memory_1626109759,logservice2,memory,logging,0.5,random_multibudget,0.27999999999999997,0.2,0.2,0.4
logservice2_memory_1626248439,logservice2,memory,logging,0.5,random_multibudget,0.16,0.0,0.0,0.4
logservice2_memory_1626258183,logservice2,memory,logging,0.5,random_multibudget,0.04,0.0,0.0,0.2
logservice2_memory_1626325133,logservice2,memory,logging,0.5,random_multibudget,0.2,0.0,0.2,0.4
logservice2_memory_1626366727,logservice2,memory,logging,0.5,random_multibudget,0.27999999999999997,0.0,0.4,0.4
logservice2_memory_1626395096,logservice2,memory,logging,0.5,random_multibudget,0.32,0.0,0.2,0.8
logservice2_memory_1626412771,logservice2,memory,logging,0.5,random_multibudget,0.24000000000000005,0.0,0.2,0.6
logservice2_memory_1626469838,logservice2,memory,logging,0.5,random_multibudget,0.36,0.2,0.4,0.4
logservice2_memory_1626498816,logservice2,memory,logging,0.5,random_multibudget,0.28,0.0,0.2,0.6
logservice2_memory_1626568670,logservice2,memory,logging,0.5,random_multibudget,0.44000000000000006,0.0,0.6,0.6
logservice2_memory_1626765238,logservice2,memory,logging,0.5,random_multibudget,0.27999999999999997,0.2,0.2,0.4
logservice2_memory_1626871639,logservice2,memory,logging,0.5,random_multibudget,0.68,0.4,0.8,0.8
logservice2_memory_1626880416,logservice2,memory,logging,0.5,random_multibudget,0.27999999999999997,0.0,0.4,0.4
logservice2_memory_1626922974,logservice2,memory,logging,0.5,random_multibudget,0.12,0.0,0.2,0.2
logservice2_memory_1626926412,logservice2,memory,logging,0.5,random_multibudget,0.2,0.2,0.2,0.2
logservice2_memory_1627052258,logservice2,memory,logging,0.5,random_multibudget,0.16,0.0,0.0,0.6
logservice2_memory_1627069295,logservice2,memory,logging,0.5,random_multibudget,0.24000000000000005,0.0,0.0,0.8
logservice2_memory_1627140613,logservice2,memory,logging,0.5,random_multibudget,0.27999999999999997,0.0,0.2,0.6
logservice2_memory_1627227124,logservice2,memory,logging,0.5,random_multibudget,0.16,0.0,0.2,0.2
logservice2_memory_1627353437,logservice2,memory,logging,0.5,random_multibudget,0.0,0.0,0.0,0.0
logservice2_memory_1627365342,logservice2,memory,logging,0.5,random_multibudget,0.27999999999999997,0.0,0.4,0.4
logservice2_memory_1627396756,logservice2,memory,logging,0.5,random_multibudget,0.24,0.0,0.4,0.4
logservice2_memory_1627410703,logservice2,memory,logging,0.5,random_multibudget,0.24000000000000005,0.0,0.2,0.6
logservice2_memory_1627443936,logservice2,memory,logging,0.5,random_multibudget,0.24000000000000005,0.0,0.0,0.8
logservice2_memory_1627464739,logservice2,memory,logging,0.5,random_multibudget,0.2,0.0,0.2,0.4
logservice2_memory_1627509937,logservice2,memory,logging,0.5,random_multibudget,0.32,0.0,0.4,0.6
logservice2_memory_1627516510,logservice2,memory,logging,0.5,random_multibudget,0.0,0.0,0.0,0.0
logservice2_memory_1627567356,logservice2,memory,logging,0.5,random_multibudget,0.27999999999999997,0.0,0.4,0.6
logservice2_memory_1627590137,logservice2,memory,logging,0.5,random_multibudget,0.27999999999999997,0.0,0.2,0.6
logservice2_memory_1627606370,logservice2,memory,logging,0.5,random_multibudget,0.8,0.2,1.0,1.0
logservice2_memory_1627648981,logservice2,memory,logging,0.5,random_multibudget,0.0,0.0,0.0,0.0
logservice2_memory_1627688890,logservice2,memory,logging,0.5,random_multibudget,0.44000000000000006,0.0,0.2,1.0
logservice2_memory_1627737420,logservice2,memory,logging,0.5,random_multibudget,0.24000000000000005,0.0,0.2,0.4
logservice2_memory_1627769554,logservice2,memory,logging,0.5,random_multibudget,0.24,0.0,0.4,0.4
mobservice1_errno111_1626752402,mobservice1,errno111,mobile,0.5,random_multibudget,0.16,0.0,0.2,0.2
mobservice1_errno111_1626752556,mobservice1,errno111,mobile,0.5,random_multibudget,0.44000000000000006,0.0,0.6,0.6
mobservice1_memory_1625197067,mobservice1,memory,mobile,0.5,random_multibudget,0.5599999999999999,0.2,0.6,0.8
mobservice1_memory_1625224444,mobservice1,memory,mobile,0.5,random_multibudget,0.12,0.0,0.2,0.2
mobservice1_memory_1625232540,mobservice1,memory,mobile,0.5,random_multibudget,0.2,0.0,0.0,0.6
mobservice1_memory_1625247576,mobservice1,memory,mobile,0.5,random_multibudget,0.48,0.2,0.6,0.6
mobservice1_memory_1625353753,mobservice1,memory,mobile,0.5,random_multibudget,0.44000000000000006,0.0,0.6,0.6
mobservice1_memory_1625379697,mobservice1,memory,mobile,0.5,random_multibudget,0.12000000000000002,0.0,0.0,0.4
mobservice1_memory_1625667742,mobservice1,memory,mobile,0.5,random_multibudget,0.08,0.0,0.0,0.4
mobservice1_memory_1625703099,mobservice1,memory,mobile,0.5,random_multibudget,0.2,0.2,0.2,0.2
mobservice1_memory_1625735045,mobservice1,memory,mobile,0.5,random_multibudget,0.12000000000000002,0.0,0.0,0.6
mobservice1_memory_1625804210,mobservice1,memory,mobile,0.5,random_multibudget,0.27999999999999997,0.0,0.4,0.4
mobservice1_memory_1625827494,mobservice1,memory,mobile,0.5,random_multibudget,0.16,0.0,0.2,0.2
mobservice1_memory_1625832716,mobservice1,memory,mobile,0.5,random_multibudget,0.36,0.2,0.4,0.6
mobservice1_memory_1625901292,mobservice1,memory,mobile,0.5,random_multibudget,0.4,0.2,0.2,0.8
mobservice1_memory_1625941772,mobservice1,memory,mobile,0.5,random_multibudget,0.36,0.0,0.4,0.6
mobservice1_memory_1625961631,mobservice1,memory,mobile,0.5,random_multibudget,0.32,0.0,0.4,0.4
mobservice1_memory_1625977908,mobservice1,memory,mobile,0.5,random_multibudget,0.6,0.6,0.6,0.6
mobservice1_memory_1626011901,mobservice1,memory,mobile,0.5,random_multibudget,0.16,0.0,0.2,0.2
mobservice1_memory_1626023193,mobservice1,memory,mobile,0.5,random_multibudget,0.32,0.0,0.2,1.0
mobservice1_memory_1626027400,mobservice1,memory,mobile,0.5,random_multibudget,0.52,0.2,0.6,0.8
mobservice1_memory_1626054650,mobservice1,memory,mobile,0.5,random_multibudget,0.44000000000000006,0.0,0.6,0.6
mobservice1_memory_1626117202,mobservice1,memory,mobile,0.5,random_multibudget,0.27999999999999997,0.2,0.2,0.4
mobservice1_memory_1626128984,mobservice1,memory,mobile,0.5,random_multibudget,0.08,0.0,0.0,0.4
mobservice1_memory_1626159110,mobservice1,memory,mobile,0.5,random_multibudget,0.36,0.0,0.6,0.6
mobservice1_memory_1626168632,mobservice1,memory,mobile,0.5,random_multibudget,0.52,0.2,0.6,0.8
mobservice1_memory_1626242718,mobservice1,memory,mobile,0.5,random_multibudget,0.5599999999999999,0.4,0.6,0.6
mobservice1_memory_1626282681,mobservice1,memory,mobile,0.5,random_multibudget,0.36,0.2,0.4,0.4
mobservice1_memory_1626299070,mobservice1,memory,mobile,0.5,random_multibudget,0.27999999999999997,0.2,0.2,0.4
mobservice1_memory_1626322156,mobservice1,memory,mobile,0.5,random_multibudget,0.27999999999999997,0.0,0.4,0.4
mobservice1_memory_1626326168,mobservice1,memory,mobile,0.5,random_multibudget,0.6,0.2,0.6,0.8
mobservice1_memory_1626349453,mobservice1,memory,mobile,0.5,random_multibudget,0.24,0.2,0.2,0.4
mobservice1_memory_1626444105,mobservice1,memory,mobile,0.5,random_multibudget,0.2,0.2,0.2,0.2
mobservice1_memory_1626448997,mobservice1,memory,mobile,0.5,random_multibudget,0.24,0.0,0.2,0.6
mobservice1_memory_1626488862,mobservice1,memory,mobile,0.5,random_multibudget,0.32,0.2,0.4,0.4
mobservice1_memory_1626534607,mobservice1,memory,mobile,0.5,random_multibudget,0.27999999999999997,0.0,0.4,0.4
mobservice1_memory_1626538445,mobservice1,memory,mobile,0.5,random_multibudget,0.68,0.2,0.8,0.8
mobservice1_memory_1626555752,mobservice1,memory,mobile,0.5,random_multibudget,0.36,0.2,0.4,0.4
mobservice1_memory_1626607827,mobservice1,memory,mobile,0.5,random_multibudget,0.4,0.0,0.6,0.6
mobservice1_memory_1626635810,mobservice1,memory,mobile,0.5,random_multibudget,0.24000000000000005,0.0,0.0,0.6
mobservice1_memory_1626640654,mobservice1,memory,mobile,0.5,random_multibudget,0.76,0.2,0.8,1.0
mobservice1_memory_1626773018,mobservice1,memory,mobile,0.5,random_multibudget,0.64,0.2,0.8,0.8
mobservice1_memory_1626850195,mobservice1,memory,mobile,0.5,random_multibudget,0.12000000000000002,0.0,0.0,0.6
mobservice1_memory_1626877506,mobservice1,memory,mobile,0.5,random_multibudget,0.48,0.2,0.6,0.6
mobservice1_memory_1626897069,mobservice1,memory,mobile,0.5,random_multibudget,0.4,0.0,0.6,0.8
mobservice1_memory_1626913833,mobservice1,memory,mobile,0.5,random_multibudget,0.4,0.0,0.6,0.6
mobservice1_memory_1626933957,mobservice1,memory,mobile,0.5,random_multibudget,0.16,0.0,0.2,0.2
mobservice1_memory_1626937894,mobservice1,memory,mobile,0.5,random_multibudget,0.24,0.2,0.2,0.4
mobservice1_memory_1626954084,mobservice1,memory,mobile,0.5,random_multibudget,0.36,0.2,0.4,0.4
mobservice1_memory_1626958838,mobservice1,memory,mobile,0.5,random_multibudget,0.12,0.0,0.2,0.2
mobservice1_memory_1627163076,mobservice1,memory,mobile,0.5,random_multibudget,0.12,0.0,0.2,0.2
mobservice1_memory_1627200697,mobservice1,memory,mobile,0.5,random_multibudget,0.36,0.0,0.4,0.6
mobservice1_memory_1627219564,mobservice1,memory,mobile,0.5,random_multibudget,0.24000000000000005,0.0,0.2,0.4
mobservice1_memory_1627247170,mobservice1,memory,mobile,0.5,random_multibudget,0.24000000000000005,0.0,0.2,0.4
mobservice1_memory_1627279781,mobservice1,memory,mobile,0.5,random_multibudget,0.24000000000000005,0.0,0.0,0.8
mobservice1_memory_1627283259,mobservice1,memory,mobile,0.5,random_multibudget,0.48,0.2,0.6,0.6
mobservice1_memory_1627347382,mobservice1,memory,mobile,0.5,random_multibudget,0.5599999999999999,0.4,0.6,0.6
mobservice1_memory_1627382521,mobservice1,memory,mobile,0.5,random_multibudget,0.28,0.0,0.2,0.6
mobservice1_memory_1627387214,mobservice1,memory,mobile,0.5,random_multibudget,0.24,0.0,0.2,0.6
mobservice1_memory_1627447409,mobservice1,memory,mobile,0.5,random_multibudget,0.08,0.0,0.0,0.2
mobservice1_memory_1627484554,mobservice1,memory,mobile,0.5,random_multibudget,0.6,0.2,0.6,0.8
mobservice1_memory_1627514424,mobservice1,memory,mobile,0.5,random_multibudget,0.2,0.0,0.0,0.6
mobservice1_memory_1627580206,mobservice1,memory,mobile,0.5,random_multibudget,0.0,0.0,0.0,0.0
mobservice1_memory_1627612966,mobservice1,memory,mobile,0.5,random_multibudget,0.12,0.0,0.2,0.2
mobservice1_memory_1627645613,mobservice1,memory,mobile,0.5,random_multibudget,0.08,0.0,0.0,0.2
mobservice1_memory_1627661901,mobservice1,memory,mobile,0.5,random_multibudget,0.4800000000000001,0.2,0.6,0.6
mobservice1_memory_1627701774,mobservice1,memory,mobile,0.5,random_multibudget,0.24000000000000005,0.0,0.0,0.6
mobservice1_memory_1627731923,mobservice1,memory,mobile,0.5,random_multibudget,0.5599999999999999,0.0,0.8,0.8
mobservice1_qr_expired_1625151823,mobservice1,qr_expired,mobile,0.5,random_multibudget,0.48,0.0,0.8,0.8
mobservice1_qr_expired_1625182698,mobservice1,qr_expired,mobile,0.5,random_multibudget,0.24000000000000005,0.0,0.2,0.4
mobservice1_qr_expired_1625210087,mobservice1,qr_expired,mobile,0.5,random_multibudget,0.24000000000000005,0.0,0.2,0.4
mobservice1_qr_expired_1625240727,mobservice1,qr_expired,mobile,0.5,random_multibudget,0.27999999999999997,0.0,0.4,0.6
mobservice1_qr_expired_1625271564,mobservice1,qr_expired,mobile,0.5,random_multibudget,0.6,0.6,0.6,0.6
mobservice1_qr_expired_1625296713,mobservice1,qr_expired,mobile,0.5,random_multibudget,0.44000000000000006,0.2,0.6,0.6
mobservice1_qr_expired_1625325200,mobservice1,qr_expired,mobile,0.5,random_multibudget,0.27999999999999997,0.0,0.2,0.6
mobservice1_qr_expired_1625355663,mobservice1,qr_expired,mobile,0.5,random_multibudget,0.2,0.0,0.2,0.4
mobservice1_qr_expired_1625383443,mobservice1,qr_expired,mobile,0.5,random_multibudget,0.12,0.0,0.2,0.2
mobservice1_qr_expired_1625409300,mobservice1,qr_expired,mobile,0.5,random_multibudget,0.2,0.0,0.0,0.6
mobservice1_qr_expired_1625436871,mobservice1,qr_expired,mobile,0.5,random_multibudget,0.12,0.0,0.2,0.2
mobservice1_qr_expired_1625473216,mobservice1,qr_expired,mobile,0.5,random_multibudget,0.16,0.0,0.0,0.6
mobservice1_qr_expired_1625505879,mobservice1,qr_expired,mobile,0.5,random_multibudget,0.5599999999999999,0.0,0.8,0.8
mobservice1_qr_expired_1625542705,mobservice1,qr_expired,mobile,0.5,random_multibudget,0.4,0.0,0.4,0.6
mobservice1_qr_expired_1625580525,mobservice1,qr_expired,mobile,0.5,random_multibudget,0.36000000000000004,0.0,0.2,0.8
mobservice1_qr_expired_1625625195,mobservice1,qr_expired,mobile,0.5,random_multibudget,0.24,0.0,0.2,0.6
mobservice1_qr_expired_1625667731,mobservice1,qr_expired,mobile,0.5,random_multibudget,0.44000000000000006,0.0,0.6,0.8
mobservice1_qr_expired_1625711646,mobservice1,qr_expired,mobile,0.5,random_multibudget,0.04,0.0,0.0,0.2
mobservice1_qr_expired_1625756698,mobservice1,qr_expired,mobile,0.5,random_multibudget,0.2,0.0,0.2,0.4
mobservice1_qr_expired_1625794482,mobservice1,qr_expired,mobile,0.5,random_multibudget,0.04,0.0,0.0,0.2
mobservice1_qr_expired_1625841247,mobservice1,qr_expired,mobile,0.5,random_multibudget,0.08,0.0,0.0,0.4
mobservice1_qr_expired_1625890187,mobservice1,qr_expired,mobile,0.5,random_multibudget,0.12,0.0,0.2,0.2
mobservice1_qr_expired_1625930412,mobservice1,qr_expired,mobile,0.5,random_multibudget,0.8,0.8,0.8,0.8
mobservice1_qr_expired_1625972156,mobservice1,qr_expired,mobile,0.5,random_multibudget,0.44000000000000006,0.2,0.4,0.8
mobservice1_qr_expired_1626008252,mobservice1,qr_expired,mobile,0.5,random_multibudget,0.48,0.2,0.6,0.6
mobservice1_qr_expired_1626040718,mobservice1,qr_expired,mobile,0.5,random_multibudget,0.44000000000000006,0.0,0.6,0.6
mobservice1_qr_expired_1626075193,mobservice1,qr_expired,mobile,0.5,random_multibudget,0.6,0.0,0.8,0.8
mobservice1_qr_expired_1626114894,mobservice1,qr_expired,mobile,0.5,random_multibudget,0.16,0.0,0.0,0.4
mobservice1_qr_expired_1626159261,mobservice1,qr_expired,mobile,0.5,random_multibudget,0.2,0.0,0.0,0.6
mobservice1_qr_expired_1626191632,mobservice1,qr_expired,mobile,0.5,random_multibudget,0.24,0.0,0.4,0.4
mobservice1_qr_expired_1626223304,mobservice1,qr_expired,mobile,0.5,random_multibudget,0.24,0.0,0.4,0.4
mobservice1_qr_expired_1626255336,mobservice1,qr_expired,mobile,0.5,random_multibudget,0.6799999999999999,0.0,1.0,1.0
mobservice1_qr_expired_1626296585,mobservice1,qr_expired,mobile,0.5,random_multibudget,0.12000000000000002,0.0,0.0,0.6
mobservice1_qr_expired_1626336309,mobservice1,qr_expired,mobile,0.5,random_multibudget,0.52,0.2,0.6,0.6
mobservice1_qr_expired_1626368186,mobservice1,qr_expired,mobile,0.5,random_multibudget,0.12000000000000002,0.0,0.0,0.4
mobservice1_qr_expired_1626404786,mobservice1,qr_expired,mobile,0.5,random_multibudget,0.36,0.0,0.6,0.6
mobservice1_qr_expired_1626433510,mobservice1,qr_expired,mobile,0.5,random_multibudget,0.0,0.0,0.0,0.0
mobservice1_qr_expired_1626462926,mobservice1,qr_expired,mobile,0.5,random_multibudget,0.32,0.0,0.4,0.4
mobservice1_qr_expired_1626491905,mobservice1,qr_expired,mobile,0.5,random_multibudget,0.16,0.0,0.0,0.6
mobservice1_qr_expired_1626520267,mobservice1,qr_expired,mobile,0.5,random_multibudget,0.2,0.0,0.0,0.6
mobservice1_qr_expired_1626551052,mobservice1,qr_expired,mobile,0.5,random_multibudget,0.0,0.0,0.0,0.0
mobservice1_qr_expired_1626580037,mobservice1,qr_expired,mobile,0.5,random_multibudget,0.27999999999999997,0.0,0.2,0.8
mobservice1_qr_expired_1626607583,mobservice1,qr_expired,mobile,0.5,random_multibudget,0.4,0.4,0.4,0.4
mobservice1_qr_expired_1626632651,mobservice1,qr_expired,mobile,0.5,random_multibudget,0.8,0.8,0.8,0.8
mobservice1_qr_expired_1626758435,mobservice1,qr_expired,mobile,0.5,random_multibudget,0.08,0.0,0.0,0.4
mobservice1_qr_expired_1626784630,mobservice1,qr_expired,mobile,0.5,random_multibudget,0.6,0.0,0.8,0.8
mobservice1_qr_expired_1626821039,mobservice1,qr_expired,mobile,0.5,random_multibudget,0.08,0.0,0.0,0.4
mobservice1_qr_expired_1626856553,mobservice1,qr_expired,mobile,0.5,random_multibudget,0.4800000000000001,0.0,0.6,0.6
mobservice1_qr_expired_1626884682,mobservice1,qr_expired,mobile,0.5,random_multibudget,0.08,0.0,0.0,0.2
mobservice1_qr_expired_1626917764,mobservice1,qr_expired,mobile,0.5,random_multibudget,0.08,0.0,0.0,0.4
mobservice1_qr_expired_1626941760,mobservice1,qr_expired,mobile,0.5,random_multibudget,0.27999999999999997,0.0,0.4,0.4
mobservice1_qr_expired_1626968701,mobservice1,qr_expired,mobile,0.5,random_multibudget,0.4,0.0,0.4,0.6
mobservice1_qr_expired_1626999263,mobservice1,qr_expired,mobile,0.5,random_multibudget,0.36,0.2,0.4,0.4
mobservice1_qr_expired_1627024159,mobservice1,qr_expired,mobile,0.5,random_multibudget,0.2,0.2,0.2,0.2
mobservice1_qr_expired_1627051613,mobservice1,qr_expired,mobile,0.5,random_multibudget,0.12000000000000002,0.0,0.0,0.4
mobservice1_qr_expired_1627083857,mobservice1,qr_expired,mobile,0.5,random_multibudget,0.2,0.2,0.2,0.2
mobservice1_qr_expired_1627112278,mobservice1,qr_expired,mobile,0.5,random_multibudget,0.04,0.0,0.0,0.2
mobservice1_qr_expired_1627135285,mobservice1,qr_expired,mobile,0.5,random_multibudget,0.27999999999999997,0.0,0.2,0.8
mobservice1_qr_expired_1627157519,mobservice1,qr_expired,mobile,0.5,random_multibudget,0.24,0.0,0.2,0.6
mobservice1_qr_expired_1627184031,mobservice1,qr_expired,mobile,0.5,random_multibudget,0.27999999999999997,0.0,0.2,0.6
mobservice1_qr_expired_1627212755,mobservice1,qr_expired,mobile,0.5,random_multibudget,0.32,0.2,0.2,0.6
mobservice1_qr_expired_1627238319,mobservice1,qr_expired,mobile,0.5,random_multibudget,0.16,0.0,0.2,0.2
mobservice1_qr_expired_1627264132,mobservice1,qr_expired,mobile,0.5,random_multibudget,0.44000000000000006,0.0,0.4,0.8
mobservice1_qr_expired_1627293860,mobservice1,qr_expired,mobile,0.5,random_multibudget,0.36,0.2,0.4,0.4
mobservice1_qr_expired_1627322979,mobservice1,qr_expired,mobile,0.5,random_multibudget,0.16,0.0,0.2,0.2
mobservice1_qr_expired_1627355175,mobservice1,qr_expired,mobile,0.5,random_multibudget,0.24,0.0,0.2,0.6
mobservice1_qr_expired_1627383377,mobservice1,qr_expired,mobile,0.5,random_multibudget,0.32,0.0,0.4,0.6
mobservice1_qr_expired_1627410797,mobservice1,qr_expired,mobile,0.5,random_multibudget,0.52,0.0,0.8,0.8
mobservice1_qr_expired_1627438966,mobservice1,qr_expired,mobile,0.5,random_multibudget,0.48,0.2,0.6,0.6
mobservice1_qr_expired_1627466564,mobservice1,qr_expired,mobile,0.5,random_multibudget,0.44000000000000006,0.2,0.4,0.6
mobservice1_qr_expired_1627500877,mobservice1,qr_expired,mobile,0.5,random_multibudget,0.27999999999999997,0.2,0.2,0.4
mobservice1_qr_expired_1627528299,mobservice1,qr_expired,mobile,0.5,random_multibudget,0.36,0.2,0.2,0.8
mobservice1_qr_expired_1627552119,mobservice1,qr_expired,mobile,0.5,random_multibudget,0.36,0.0,0.4,0.6
mobservice1_qr_expired_1627579617,mobservice1,qr_expired,mobile,0.5,random_multibudget,0.08,0.0,0.0,0.4
mobservice1_qr_expired_1627607460,mobservice1,qr_expired,mobile,0.5,random_multibudget,0.4,0.4,0.4,0.4
mobservice1_qr_expired_1627636467,mobservice1,qr_expired,mobile,0.5,random_multibudget,0.24,0.0,0.2,0.6
mobservice1_qr_expired_1627666643,mobservice1,qr_expired,mobile,0.5,random_multibudget,0.36,0.0,0.6,0.6
mobservice1_qr_expired_1627691008,mobservice1,qr_expired,mobile,0.5,random_multibudget,0.24000000000000005,0.0,0.0,0.8
mobservice1_qr_expired_1627716967,mobservice1,qr_expired,mobile,0.5,random_multibudget,0.2,0.0,0.2,0.4
mobservice1_qr_expired_1627738658,mobservice1,qr_expired,mobile,0.5,random_multibudget,0.24,0.0,0.4,0.4
mobservice2_cpu_1627454420,mobservice2,cpu,mobile,0.5,random_multibudget,0.0,0.0,0.0,0.0
mobservice2_cpu_1627497596,mobservice2,cpu,mobile,0.5,random_multibudget,0.24000000000000005,0.0,0.0,0.8
mobservice2_cpu_1627542736,mobservice2,cpu,mobile,0.5,random_multibudget,0.6,0.6,0.6,0.6
mobservice2_cpu_1627761644,mobservice2,cpu,mobile,0.5,random_multibudget,0.08,0.0,0.0,0.2
mobservice2_errno111_1626752406,mobservice2,errno111,mobile,0.5,random_multibudget,0.2,0.2,0.2,0.2
mobservice2_errno111_1626752504,mobservice2,errno111,mobile,0.5,random_multibudget,0.8,0.8,0.8,0.8
mobservice2_memory_1625157918,mobservice2,memory,mobile,0.5,random_multibudget,0.2,0.0,0.0,0.6
mobservice2_memory_1625168598,mobservice2,memory,mobile,0.5,random_multibudget,0.6,0.6,0.6,0.6
mobservice2_memory_1625200044,mobservice2,memory,mobile,0.5,random_multibudget,0.36,0.2,0.4,0.4
mobservice2_memory_1625205092,mobservice2,memory,mobile,0.5,random_multibudget,0.2,0.2,0.2,0.2
mobservice2_memory_1625235821,mobservice2,memory,mobile,0.5,random_multibudget,0.5599999999999999,0.4,0.6,0.6
mobservice2_memory_1625240040,mobservice2,memory,mobile,0.5,random_multibudget,0.27999999999999997,0.0,0.4,0.4
mobservice2_memory_1625305876,mobservice2,memory,mobile,0.5,random_multibudget,0.32,0.0,0.4,0.4
mobservice2_memory_1625359712,mobservice2,memory,mobile,0.5,random_multibudget,0.4,0.4,0.4,0.4
mobservice2_memory_1625527607,mobservice2,memory,mobile,0.5,random_multibudget,0.27999999999999997,0.0,0.4,0.4
mobservice2_memory_1625552888,mobservice2,memory,mobile,0.5,random_multibudget,0.27999999999999997,0.2,0.2,0.4
mobservice2_memory_1625584788,mobservice2,memory,mobile,0.5,random_multibudget,0.15999999999999998,0.0,0.2,0.4
mobservice2_memory_1625676811,mobservice2,memory,mobile,0.5,random_multibudget,0.32,0.2,0.2,0.6
mobservice2_memory_1625680798,mobservice2,memory,mobile,0.5,random_multibudget,0.32,0.2,0.4,0.4
mobservice2_memory_1625692971,mobservice2,memory,mobile,0.5,random_multibudget,0.04,0.0,0.0,0.2
mobservice2_memory_1625697606,mobservice2,memory,mobile,0.5,random_multibudget,0.04,0.0,0.0,0.2
mobservice2_memory_1625738510,mobservice2,memory,mobile,0.5,random_multibudget,0.44000000000000006,0.0,0.4,0.8
mobservice2_memory_1625742099,mobservice2,memory,mobile,0.5,random_multibudget,0.4800000000000001,0.0,0.6,0.6
mobservice2_memory_1625771613,mobservice2,memory,mobile,0.5,random_multibudget,0.24,0.2,0.2,0.4
mobservice2_memory_1625831922,mobservice2,memory,mobile,0.5,random_multibudget,0.4,0.4,0.4,0.4
mobservice2_memory_1625898199,mobservice2,memory,mobile,0.5,random_multibudget,0.27999999999999997,0.0,0.2,0.8
mobservice2_memory_1625987443,mobservice2,memory,mobile,0.5,random_multibudget,0.2,0.0,0.2,0.4
mobservice2_memory_1626009884,mobservice2,memory,mobile,0.5,random_multibudget,0.2,0.0,0.0,0.6
mobservice2_memory_1626030275,mobservice2,memory,mobile,0.5,random_multibudget,0.44000000000000006,0.2,0.6,0.6
mobservice2_memory_1626061939,mobservice2,memory,mobile,0.5,random_multibudget,0.16,0.0,0.0,0.6
mobservice2_memory_1626128366,mobservice2,memory,mobile,0.5,random_multibudget,0.6,0.6,0.6,0.6
mobservice2_memory_1626132020,mobservice2,memory,mobile,0.5,random_multibudget,0.44000000000000006,0.2,0.4,0.6
mobservice2_memory_1626157765,mobservice2,memory,mobile,0.5,random_multibudget,0.04,0.0,0.0,0.2
mobservice2_memory_1626198509,mobservice2,memory,mobile,0.5,random_multibudget,0.2,0.2,0.2,0.2
mobservice2_memory_1626201727,mobservice2,memory,mobile,0.5,random_multibudget,0.8,0.8,0.8,0.8
mobservice2_memory_1626240489,mobservice2,memory,mobile,0.5,random_multibudget,0.12,0.0,0.2,0.2
mobservice2_memory_1626286299,mobservice2,memory,mobile,0.5,random_multibudget,0.5599999999999999,0.2,0.6,1.0
mobservice2_memory_1626294885,mobservice2,memory,mobile,0.5,random_multibudget,0.6,0.2,0.8,0.8
mobservice2_memory_1626323276,mobservice2,memory,mobile,0.5,random_multibudget,0.64,0.2,0.8,0.8
mobservice2_memory_1626411067,mobservice2,memory,mobile,0.5,random_multibudget,0.24,0.0,0.4,0.4
mobservice2_memory_1626429148,mobservice2,memory,mobile,0.5,random_multibudget,0.32,0.2,0.4,0.4
mobservice2_memory_1626439231,mobservice2,memory,mobile,0.5,random_multibudget,0.4,0.0,0.4,0.6
mobservice2_memory_1626458752,mobservice2,memory,mobile,0.5,random_multibudget,0.16,0.0,0.2,0.4
mobservice2_memory_1626474951,mobservice2,memory,mobile,0.5,random_multibudget,0.4800000000000001,0.0,0.6,0.6
mobservice2_memory_1626520226,mobservice2,memory,mobile,0.5,random_multibudget,0.36,0.0,0.4,0.6
mobservice2_memory_1626538101,mobservice2,memory,mobile,0.5,random_multibudget,0.32,0.0,0.2,0.8
mobservice2_memory_1626607047,mobservice2,memory,mobile,0.5,random_multibudget,0.32,0.0,0.4,0.4
mobservice2_memory_1626757492,mobservice2,memory,mobile,0.5,random_multibudget,0.64,0.0,0.8,1.0
mobservice2_memory_1626785359,mobservice2,memory,mobile,0.5,random_multibudget,0.24,0.0,0.2,0.6
mobservice2_memory_1626890346,mobservice2,memory,mobile,0.5,random_multibudget,0.12000000000000002,0.0,0.0,0.6
mobservice2_memory_1626935991,mobservice2,memory,mobile,0.5,random_multibudget,0.64,0.2,0.8,0.8
mobservice2_memory_1626958150,mobservice2,memory,mobile,0.5,random_multibudget,0.0,0.0,0.0,0.0
mobservice2_memory_1626961197,mobservice2,memory,mobile,0.5,random_multibudget,0.4800000000000001,0.0,0.6,0.6
mobservice2_memory_1626985877,mobservice2,memory,mobile,0.5,random_multibudget,0.36,0.2,0.4,0.4
mobservice2_memory_1627037496,mobservice2,memory,mobile,0.5,random_multibudget,0.15999999999999998,0.0,0.2,0.4
mobservice2_memory_1627044227,mobservice2,memory,mobile,0.5,random_multibudget,0.16,0.0,0.2,0.2
mobservice2_memory_1627065444,mobservice2,memory,mobile,0.5,random_multibudget,0.16,0.0,0.0,0.8
mobservice2_memory_1627119333,mobservice2,memory,mobile,0.5,random_multibudget,0.36,0.2,0.4,0.4
mobservice2_memory_1627204060,mobservice2,memory,mobile,0.5,random_multibudget,0.52,0.2,0.6,0.6
mobservice2_memory_1627230225,mobservice2,memory,mobile,0.5,random_multibudget,0.16,0.0,0.2,0.2
mobservice2_memory_1627256808,mobservice2,memory,mobile,0.5,random_multibudget,0.72,0.4,0.8,0.8
mobservice2_memory_1627260359,mobservice2,memory,mobile,0.5,random_multibudget,0.4,0.4,0.4,0.4
mobservice2_memory_1627296468,mobservice2,memory,mobile,0.5,random_multibudget,0.2,0.0,0.0,0.6
mobservice2_memory_1627357843,mobservice2,memory,mobile,0.5,random_multibudget,0.27999999999999997,0.0,0.4,0.4
mobservice2_memory_1627365277,mobservice2,memory,mobile,0.5,random_multibudget,0.6,0.6,0.6,0.6
mobservice2_memory_1627374212,mobservice2,memory,mobile,0.5,random_multibudget,0.4,0.4,0.4,0.4
mobservice2_memory_1627436047,mobservice2,memory,mobile,0.5,random_multibudget,0.2,0.2,0.2,0.2
mobservice2_memory_1627471954,mobservice2,memory,mobile,0.5,random_multibudget,0.6,0.6,0.6,0.6
mobservice2_memory_1627514362,mobservice2,memory,mobile,0.5,random_multibudget,0.6,0.6,0.6,0.6
mobservice2_memory_1627554299,mobservice2,memory,mobile,0.5,random_multibudget,0.32,0.2,0.4,0.4
mobservice2_memory_1627713570,mobservice2,memory,mobile,0.5,random_multibudget,0.24,0.0,0.2,0.6
mobservice2_memory_1627731436,mobservice2,memory,mobile,0.5,random_multibudget,0.6799999999999999,0.4,0.8,0.8
mobservice2_qr_expired_1625152105,mobservice2,qr_expired,mobile,0.5,random_multibudget,0.68,0.2,0.8,0.8
mobservice2_qr_expired_1625179967,mobservice2,qr_expired,mobile,0.5,random_multibudget,0.0,0.0,0.0,0.0
mobservice2_qr_expired_1625210422,mobservice2,qr_expired,mobile,0.5,random_multibudget,0.27999999999999997,0.0,0.4,0.6
mobservice2_qr_expired_1625242846,mobservice2,qr_expired,mobile,0.5,random_multibudget,0.44000000000000006,0.0,0.6,0.6
mobservice2_qr_expired_1625275953,mobservice2,qr_expired,mobile,0.5,random_multibudget,0.27999999999999997,0.2,0.2,0.4
mobservice2_qr_expired_1625302666,mobservice2,qr_expired,mobile,0.5,random_multibudget,0.27999999999999997,0.0,0.4,0.4
mobservice2_qr_expired_1625334978,mobservice2,qr_expired,mobile,0.5,random_multibudget,0.8,0.2,1.0,1.0
mobservice2_qr_expired_1625360218,mobservice2,qr_expired,mobile,0.5,random_multibudget,0.5599999999999999,0.4,0.6,0.6
mobservice2_qr_expired_1625390816,mobservice2,qr_expired,mobile,0.5,random_multibudget,0.72,0.4,0.8,0.8
mobservice2_qr_expired_1625425284,mobservice2,qr_expired,mobile,0.5,random_multibudget,0.44000000000000006,0.0,0.6,0.6
mobservice2_qr_expired_1625455022,mobservice2,qr_expired,mobile,0.5,random_multibudget,0.6,0.6,0.6,0.6
mobservice2_qr_expired_1625489299,mobservice2,qr_expired,mobile,0.5,random_multibudget,0.36,0.2,0.4,0.4
mobservice2_qr_expired_1625521837,mobservice2,qr_expired,mobile,0.5,random_multibudget,0.16,0.0,0.2,0.4
mobservice2_qr_expired_1625553275,mobservice2,qr_expired,mobile,0.5,random_multibudget,0.6,0.6,0.6,0.6
mobservice2_qr_expired_1625586485,mobservice2,qr_expired,mobile,0.5,random_multibudget,0.32,0.0,0.4,0.6
mobservice2_qr_expired_1625632041,mobservice2,qr_expired,mobile,0.5,random_multibudget,0.6,0.0,0.8,1.0
mobservice2_qr_expired_1625675866,mobservice2,qr_expired,mobile,0.5,random_multibudget,0.16,0.0,0.0,0.4
mobservice2_qr_expired_1625722797,mobservice2,qr_expired,mobile,0.5,random_multibudget,0.4,0.2,0.2,0.8
mobservice2_qr_expired_1625778458,mobservice2,qr_expired,mobile,0.5,random_multibudget,0.16,0.0,0.2,0.2
mobservice2_qr_expired_1625827086,mobservice2,qr_expired,mobile,0.5,random_multibudget,0.04,0.0,0.0,0.2
mobservice2_qr_expired_1625871929,mobservice2,qr_expired,mobile,0.5,random_multibudget,0.44000000000000006,0.0,0.6,0.6
mobservice2_qr_expired_1625913424,mobservice2,qr_expired,mobile,0.5,random_multibudget,0.32,0.2,0.4,0.4
mobservice2_qr_expired_1625953921,mobservice2,qr_expired,mobile,0.5,random_multibudget,0.2,0.2,0.2,0.2
mobservice2_qr_expired_1625991677,mobservice2,qr_expired,mobile,0.5,random_multibudget,0.27999999999999997,0.0,0.2,0.6
mobservice2_qr_expired_1626027488,mobservice2,qr_expired,mobile,0.5,random_multibudget,0.08,0.0,0.0,0.4
mobservice2_qr_expired_1626055588,mobservice2,qr_expired,mobile,0.5,random_multibudget,0.12000000000000002,0.0,0.0,0.6
mobservice2_qr_expired_1626092428,mobservice2,qr_expired,mobile,0.5,random_multibudget,0.12000000000000002,0.0,0.0,0.6
mobservice2_qr_expired_1626126195,mobservice2,qr_expired,mobile,0.5,random_multibudget,0.08,0.0,0.0,0.2
mobservice2_qr_expired_1626148468,mobservice2,qr_expired,mobile,0.5,random_multibudget,0.2,0.0,0.2,0.4
mobservice2_qr_expired_1626179787,mobservice2,qr_expired,mobile,0.5,random_multibudget,0.44000000000000006,0.0,0.6,0.6
mobservice2_qr_expired_1626214192,mobservice2,qr_expired,mobile,0.5,random_multibudget,0.08,0.0,0.0,0.2
mobservice2_qr_expired_1626250092,mobservice2,qr_expired,mobile,0.5,random_multibudget,0.12000000000000002,0.0,0.0,0.6
mobservice2_qr_expired_1626285754,mobservice2,qr_expired,mobile,0.5,random_multibudget,0.2,0.2,0.2,0.2
mobservice2_qr_expired_1626320898,mobservice2,qr_expired,mobile,0.5,random_multibudget,0.4,0.4,0.4,0.4
mobservice2_qr_expired_1626353097,mobservice2,qr_expired,mobile,0.5,random_multibudget,0.48,0.2,0.6,0.6
mobservice2_qr_expired_1626386746,mobservice2,qr_expired,mobile,0.5,random_multibudget,0.32,0.2,0.2,0.8
mobservice2_qr_expired_1626422509,mobservice2,qr_expired,mobile,0.5,random_multibudget,0.32,0.0,0.4,0.6
mobservice2_qr_expired_1626455756,mobservice2,qr_expired,mobile,0.5,random_multibudget,0.4,0.0,0.4,0.8
mobservice2_qr_expired_1626488967,mobservice2,qr_expired,mobile,0.5,random_multibudget,0.36,0.2,0.4,0.4
mobservice2_qr_expired_1626516592,mobservice2,qr_expired,mobile,0.5,random_multibudget,0.44000000000000006,0.4,0.4,0.6
mobservice2_qr_expired_1626548205,mobservice2,qr_expired,mobile,0.5,random_multibudget,0.2,0.2,0.2,0.2
mobservice2_qr_expired_1626576971,mobservice2,qr_expired,mobile,0.5,random_multibudget,0.16,0.0,0.2,0.2
mobservice2_qr_expired_1626607755,mobservice2,qr_expired,mobile,0.5,random_multibudget,0.2,0.2,0.2,0.2
mobservice2_qr_expired_1626636652,mobservice2,qr_expired,mobile,0.5,random_multibudget,0.32,0.0,0.0,0.8
mobservice2_qr_expired_1626763751,mobservice2,qr_expired,mobile,0.5,random_multibudget,0.12,0.0,0.2,0.2
mobservice2_qr_expired_1626790862,mobservice2,qr_expired,mobile,0.5,random_multibudget,0.08,0.0,0.0,0.4
mobservice2_qr_expired_1626826499,mobservice2,qr_expired,mobile,0.5,random_multibudget,0.2,0.0,0.0,0.8
mobservice2_qr_expired_1626855935,mobservice2,qr_expired,mobile,0.5,random_multibudget,0.32,0.0,0.4,0.4
mobservice2_qr_expired_1626885208,mobservice2,qr_expired,mobile,0.5,random_multibudget,0.5599999999999999,0.4,0.6,0.6
mobservice2_qr_expired_1626911607,mobservice2,qr_expired,mobile,0.5,random_multibudget,0.4,0.0,0.6,0.6
mobservice2_qr_expired_1626942742,mobservice2,qr_expired,mobile,0.5,random_multibudget,0.16,0.0,0.2,0.2
mobservice2_qr_expired_1626974155,mobservice2,qr_expired,mobile,0.5,random_multibudget,0.12,0.0,0.2,0.2
mobservice2_qr_expired_1626999471,mobservice2,qr_expired,mobile,0.5,random_multibudget,0.32,0.0,0.4,0.4
mobservice2_qr_expired_1627030453,mobservice2,qr_expired,mobile,0.5,random_multibudget,0.12,0.0,0.2,0.2
mobservice2_qr_expired_1627056700,mobservice2,qr_expired,mobile,0.5,random_multibudget,0.48,0.0,0.6,0.8
mobservice2_qr_expired_1627085196,mobservice2,qr_expired,mobile,0.5,random_multibudget,0.5599999999999999,0.4,0.6,0.6
mobservice2_qr_expired_1627113655,mobservice2,qr_expired,mobile,0.5,random_multibudget,0.48,0.0,0.6,0.8
mobservice2_qr_expired_1627141574,mobservice2,qr_expired,mobile,0.5,random_multibudget,0.32,0.0,0.4,0.4
mobservice2_qr_expired_1627170090,mobservice2,qr_expired,mobile,0.5,random_multibudget,0.36,0.0,0.2,0.8
mobservice2_qr_expired_1627194645,mobservice2,qr_expired,mobile,0.5,random_multibudget,0.64,0.0,0.6,1.0
mobservice2_qr_expired_1627220128,mobservice2,qr_expired,mobile,0.5,random_multibudget,0.36,0.2,0.4,0.4
mobservice2_qr_expired_1627249800,mobservice2,qr_expired,mobile,0.5,random_multibudget,0.8,0.8,0.8,0.8
mobservice2_qr_expired_1627279670,mobservice2,qr_expired,mobile,0.5,random_multibudget,0.27999999999999997,0.0,0.2,0.6
mobservice2_qr_expired_1627308362,mobservice2,qr_expired,mobile,0.5,random_multibudget,0.0,0.0,0.0,0.0
mobservice2_qr_expired_1627337234,mobservice2,qr_expired,mobile,0.5,random_multibudget,0.04,0.0,0.0,0.2
mobservice2_qr_expired_1627363820,mobservice2,qr_expired,mobile,0.5,random_multibudget,0.44000000000000006,0.0,0.2,1.0
mobservice2_qr_expired_1627389398,mobservice2,qr_expired,mobile,0.5,random_multibudget,0.48,0.2,0.6,0.8
mobservice2_qr_expired_1627418217,mobservice2,qr_expired,mobile,0.5,random_multibudget,0.2,0.0,0.2,0.4
mobservice2_qr_expired_1627450448,mobservice2,qr_expired,mobile,0.5,random_multibudget,0.6,0.6,0.6,0.6
mobservice2_qr_expired_1627475638,mobservice2,qr_expired,mobile,0.5,random_multibudget,0.2,0.2,0.2,0.2
mobservice2_qr_expired_1627503713,mobservice2,qr_expired,mobile,0.5,random_multibudget,0.12,0.0,0.2,0.2
mobservice2_qr_expired_1627532257,mobservice2,qr_expired,mobile,0.5,random_multibudget,0.8,0.8,0.8,0.8
mobservice2_qr_expired_1627561033,mobservice2,qr_expired,mobile,0.5,random_multibudget,0.4,0.4,0.4,0.4
mobservice2_qr_expired_1627590661,mobservice2,qr_expired,mobile,0.5,random_multibudget,0.44000000000000006,0.0,0.6,0.6
mobservice2_qr_expired_1627615107,mobservice2,qr_expired,mobile,0.5,random_multibudget,0.4,0.4,0.4,0.4
mobservice2_qr_expired_1627645682,mobservice2,qr_expired,mobile,0.5,random_multibudget,0.4,0.4,0.4,0.4
mobservice2_qr_expired_1627671327,mobservice2,qr_expired,mobile,0.5,random_multibudget,0.32,0.0,0.0,0.8
mobservice2_qr_expired_1627694165,mobservice2,qr_expired,mobile,0.5,random_multibudget,0.27999999999999997,0.0,0.2,0.6
mobservice2_qr_expired_1627721066,mobservice2,qr_expired,mobile,0.5,random_multibudget,0.27999999999999997,0.0,0.2,0.6
mobservice2_qr_expired_1627741589,mobservice2,qr_expired,mobile,0.5,random_multibudget,0.08,0.0,0.0,0.4
redisservice1_errno111_1626751802,redisservice1,errno111,cache,0.5,random_multibudget,0.56,0.2,0.6,0.8
redisservice1_errno111_1626752423,redisservice1,errno111,cache,0.5,random_multibudget,0.08,0.0,0.0,0.4
redisservice1_memory_1625145523,redisservice1,memory,cache,0.5,random_multibudget,0.0,0.0,0.0,0.0
redisservice1_memory_1625157279,redisservice1,memory,cache,0.5,random_multibudget,0.24,0.0,0.4,0.4
redisservice1_memory_1625174903,redisservice1,memory,cache,0.5,random_multibudget,0.12,0.0,0.2,0.2
redisservice1_memory_1625272609,redisservice1,memory,cache,0.5,random_multibudget,0.12000000000000002,0.0,0.0,0.4
redisservice1_memory_1625332594,redisservice1,memory,cache,0.5,random_multibudget,0.36,0.2,0.4,0.4
redisservice1_memory_1625420467,redisservice1,memory,cache,0.5,random_multibudget,0.12,0.0,0.2,0.2
redisservice1_memory_1625453062,redisservice1,memory,cache,0.5,random_multibudget,0.12000000000000002,0.0,0.0,0.4
redisservice1_memory_1625473678,redisservice1,memory,cache,0.5,random_multibudget,0.27999999999999997,0.0,0.4,0.4
redisservice1_memory_1625508996,redisservice1,memory,cache,0.5,random_multibudget,0.5599999999999999,0.0,0.8,0.8
redisservice1_memory_1625609699,redisservice1,memory,cache,0.5,random_multibudget,0.16,0.0,0.2,0.2
redisservice1_memory_1625631347,redisservice1,memory,cache,0.5,random_multibudget,0.6,0.6,0.6,0.6
redisservice1_memory_1625699447,redisservice1,memory,cache,0.5,random_multibudget,0.48,0.0,0.6,0.8
redisservice1_memory_1625816205,redisservice1,memory,cache,0.5,random_multibudget,0.32,0.0,0.4,0.4
redisservice1_memory_1625882934,redisservice1,memory,cache,0.5,random_multibudget,0.4800000000000001,0.2,0.6,0.6
redisservice1_memory_1625942635,redisservice1,memory,cache,0.5,random_multibudget,0.12000000000000002,0.0,0.0,0.4
redisservice1_memory_1626014952,redisservice1,memory,cache,0.5,random_multibudget,0.16,0.0,0.2,0.4
redisservice1_memory_1626130579,redisservice1,memory,cache,0.5,random_multibudget,0.48,0.4,0.4,0.6
redisservice1_memory_1626172859,redisservice1,memory,cache,0.5,random_multibudget,0.12,0.0,0.2,0.2
redisservice1_memory_1626177452,redisservice1,memory,cache,0.5,random_multibudget,0.36,0.0,0.6,0.6
redisservice1_memory_1626185810,redisservice1,memory,cache,0.5,random_multibudget,0.27999999999999997,0.0,0.2,0.8
redisservice1_memory_1626275221,redisservice1,memory,cache,0.5,random_multibudget,0.15999999999999998,0.0,0.2,0.4
redisservice1_memory_1626278567,redisservice1,memory,cache,0.5,random_multibudget,0.52,0.0,0.6,0.8
redisservice1_memory_1626337048,redisservice1,memory,cache,0.5,random_multibudget,0.2,0.2,0.2,0.2
redisservice1_memory_1626374212,redisservice1,memory,cache,0.5,random_multibudget,0.4,0.4,0.4,0.4
redisservice1_memory_1626444115,redisservice1,memory,cache,0.5,random_multibudget,0.24,0.0,0.2,0.6
redisservice1_memory_1626517230,redisservice1,memory,cache,0.5,random_multibudget,0.44000000000000006,0.0,0.6,0.6
redisservice1_memory_1626520325,redisservice1,memory,cache,0.5,random_multibudget,0.2,0.0,0.0,0.6
redisservice1_memory_1626552122,redisservice1,memory,cache,0.5,random_multibudget,0.32,0.0,0.2,0.8
redisservice1_memory_1626758417,redisservice1,memory,cache,0.5,random_multibudget,0.24,0.0,0.2,0.6
redisservice1_memory_1626851723,redisservice1,memory,cache,0.5,random_multibudget,0.16,0.0,0.0,0.4
redisservice1_memory_1626864205,redisservice1,memory,cache,0.5,random_multibudget,0.64,0.0,0.8,0.8
redisservice1_memory_1626871199,redisservice1,memory,cache,0.5,random_multibudget,0.48,0.4,0.4,0.6
redisservice1_memory_1626943678,redisservice1,memory,cache,0.5,random_multibudget,0.68,0.2,0.8,0.8
redisservice1_memory_1626975786,redisservice1,memory,cache,0.5,random_multibudget,0.44000000000000006,0.2,0.4,0.8
redisservice1_memory_1626979689,redisservice1,memory,cache,0.5,random_multibudget,0.0,0.0,0.0,0.0
redisservice1_memory_1627002068,redisservice1,memory,cache,0.5,random_multibudget,0.27999999999999997,0.2,0.2,0.4
redisservice1_memory_1627081010,redisservice1,memory,cache,0.5,random_multibudget,0.48,0.2,0.6,0.6
redisservice1_memory_1627111126,redisservice1,memory,cache,0.5,random_multibudget,0.08,0.0,0.0,0.4
redisservice1_memory_1627213476,redisservice1,memory,cache,0.5,random_multibudget,0.72,0.4,0.8,0.8
redisservice1_memory_1627219738,redisservice1,memory,cache,0.5,random_multibudget,0.24,0.2,0.2,0.4
redisservice1_memory_1627303947,redisservice1,memory,cache,0.5,random_multibudget,0.2,0.2,0.2,0.2
redisservice1_memory_1627332332,redisservice1,memory,cache,0.5,random_multibudget,0.32,0.0,0.4,0.6
redisservice1_memory_1627362134,redisservice1,memory,cache,0.5,random_multibudget,0.5599999999999999,0.4,0.6,0.6
redisservice1_memory_1627367085,redisservice1,memory,cache,0.5,random_multibudget,0.2,0.0,0.2,0.4
redisservice1_memory_1627381864,redisservice1,memory,cache,0.5,random_multibudget,0.5599999999999999,0.4,0.6,0.6
redisservice1_memory_1627436567,redisservice1,memory,cache,0.5,random_multibudget,0.48,0.4,0.4,0.8
redisservice1_memory_1627512202,redisservice1,memory,cache,0.5,random_multibudget,0.24,0.0,0.2,0.8
redisservice1_memory_1627531834,redisservice1,memory,cache,0.5,random_multibudget,0.12000000000000002,0.0,0.0,0.4
redisservice1_memory_1627574700,redisservice1,memory,cache,0.5,random_multibudget,0.52,0.4,0.6,0.6
redisservice1_memory_1627588078,redisservice1,memory,cache,0.5,random_multibudget,0.24000000000000005,0.0,0.2,0.4
redisservice1_memory_1627657138,redisservice1,memory,cache,0.5,random_multibudget,0.24,0.0,0.4,0.4
redisservice1_memory_1627670203,redisservice1,memory,cache,0.5,random_multibudget,0.64,0.2,0.8,0.8
redisservice1_memory_1627713030,redisservice1,memory,cache,0.5,random_multibudget,0.5599999999999999,0.4,0.6,0.6
redisservice1_memory_1627749155,redisservice1,memory,cache,0.5,random_multibudget,0.24,0.0,0.2,0.6
redisservice1_memory_1627760867,redisservice1,memory,cache,0.5,random_multibudget,0.32,0.0,0.4,0.6
redisservice2_errno111_1626751801,redisservice2,errno111,cache,0.5,random_multibudget,0.6,0.6,0.6,0.6
redisservice2_errno111_1626752427,redisservice2,errno111,cache,0.5,random_multibudget,0.24,0.2,0.2,0.4
redisservice2_memory_1625155035,redisservice2,memory,cache,0.5,random_multibudget,0.32,0.2,0.4,0.4
redisservice2_memory_1625165701,redisservice2,memory,cache,0.5,random_multibudget,0.16,0.0,0.0,0.4
redisservice2_memory_1625175011,redisservice2,memory,cache,0.5,random_multibudget,0.36,0.0,0.4,0.6
redisservice2_memory_1625179202,redisservice2,memory,cache,0.5,random_multibudget,0.32,0.0,0.4,0.4
redisservice2_memory_1625250114,redisservice2,memory,cache,0.5,random_multibudget,0.27999999999999997,0.0,0.4,0.4
redisservice2_memory_1625264600,redisservice2,memory,cache,0.5,random_multibudget,0.72,0.4,0.8,1.0
redisservice2_memory_1625320792,redisservice2,memory,cache,0.5,random_multibudget,0.04,0.0,0.0,0.2
redisservice2_memory_1625324488,redisservice2,memory,cache,0.5,random_multibudget,0.08,0.0,0.0,0.2
redisservice2_memory_1625493529,redisservice2,memory,cache,0.5,random_multibudget,0.0,0.0,0.0,0.0
redisservice2_memory_1625512043,redisservice2,memory,cache,0.5,random_multibudget,0.16,0.0,0.0,0.6
redisservice2_memory_1625620800,redisservice2,memory,cache,0.5,random_multibudget,0.44000000000000006,0.2,0.4,0.6
redisservice2_memory_1625692590,redisservice2,memory,cache,0.5,random_multibudget,0.24000000000000005,0.0,0.2,0.4
redisservice2_memory_1625733844,redisservice2,memory,cache,0.5,random_multibudget,0.52,0.2,0.6,0.6
redisservice2_memory_1625752669,redisservice2,memory,cache,0.5,random_multibudget,0.16,0.0,0.0,0.4
redisservice2_memory_1625768486,redisservice2,memory,cache,0.5,random_multibudget,0.24,0.0,0.2,0.6
redisservice2_memory_1625790000,redisservice2,memory,cache,0.5,random_multibudget,1.0,1.0,1.0,1.0
redisservice2_memory_1625819320,redisservice2,memory,cache,0.5,random_multibudget,0.16,0.0,0.0,0.6
redisservice2_memory_1625845367,redisservice2,memory,cache,0.5,random_multibudget,0.12000000000000002,0.0,0.0,0.4
redisservice2_memory_1625874853,redisservice2,memory,cache,0.5,random_multibudget,0.8400000000000001,0.4,1.0,1.0
redisservice2_memory_1625882839,redisservice2,memory,cache,0.5,random_multibudget,0.04,0.0,0.0,0.2
redisservice2_memory_1625954379,redisservice2,memory,cache,0.5,random_multibudget,0.36,0.2,0.4,0.4
redisservice2_memory_1625985172,redisservice2,memory,cache,0.5,random_multibudget,0.12,0.0,0.2,0.2
redisservice2_memory_1626048164,redisservice2,memory,cache,0.5,random_multibudget,0.2,0.2,0.2,0.2
redisservice2_memory_1626074288,redisservice2,memory,cache,0.5,random_multibudget,0.36,0.0,0.2,0.8
redisservice2_memory_1626096553,redisservice2,memory,cache,0.5,random_multibudget,0.24,0.0,0.2,0.6
redisservice2_memory_1626127643,redisservice2,memory,cache,0.5,random_multibudget,0.6,0.6,0.6,0.6
redisservice2_memory_1626131951,redisservice2,memory,cache,0.5,random_multibudget,0.4,0.4,0.4,0.4
redisservice2_memory_1626178417,redisservice2,memory,cache,0.5,random_multibudget,0.12000000000000002,0.0,0.0,0.4
redisservice2_memory_1626247718,redisservice2,memory,cache,0.5,random_multibudget,0.2,0.2,0.2,0.2
redisservice2_memory_1626307296,redisservice2,memory,cache,0.5,random_multibudget,0.04,0.0,0.0,0.2
redisservice2_memory_1626319731,redisservice2,memory,cache,0.5,random_multibudget,0.16,0.0,0.0,0.8
redisservice2_memory_1626375654,redisservice2,memory,cache,0.5,random_multibudget,0.72,0.2,1.0,1.0
redisservice2_memory_1626410429,redisservice2,memory,cache,0.5,random_multibudget,0.0,0.0,0.0,0.0
redisservice2_memory_1626496139,redisservice2,memory,cache,0.5,random_multibudget,0.12000000000000002,0.0,0.0,0.4
redisservice2_memory_1626741618,redisservice2,memory,cache,0.5,random_multibudget,0.48,0.4,0.4,0.8
redisservice2_memory_1626765949,redisservice2,memory,cache,0.5,random_multibudget,0.4,0.4,0.4,0.4
redisservice2_memory_1626783759,redisservice2,memory,cache,0.5,random_multibudget,0.32,0.0,0.4,0.4
redisservice2_memory_1626847510,redisservice2,memory,cache,0.5,random_multibudget,0.12000000000000002,0.0,0.0,0.4
redisservice2_memory_1626861594,redisservice2,memory,cache,0.5,random_multibudget,0.5599999999999999,0.0,0.8,0.8
redisservice2_memory_1626934034,redisservice2,memory,cache,0.5,random_multibudget,0.24000000000000005,0.0,0.0,0.6
redisservice2_memory_1627016217,redisservice2,memory,cache,0.5,random_multibudget,0.4,0.0,0.2,0.8
redisservice2_memory_1627022600,redisservice2,memory,cache,0.5,random_multibudget,0.44000000000000006,0.4,0.4,0.6
redisservice2_memory_1627063787,redisservice2,memory,cache,0.5,random_multibudget,0.32,0.0,0.2,0.6
redisservice2_memory_1627072253,redisservice2,memory,cache,0.5,random_multibudget,0.27999999999999997,0.0,0.4,0.4
redisservice2_memory_1627115108,redisservice2,memory,cache,0.5,random_multibudget,0.24,0.0,0.4,0.4
redisservice2_memory_1627140541,redisservice2,memory,cache,0.5,random_multibudget,0.28,0.0,0.2,0.6
redisservice2_memory_1627269946,redisservice2,memory,cache,0.5,random_multibudget,0.2,0.0,0.2,0.6
redisservice2_memory_1627293263,redisservice2,memory,cache,0.5,random_multibudget,0.16,0.0,0.0,0.6
redisservice2_memory_1627386167,redisservice2,memory,cache,0.5,random_multibudget,0.36,0.2,0.4,0.4
redisservice2_memory_1627409250,redisservice2,memory,cache,0.5,random_multibudget,0.12000000000000002,0.0,0.0,0.4
redisservice2_memory_1627454973,redisservice2,memory,cache,0.5,random_multibudget,0.6,0.6,0.6,0.6
redisservice2_memory_1627585056,redisservice2,memory,cache,0.5,random_multibudget,0.16,0.0,0.2,0.2
redisservice2_memory_1627613855,redisservice2,memory,cache,0.5,random_multibudget,0.27999999999999997,0.0,0.2,0.6
redisservice2_memory_1627629714,redisservice2,memory,cache,0.5,random_multibudget,0.44000000000000006,0.2,0.4,0.8
redisservice2_memory_1627738678,redisservice2,memory,cache,0.5,random_multibudget,0.27999999999999997,0.0,0.4,0.4
redisservice2_memory_1627745580,redisservice2,memory,cache,0.5,random_multibudget,0.36,0.0,0.4,0.6
redisservice2_memory_1627748697,redisservice2,memory,cache,0.5,random_multibudget,0.76,0.6,0.8,0.8
webservice1_cpu_1627724616,webservice1,cpu,web,0.5,random_multibudget,0.15999999999999998,0.0,0.2,0.4
webservice1_errno111_1626750601,webservice1,errno111,web,0.5,random_multibudget,0.24,0.0,0.4,0.4
webservice1_errno111_1626750732,webservice1,errno111,web,0.5,random_multibudget,0.16,0.0,0.0,0.6
webservice1_file_move_1625256600,webservice1,file_move,web,0.5,random_multibudget,0.5599999999999999,0.4,0.6,0.6
webservice1_file_move_1625371800,webservice1,file_move,web,0.5,random_multibudget,0.6,0.6,0.6,0.6
webservice1_file_move_1625400601,webservice1,file_move,web,0.5,random_multibudget,0.4,0.0,0.4,0.6
webservice1_file_move_1625631001,webservice1,file_move,web,0.5,random_multibudget,0.0,0.0,0.0,0.0
webservice1_file_move_1625706600,webservice1,file_move,web,0.5,random_multibudget,0.4,0.4,0.4,0.4
webservice1_file_move_1625775000,webservice1,file_move,web,0.5,random_multibudget,0.12,0.0,0.2,0.2
webservice1_file_move_1625890201,webservice1,file_move,web,0.5,random_multibudget,0.16,0.0,0.2,0.2
webservice1_file_move_1625933400,webservice1,file_move,web,0.5,random_multibudget,0.5599999999999999,0.4,0.6,0.6
webservice1_file_move_1626149400,webservice1,file_move,web,0.5,random_multibudget,0.48,0.2,0.6,0.6
webservice1_file_move_1626264600,webservice1,file_move,web,0.5,random_multibudget,0.16,0.0,0.2,0.2
webservice1_file_move_1626351000,webservice1,file_move,web,0.5,random_multibudget,0.36,0.2,0.4,0.4
webservice1_file_move_1626509400,webservice1,file_move,web,0.5,random_multibudget,0.8,0.0,1.0,1.0
webservice1_file_move_1626797400,webservice1,file_move,web,0.5,random_multibudget,0.8,0.8,0.8,0.8
webservice1_file_move_1626840600,webservice1,file_move,web,0.5,random_multibudget,0.2,0.2,0.2,0.2
webservice1_file_move_1626916200,webservice1,file_move,web,0.5,random_multibudget,0.76,0.6,0.8,0.8
webservice1_file_move_1627114200,webservice1,file_move,web,0.5,random_multibudget,0.4800000000000001,0.0,0.6,0.6
webservice1_file_move_1627503000,webservice1,file_move,web,0.5,random_multibudget,0.36,0.2,0.4,0.4
webservice1_file_move_1627521000,webservice1,file_move,web,0.5,random_multibudget,0.48,0.4,0.4,0.6
webservice1_file_move_1627531800,webservice1,file_move,web,0.5,random_multibudget,0.4,0.4,0.4,0.4
webservice1_file_move_1627607400,webservice1,file_move,web,0.5,random_multibudget,0.76,0.6,0.8,0.8
webservice1_file_move_1627632600,webservice1,file_move,web,0.5,random_multibudget,0.5599999999999999,0.4,0.6,0.6
webservice1_file_move_1627661400,webservice1,file_move,web,0.5,random_multibudget,0.8,0.8,0.8,0.8
webservice1_memory_1625222072,webservice1,memory,web,0.5,random_multibudget,0.36,0.0,0.2,0.8
webservice1_memory_1625373179,webservice1,memory,web,0.5,random_multibudget,0.12,0.0,0.2,0.2
webservice1_memory_1625380916,webservice1,memory,web,0.5,random_multibudget,0.04,0.0,0.0,0.2
webservice1_memory_1625415630,webservice1,memory,web,0.5,random_multibudget,0.12000000000000002,0.0,0.0,0.4
webservice1_memory_1625506658,webservice1,memory,web,0.5,random_multibudget,0.16,0.0,0.0,0.6
webservice1_memory_1625522955,webservice1,memory,web,0.5,random_multibudget,0.2,0.0,0.2,0.6
webservice1_memory_1625546136,webservice1,memory,web,0.5,random_multibudget,0.12,0.0,0.2,0.2
webservice1_memory_1625607930,webservice1,memory,web,0.5,random_multibudget,0.27999999999999997,0.0,0.4,0.4
webservice1_memory_1625662559,webservice1,memory,web,0.5,random_multibudget,0.56,0.0,0.6,0.8
webservice1_memory_1625715729,webservice1,memory,web,0.5,random_multibudget,0.2,0.2,0.2,0.2
webservice1_memory_1625744233,webservice1,memory,web,0.5,random_multibudget,0.24000000000000005,0.0,0.0,0.8
webservice1_memory_1625777703,webservice1,memory,web,0.5,random_multibudget,0.32,0.0,0.2,0.8
webservice1_memory_1625820924,webservice1,memory,web,0.5,random_multibudget,0.32,0.0,0.4,0.4
webservice1_memory_1625860918,webservice1,memory,web,0.5,random_multibudget,0.28,0.0,0.2,0.8
webservice1_memory_1625881257,webservice1,memory,web,0.5,random_multibudget,0.08,0.0,0.0,0.4
webservice1_memory_1625903663,webservice1,memory,web,0.5,random_multibudget,0.2,0.0,0.2,0.4
webservice1_memory_1625957279,webservice1,memory,web,0.5,random_multibudget,0.0,0.0,0.0,0.0
webservice1_memory_1625991808,webservice1,memory,web,0.5,random_multibudget,0.28,0.0,0.2,0.6
webservice1_memory_1626079674,webservice1,memory,web,0.5,random_multibudget,0.0,0.0,0.0,0.0
webservice1_memory_1626111467,webservice1,memory,web,0.5,random_multibudget,0.44000000000000006,0.0,0.4,1.0
webservice1_memory_1626198054,webservice1,memory,web,0.5,random_multibudget,0.36,0.2,0.4,0.4
webservice1_memory_1626236265,webservice1,memory,web,0.5,random_multibudget,0.12000000000000002,0.0,0.0,0.6
webservice1_memory_1626258904,webservice1,memory,web,0.5,random_multibudget,0.12,0.0,0.2,0.2
webservice1_memory_1626322165,webservice1,memory,web,0.5,random_multibudget,0.32,0.2,0.4,0.4
webservice1_memory_1626371978,webservice1,memory,web,0.5,random_multibudget,0.24,0.0,0.4,0.4
webservice1_memory_1626406508,webservice1,memory,web,0.5,random_multibudget,0.2,0.0,0.2,0.6
webservice1_memory_1626434165,webservice1,memory,web,0.5,random_multibudget,0.2,0.0,0.0,0.6
webservice1_memory_1626498601,webservice1,memory,web,0.5,random_multibudget,0.32,0.0,0.2,0.6
webservice1_memory_1626548045,webservice1,memory,web,0.5,random_multibudget,0.2,0.0,0.0,0.6
webservice1_memory_1626605103,webservice1,memory,web,0.5,random_multibudget,0.48,0.2,0.6,0.6
webservice1_memory_1626759297,webservice1,memory,web,0.5,random_multibudget,0.24,0.0,0.2,0.6
webservice1_memory_1626806854,webservice1,memory,web,0.5,random_multibudget,0.2,0.0,0.2,0.4
webservice1_memory_1626829989,webservice1,memory,web,0.5,random_multibudget,0.36,0.2,0.4,0.4
webservice1_memory_1626881411,webservice1,memory,web,0.5,random_multibudget,0.72,0.0,1.0,1.0
webservice1_memory_1626888666,webservice1,memory,web,0.5,random_multibudget,0.9199999999999999,0.6,1.0,1.0
webservice1_memory_1626917861,webservice1,memory,web,0.5,random_multibudget,0.12000000000000002,0.0,0.0,0.4
webservice1_memory_1626933556,webservice1,memory,web,0.5,random_multibudget,0.2,0.2,0.2,0.2
webservice1_memory_1626956223,webservice1,memory,web,0.5,random_multibudget,0.4,0.0,0.6,0.6
webservice1_memory_1626992148,webservice1,memory,web,0.5,random_multibudget,0.24000000000000005,0.0,0.2,0.4
webservice1_memory_1627046678,webservice1,memory,web,0.5,random_multibudget,0.16,0.0,0.2,0.4
webservice1_memory_1627057566,webservice1,memory,web,0.5,random_multibudget,0.24,0.2,0.2,0.4
webservice1_memory_1627079078,webservice1,memory,web,0.5,random_multibudget,0.24,0.2,0.2,0.4
webservice1_memory_1627100569,webservice1,memory,web,0.5,random_multibudget,0.24,0.0,0.4,0.4
webservice1_memory_1627122542,webservice1,memory,web,0.5,random_multibudget,0.44000000000000006,0.0,0.6,0.6
webservice1_memory_1627157039,webservice1,memory,web,0.5,random_multibudget,0.64,0.4,0.6,0.8
webservice1_memory_1627174739,webservice1,memory,web,0.5,random_multibudget,0.48,0.2,0.6,0.6
webservice1_memory_1627194266,webservice1,memory,web,0.5,random_multibudget,0.4,0.2,0.2,0.8
webservice1_memory_1627218977,webservice1,memory,web,0.5,random_multibudget,0.4,0.0,0.6,0.8
webservice1_memory_1627316277,webservice1,memory,web,0.5,random_multibudget,0.8,0.2,1.0,1.0
webservice1_memory_1627330168,webservice1,memory,web,0.5,random_multibudget,0.12000000000000002,0.0,0.0,0.4
webservice1_memory_1627342282,webservice1,memory,web,0.5,random_multibudget,0.48,0.2,0.6,0.6
webservice1_memory_1627361744,webservice1,memory,web,0.5,random_multibudget,0.4,0.0,0.6,0.6
webservice1_memory_1627381040,webservice1,memory,web,0.5,random_multibudget,0.32,0.0,0.4,0.4
webservice1_memory_1627399949,webservice1,memory,web,0.5,random_multibudget,0.52,0.4,0.6,0.6
webservice1_memory_1627427700,webservice1,memory,web,0.5,random_multibudget,0.04,0.0,0.0,0.2
webservice1_memory_1627539698,webservice1,memory,web,0.5,random_multibudget,0.08,0.0,0.0,0.2
webservice1_memory_1627672100,webservice1,memory,web,0.5,random_multibudget,0.27999999999999997,0.0,0.4,0.4
webservice1_memory_1627708025,webservice1,memory,web,0.5,random_multibudget,0.08,0.0,0.0,0.4
webservice1_memory_1627724870,webservice1,memory,web,0.5,random_multibudget,0.4,0.0,0.6,0.6
webservice1_memory_1627750701,webservice1,memory,web,0.5,random_multibudget,0.16,0.0,0.2,0.4
webservice2_cpu_1627270294,webservice2,cpu,web,0.5,random_multibudget,0.16,0.0,0.2,0.2
webservice2_errno111_1626750601,webservice2,errno111,web,0.5,random_multibudget,0.36,0.0,0.4,0.6
webservice2_errno111_1626750706,webservice2,errno111,web,0.5,random_multibudget,0.4,0.0,0.6,0.8
webservice2_file_move_1625361000,webservice2,file_move,web,0.5,random_multibudget,0.36,0.2,0.4,0.4
webservice2_file_move_1625386200,webservice2,file_move,web,0.5,random_multibudget,0.36,0.2,0.4,0.4
webservice2_file_move_1625501400,webservice2,file_move,web,0.5,random_multibudget,0.16,0.0,0.0,0.4
webservice2_file_move_1625559000,webservice2,file_move,web,0.5,random_multibudget,0.16,0.0,0.0,0.6
webservice2_file_move_1625587800,webservice2,file_move,web,0.5,random_multibudget,0.0,0.0,0.0,0.0
webservice2_file_move_1625793000,webservice2,file_move,web,0.5,random_multibudget,0.4,0.4,0.4,0.4
webservice2_file_move_1626163800,webservice2,file_move,web,0.5,random_multibudget,0.52,0.2,0.6,0.6
webservice2_file_move_1626264600,webservice2,file_move,web,0.5,random_multibudget,0.44000000000000006,0.2,0.6,0.6
webservice2_file_move_1626869400,webservice2,file_move,web,0.5,random_multibudget,0.72,0.4,0.8,0.8
webservice2_file_move_1626883800,webservice2,file_move,web,0.5,random_multibudget,0.44000000000000006,0.0,0.6,0.6
webservice2_file_move_1626927000,webservice2,file_move,web,0.5,random_multibudget,0.76,0.6,0.8,0.8
webservice2_file_move_1626955800,webservice2,file_move,web,0.5,random_multibudget,0.5599999999999999,0.4,0.6,0.6
webservice2_file_move_1627071001,webservice2,file_move,web,0.5,random_multibudget,0.4,0.4,0.4,0.4
webservice2_file_move_1627089000,webservice2,file_move,web,0.5,random_multibudget,0.52,0.2,0.6,0.6
webservice2_file_move_1627215000,webservice2,file_move,web,0.5,random_multibudget,0.48,0.2,0.6,0.6
webservice2_file_move_1627488601,webservice2,file_move,web,0.5,random_multibudget,0.6,0.0,0.8,0.8
webservice2_file_move_1627503000,webservice2,file_move,web,0.5,random_multibudget,0.6,0.6,0.6,0.6
webservice2_file_move_1627575000,webservice2,file_move,web,0.5,random_multibudget,1.0,1.0,1.0,1.0
webservice2_file_move_1627607400,webservice2,file_move,web,0.5,random_multibudget,0.6,0.6,0.6,0.6
webservice2_file_move_1627632600,webservice2,file_move,web,0.5,random_multibudget,0.52,0.2,0.6,0.6
webservice2_file_move_1627704600,webservice2,file_move,web,0.5,random_multibudget,0.68,0.2,0.8,0.8
webservice2_memory_1625138212,webservice2,memory,web,0.5,random_multibudget,0.08,0.0,0.0,0.4
webservice2_memory_1625154530,webservice2,memory,web,0.5,random_multibudget,0.12000000000000002,0.0,0.0,0.6
webservice2_memory_1625212312,webservice2,memory,web,0.5,random_multibudget,0.12000000000000002,0.0,0.0,0.6
webservice2_memory_1625325487,webservice2,memory,web,0.5,random_multibudget,0.12,0.0,0.2,0.2
webservice2_memory_1625367620,webservice2,memory,web,0.5,random_multibudget,0.08,0.0,0.0,0.2
webservice2_memory_1625381030,webservice2,memory,web,0.5,random_multibudget,0.44000000000000006,0.2,0.6,0.6
webservice2_memory_1625418006,webservice2,memory,web,0.5,random_multibudget,0.08,0.0,0.0,0.2
webservice2_memory_1625424557,webservice2,memory,web,0.5,random_multibudget,0.5599999999999999,0.2,0.6,0.8
webservice2_memory_1625614232,webservice2,memory,web,0.5,random_multibudget,0.2,0.2,0.2,0.2
webservice2_memory_1625649699,webservice2,memory,web,0.5,random_multibudget,0.24,0.0,0.2,0.6
webservice2_memory_1625734162,webservice2,memory,web,0.5,random_multibudget,0.08,0.0,0.0,0.2
webservice2_memory_1625744497,webservice2,memory,web,0.5,random_multibudget,0.27999999999999997,0.0,0.4,0.6
webservice2_memory_1625747511,webservice2,memory,web,0.5,random_multibudget,0.12000000000000002,0.0,0.0,0.4
webservice2_memory_1625777099,webservice2,memory,web,0.5,random_multibudget,0.6,0.6,0.6,0.6
webservice2_memory_1625806048,webservice2,memory,web,0.5,random_multibudget,0.28,0.0,0.2,0.6
webservice2_memory_1625856842,webservice2,memory,web,0.5,random_multibudget,0.44000000000000006,0.2,0.4,0.6
webservice2_memory_1625890558,webservice2,memory,web,0.5,random_multibudget,0.48,0.2,0.6,0.6
webservice2_memory_1625896703,webservice2,memory,web,0.5,random_multibudget,0.4,0.4,0.4,0.4
webservice2_memory_1626003242,webservice2,memory,web,0.5,random_multibudget,0.24000000000000005,0.0,0.0,0.6
webservice2_memory_1626007446,webservice2,memory,web,0.5,random_multibudget,0.27999999999999997,0.0,0.4,0.4
webservice2_memory_1626018521,webservice2,memory,web,0.5,random_multibudget,0.08,0.0,0.0,0.2
webservice2_memory_1626030740,webservice2,memory,web,0.5,random_multibudget,0.32,0.0,0.4,0.4
webservice2_memory_1626052978,webservice2,memory,web,0.5,random_multibudget,0.5599999999999999,0.0,0.8,0.8
webservice2_memory_1626097343,webservice2,memory,web,0.5,random_multibudget,0.36,0.0,0.4,0.6
webservice2_memory_1626104516,webservice2,memory,web,0.5,random_multibudget,0.56,0.2,0.6,0.8
webservice2_memory_1626204647,webservice2,memory,web,0.5,random_multibudget,0.08,0.0,0.0,0.2
webservice2_memory_1626267308,webservice2,memory,web,0.5,random_multibudget,0.12000000000000002,0.0,0.0,0.4
webservice2_memory_1626284568,webservice2,memory,web,0.5,random_multibudget,0.4,0.0,0.2,0.8
webservice2_memory_1626288105,webservice2,memory,web,0.5,random_multibudget,0.24,0.0,0.2,0.6
webservice2_memory_1626314797,webservice2,memory,web,0.5,random_multibudget,0.16,0.0,0.2,0.2
webservice2_memory_1626374035,webservice2,memory,web,0.5,random_multibudget,0.27999999999999997,0.0,0.4,0.4
webservice2_memory_1626417018,webservice2,memory,web,0.5,random_multibudget,0.2,0.0,0.2,0.4
webservice2_memory_1626427252,webservice2,memory,web,0.5,random_multibudget,0.16,0.0,0.2,0.4
webservice2_memory_1626506288,webservice2,memory,web,0.5,random_multibudget,0.04,0.0,0.0,0.2
webservice2_memory_1626525063,webservice2,memory,web,0.5,random_multibudget,0.32,0.0,0.4,0.6
webservice2_memory_1626589456,webservice2,memory,web,0.5,random_multibudget,0.27999999999999997,0.2,0.2,0.4
webservice2_memory_1626787776,webservice2,memory,web,0.5,random_multibudget,0.27999999999999997,0.0,0.4,0.4
webservice2_memory_1626817432,webservice2,memory,web,0.5,random_multibudget,0.27999999999999997,0.0,0.4,0.4
webservice2_memory_1626850836,webservice2,memory,web,0.5,random_multibudget,0.08,0.0,0.0,0.2
webservice2_memory_1626869243,webservice2,memory,web,0.5,random_multibudget,0.4,0.4,0.4,0.4
webservice2_memory_1626905392,webservice2,memory,web,0.5,random_multibudget,0.08,0.0,0.0,0.2
webservice2_memory_1626939504,webservice2,memory,web,0.5,random_multibudget,0.44000000000000006,0.2,0.4,0.6
webservice2_memory_1627032836,webservice2,memory,web,0.5,random_multibudget,0.24000000000000005,0.0,0.0,0.8
webservice2_memory_1627085325,webservice2,memory,web,0.5,random_multibudget,0.44000000000000006,0.0,0.4,0.8
webservice2_memory_1627091294,webservice2,memory,web,0.5,random_multibudget,0.27999999999999997,0.0,0.2,0.8
webservice2_memory_1627100690,webservice2,memory,web,0.5,random_multibudget,0.12000000000000002,0.0,0.0,0.4
webservice2_memory_1627119052,webservice2,memory,web,0.5,random_multibudget,0.4,0.0,0.6,0.6
webservice2_memory_1627196935,webservice2,memory,web,0.5,random_multibudget,0.16,0.0,0.0,0.4
webservice2_memory_1627217059,webservice2,memory,web,0.5,random_multibudget,0.24000000000000005,0.0,0.2,0.4
webservice2_memory_1627286385,webservice2,memory,web,0.5,random_multibudget,0.27999999999999997,0.0,0.4,0.6
webservice2_memory_1627323573,webservice2,memory,web,0.5,random_multibudget,0.32,0.2,0.2,0.6
webservice2_memory_1627354358,webservice2,memory,web,0.5,random_multibudget,0.4800000000000001,0.0,0.4,1.0
webservice2_memory_1627372277,webservice2,memory,web,0.5,random_multibudget,0.08,0.0,0.0,0.2
webservice2_memory_1627423928,webservice2,memory,web,0.5,random_multibudget,0.0,0.0,0.0,0.0
webservice2_memory_1627432266,webservice2,memory,web,0.5,random_multibudget,0.08,0.0,0.0,0.2
webservice2_memory_1627459375,webservice2,memory,web,0.5,random_multibudget,0.36,0.0,0.6,0.6
webservice2_memory_1627485396,webservice2,memory,web,0.5,random_multibudget,0.24000000000000005,0.0,0.0,0.6
webservice2_memory_1627546421,webservice2,memory,web,0.5,random_multibudget,0.52,0.2,0.6,0.6
webservice2_memory_1627570264,webservice2,memory,web,0.5,random_multibudget,0.4800000000000001,0.2,0.4,0.8
webservice2_memory_1627718583,webservice2,memory,web,0.5,random_multibudget,0.27999999999999997,0.0,0.2,1.0
webservice2_memory_1627731038,webservice2,memory,web,0.5,random_multibudget,0.08,0.0,0.0,0.2
webservice2_memory_1627742508,webservice2,memory,web,0.5,random_multibudget,0.48,0.0,0.6,0.8
webservice2_memory_1627752181,webservice2,memory,web,0.5,random_multibudget,0.32,0.0,0.4,0.4
